Rk;Player;Nation;Pos;Squad;Age;Born;90s;Matches;Touches_per90;Def Pen_per90;Def 3rd_per90;Mid 3rd_per90;Att 3rd_per90;Att Pen_per90;Live_per90;Att_per90;Succ_per90;Succ%_per90;Tkld_per90;Tkld%_per90;Carries_per90;TotDist_per90;PrgDist_per90;PrgC_per90;1/3_per90;CPA_per90;Mis_per90;Dis_per90;Rec_per90;PrgR_per90;SCA_per90;SCA90_per90;PassLive_per90;PassDead_per90;TO_per90;Sh_per90;Fld_per90;Def_per90;GCA_per90;GCA90_per90;PassLive.1_per90;PassDead.1_per90;TO.1_per90;Sh.1_per90;Fld.1_per90;Def.1_per90
110;Adam Dźwigała;pl POL;DF,MF;St. Pauli;29-241;1995,0;4,1;Matches;68,29;7,32;25,85;33,66;8,78;1,46;68,29;0,49;0,24;12,2;0,24;12,2;26,83;88,54;40,0;0,24;0,0;0,0;0,49;0,49;37,07;0,98;1,22;0,3;1,22;0,0;0,0;0,0;0,0;0,0;0,0;0,0;0,0;0,0;0,0;0,0;0,0;0,0
169;Adam Hložek;cz CZE;FW,MF;Hoffenheim;22-303;2002,0;20,8;Matches;36,59;0,96;3,51;16,06;17,64;5,48;36,59;3,08;1,59;2,48;1,3;2,03;20,62;126,01;64,23;2,6;1,49;0,91;2,45;1,78;26,54;4,9;2,74;0,13;1,97;0,05;0,34;0,19;0,19;0,0;0,48;0,02;0,29;0,05;0,1;0,05;0,0;0,0
34;Adrian Beck;de GER;MF,FW;Heidenheim;27-349;1997,0;17,8;Matches;54,04;1,29;10,34;28,2;16,63;2,98;54,04;4,21;2,25;2,99;1,69;2,25;31,07;172,87;66,97;2,08;0,96;0,62;2,36;1,46;32,81;4,66;3,15;0,18;2,08;0,22;0,56;0,22;0,06;0,0;0,22;0,01;0,11;0,06;0,06;0,0;0,0;0,0
342;Alassane Pléa;fr FRA;MF,FW;Gladbach;32-075;1993,0;21,1;Matches;46,4;0,14;3,84;23,41;19,53;3,65;46,35;2,04;0,81;1,87;1,09;2,54;28,48;145,4;80,47;2,42;1,47;0,66;1,9;1,04;36,64;6,68;3,41;0,16;2,75;0,09;0,24;0,05;0,24;0,05;0,66;0,03;0,47;0,05;0,09;0,0;0,05;0,0
128;Aleix García;es ESP;MF;Leverkusen;27-330;1997,0;16,2;Matches;92,78;2,78;13,89;51,3;27,9;0,68;92,78;0,31;0,25;4,94;0,06;1,23;48,58;213,77;100,8;1,67;2,1;0,06;0,62;0,31;72,16;2,9;3,7;0,23;2,41;0,99;0,0;0,25;0,0;0,06;0,62;0,04;0,31;0,19;0,0;0,12;0,0;0,0
332;Aleksandar Pavlovic;de GER;MF;Bayern Munich;21-021;2004,0;16,1;Matches;102,36;1,06;12,05;68,32;22,55;0,68;102,36;0,31;0,31;6,21;0,0;0,0;64,29;270,81;123,23;0,93;2,67;0,19;0,81;0,12;87,02;2,05;1,86;0,12;1,8;0,0;0,0;0,06;0,0;0,0;0,19;0,01;0,19;0,0;0,0;0,0;0,0;0,0
46;Alexander Bernhardsson;se SWE;FW,MF;Holstein Kiel;26-258;1998,0;14,0;Matches;37,14;1,64;7,79;15,93;14,43;2,93;37,14;3,79;1,57;2,96;1,86;3,51;18,86;117,86;59,93;1,79;1,36;0,93;2,57;1,29;21,71;5,14;2,57;0,18;1,5;0,36;0,29;0,29;0,07;0,07;0,5;0,04;0,14;0,0;0,14;0,07;0,07;0,07
309;Alexander Nübel;de GER;GK;Stuttgart;28-236;1996,0;34,0;Matches;40,5;32,74;40,18;0,38;0,0;0,0;40,5;0,03;0,03;2,94;0,0;0,0;24,21;112,71;66,32;0,0;0,0;0,0;0,03;0,0;23,68;0,0;0,29;0,01;0,24;0,06;0,0;0,0;0,0;0,0;0,09;0,0;0,09;0,0;0,0;0,0;0,0;0,0
345;Alexander Prass;at AUT;DF;Hoffenheim;23-363;2001,0;17,4;Matches;68,91;4,08;20,17;30,52;18,68;1,84;68,91;2,41;1,15;2,74;0,98;2,33;34,77;159,37;76,26;1,61;1,72;0,29;1,21;0,57;39,6;3,79;2,01;0,12;1,67;0,06;0,23;0,0;0,06;0,0;0,29;0,02;0,17;0,06;0,0;0,0;0,06;0,0
390;Alexander Schwolow;de GER;GK;Union Berlin;32-356;1992,0;6,0;Matches;36,33;29,5;36,33;0,0;0,0;0,0;36,33;0,0;0,0;;0,0;;23,0;98,5;53,67;0,0;0,0;0,0;0,0;0,0;20,5;0,0;0,0;0,0;0,0;0,0;0,0;0,0;0,0;0,0;0,0;0,0;0,0;0,0;0,0;0,0;0,0;0,0
82;Alexis Claude-Maurice;fr FRA;MF,FW;Augsburg;26-352;1998,0;23,4;Matches;42,48;0,56;4,79;20,47;18,42;2,74;42,48;3,85;1,79;2,0;1,71;1,9;26,45;172,61;80,68;2,52;2,01;0,38;3,63;2,14;31,07;4,36;3,29;0,14;2,31;0,04;0,34;0,13;0,47;0,0;0,26;0,01;0,13;0,0;0,04;0,0;0,09;0,0
213;Aljoscha Kemlein;de GER;MF;Union Berlin;20-295;2004,0;10,2;Matches;53,82;1,57;11,47;32,45;10,29;1,76;53,82;0,88;0,59;6,54;0,29;3,26;25,49;93,33;42,84;0,49;0,49;0,1;1,08;0,1;32,25;1,86;2,06;0,2;1,76;0,2;0,0;0,0;0,0;0,1;0,2;0,02;0,1;0,0;0,0;0,0;0,0;0,1
95;Alphonso Davies;ca CAN;DF;Bayern Munich;24-203;2000,0;17,3;Matches;84,57;1,91;15,2;41,62;28,79;2,83;84,57;3,93;1,79;2,64;1,79;2,64;51,73;300,06;162,25;4,68;3,06;1,21;1,91;1,1;61,1;8,09;3,53;0,2;3,01;0,0;0,23;0,17;0,12;0,0;0,46;0,03;0,35;0,0;0,06;0,06;0,0;0,0
161;Amadou Haidara;ml MLI;MF;RB Leipzig;27-113;1998,0;14,7;Matches;74,83;4,22;17,48;47,14;10,68;0,95;74,83;0,82;0,48;3,97;0,34;2,84;34,35;122,52;49,86;0,48;0,41;0,0;0,41;0,48;47,01;1,63;1,97;0,13;1,77;0,0;0,0;0,14;0,07;0,0;0,2;0,01;0,14;0,0;0,0;0,07;0,0;0,0
92;Ameen Al-Dakhil;be BEL;DF;Stuttgart;23-079;2002,0;4,8;Matches;84,79;13,96;45,21;38,54;1,25;0,0;84,79;0,0;0,0;;0,0;;49,79;271,88;128,33;0,21;0,0;0,0;0,62;0,0;55,0;0,0;0,83;0,17;0,62;0,0;0,0;0,21;0,0;0,0;0,0;0,0;0,0;0,0;0,0;0,0;0,0;0,0
3;Amine Adli;ma MAR;MF,FW;Leverkusen;25-014;2000,0;8,5;Matches;55,06;0,47;4,71;17,88;33,65;6,24;55,06;3,76;1,76;5,52;1,88;5,88;29,18;176,59;98,59;4,35;2,94;1,29;2,35;0,71;41,18;11,76;3,41;0,4;2,24;0,0;0,24;0,47;0,47;0,0;0,0;0,0;0,0;0,0;0,0;0,0;0,0;0,0
340;Amos Pieper;de GER;DF;Werder Bremen;27-127;1998,0;16,6;Matches;68,43;10,12;35,84;29,04;3,61;0,66;68,43;0,18;0,12;4,02;0,06;2,01;34,34;144,76;66,87;0,66;0,42;0,0;0,24;0,18;40,42;0,18;0,3;0,02;0,3;0,0;0,0;0,0;0,0;0,0;0,0;0,0;0,0;0,0;0,0;0,0;0,0;0,0
162;Andreas Hanche-Olsen;no NOR;DF;Mainz 05;28-127;1997,0;14,3;Matches;56,78;7,97;31,68;22,73;2,66;1,47;56,78;0,07;0,07;6,99;0,0;0,0;27,55;104,41;40,63;0,14;0,28;0,0;0,56;0,21;32,8;0,35;0,35;0,02;0,21;0,0;0,0;0,14;0,0;0,0;0,07;0,0;0,07;0,0;0,0;0,0;0,0;0,0
407;Andreas Skov Olsen;dk DEN;FW,MF;Wolfsburg;25-146;1999,0;5,9;Matches;55,76;1,53;10,85;18,98;26,1;4,58;55,76;2,37;0,68;4,85;1,53;10,9;31,86;186,78;96,61;3,73;1,86;1,19;1,19;0,85;38,31;8,14;5,42;0,91;4,07;0,68;0,17;0,34;0,17;0,0;0,17;0,03;0,0;0,17;0,0;0,0;0,0;0,0
185;Andrej Ilic;rs SRB;FW;Union Berlin;25-051;2000,0;10,4;Matches;29,04;0,96;3,08;13,37;12,98;4,33;28,94;0,67;0,1;1,38;0,58;8,24;14,52;53,85;16,06;0,48;0,58;0,38;3,08;0,87;20,1;5,67;1,44;0,14;0,87;0,0;0,1;0,29;0,19;0,0;0,19;0,02;0,1;0,0;0,0;0,1;0,0;0,0
231;Andrej Kramarić;hr CRO;MF,FW;Hoffenheim;33-339;1991,0;30,7;Matches;50,62;0,36;5,73;23,29;22,02;4,27;50,52;1,53;0,65;1,39;0,72;1,52;30,55;164,4;82,54;2,44;1,79;0,72;1,5;1,24;37,56;6,58;3,32;0,11;2,54;0,42;0,07;0,23;0,07;0,0;0,46;0,01;0,36;0,03;0,0;0,03;0,03;0,0
381;András Schäfer;hu HUN;MF;Union Berlin;26-041;1999,0;17,0;Matches;47,0;2,29;10,88;24,12;12,41;1,18;47,0;1,71;0,76;2,64;0,76;2,64;21,29;99,82;41,06;1,35;0,94;0,24;1,59;0,53;23,53;2,47;1,71;0,1;1,24;0,0;0,06;0,06;0,29;0,06;0,18;0,01;0,12;0,0;0,06;0,0;0,0;0,0
397;André Silva;pt POR;FW;Werder Bremen;29-199;1995,0;4,2;Matches;41,9;0,95;2,62;18,57;21,19;6,19;41,43;3,81;0,24;1,5;2,86;17,86;24,52;125,95;47,38;1,43;1,43;0,95;3,1;2,14;29,52;6,67;3,57;0,86;2,62;0,0;0,24;0,48;0,24;0,0;0,24;0,06;0,24;0,0;0,0;0,0;0,0;0,0
418;Angelo Stiller;de GER;MF;Stuttgart;24-050;2001,0;30,5;Matches;91,18;2,46;15,93;57,44;18,23;1,15;91,18;0,98;0,66;2,19;0,33;1,09;52,07;236,52;122,07;1,28;1,28;0,1;0,69;0,82;69,25;2,26;3,64;0,12;2,89;0,56;0,07;0,0;0,1;0,03;0,33;0,01;0,26;0,07;0,0;0,0;0,0;0,0
78;Anrie Chase;jp JPN;DF;Stuttgart;21-061;2004,0;8,2;Matches;75,85;7,93;30,85;40,73;4,88;0,49;75,85;0,61;0,24;4,88;0,37;7,32;40,73;147,44;66,59;0,73;0,85;0,0;0,49;0,12;55,24;0,24;0,98;0,12;0,85;0,0;0,0;0,12;0,0;0,0;0,0;0,0;0,0;0,0;0,0;0,0;0,0;0,0
219;Ansgar Knauff;de GER;MF,DF;Eint Frankfurt;23-134;2002,0;17,7;Matches;43,79;1,13;7,97;17,51;18,98;4,24;43,79;3,16;1,47;2,62;1,41;2,52;24,58;145,42;86,21;2,99;1,98;1,07;2,66;0,96;26,95;8,25;3,5;0,2;2,15;0,0;0,68;0,23;0,34;0,11;0,56;0,03;0,28;0,0;0,17;0,06;0,0;0,06
69;Anthony Caci;fr FRA;DF;Mainz 05;27-327;1997,0;29,8;Matches;66,21;2,35;13,36;29,66;23,79;2,08;66,21;2,15;0,97;1,52;1,04;1,62;32,21;123,49;55,37;1,51;0,84;0,44;1,48;0,81;38,96;5,1;3,19;0,11;2,45;0,57;0,07;0,07;0,0;0,03;0,37;0,01;0,37;0,0;0,0;0,0;0,0;0,0
198;Anthony Jung;de GER;DF;Werder Bremen;33-202;1991,0;21,1;Matches;80,33;10,95;42,7;34,74;3,41;0,05;80,33;0,43;0,33;3,69;0,05;0,53;49,48;224,12;110,05;0,95;0,95;0,0;0,62;0,09;55,21;0,28;0,66;0,03;0,66;0,0;0,0;0,0;0,0;0,0;0,05;0,0;0,05;0,0;0,0;0,0;0,0;0,0
248;Anthony Losilla;fr FRA;MF;Bochum;39-075;1986,0;12,6;Matches;43,41;2,94;11,83;24,84;7,06;0,16;43,41;0,4;0,08;1,59;0,32;6,35;17,7;64,29;25,87;0,24;0,24;0,08;0,79;0,56;22,54;0,87;1,51;0,12;1,43;0,0;0,0;0,0;0,08;0,0;0,16;0,01;0,16;0,0;0,0;0,0;0,0;0,0
365;Anthony Rouault;fr FRA;DF;Stuttgart;23-360;2001,0;13,5;Matches;75,11;9,26;37,93;35,26;2,44;0,81;75,11;0,37;0,15;2,96;0,22;4,44;42,44;188,52;83,04;0,44;0,44;0,0;0,3;0,3;51,63;0,3;0,81;0,06;0,67;0,0;0,0;0,0;0,07;0,07;0,0;0,0;0,0;0,0;0,0;0,0;0,0;0,0
411;Anton Stach;de GER;MF,DF;Hoffenheim;26-190;1998,0;28,7;Matches;67,07;4,91;20,14;37,53;10,17;1,11;67,07;1,22;0,52;1,49;0,63;1,79;34,91;181,92;102,16;1,15;1,08;0,17;0,8;0,35;39,58;1,25;2,2;0,08;1,74;0,03;0,14;0,14;0,1;0,03;0,17;0,01;0,17;0,0;0,0;0,0;0,0;0,0
310;Antonio Nusa;no NOR;MF,DF;RB Leipzig;20-037;2005,0;17,3;Matches;46,36;1,1;7,92;18,27;20,92;3,12;46,36;4,97;2,25;2,62;2,25;2,62;27,75;182,89;94,45;3,29;2,08;1,5;2,2;1,79;32,2;7,11;2,37;0,14;1,68;0,0;0,46;0,0;0,23;0,0;0,29;0,02;0,23;0,0;0,0;0,0;0,06;0,0
136;Armin Gigovic;ba BIH;MF;Holstein Kiel;23-048;2002,0;21,1;Matches;44,31;2,65;11,37;24,12;9,53;1,8;44,31;2,61;0,95;1,73;1,23;2,24;22,56;141,52;60,09;1,75;1,09;0,33;2,13;1,09;25,4;2,13;1,85;0,09;1,37;0,09;0,05;0,05;0,28;0,0;0,33;0,02;0,14;0,05;0,05;0,0;0,09;0,0
394;Armindo Sieb;de GER;FW,MF;Mainz 05;22-096;2003,0;8,5;Matches;39,18;0,47;3,88;17,29;18,35;5,41;39,18;4,24;1,29;3,6;2,82;7,85;21,65;139,65;64,82;3,29;0,82;0,94;3,88;2,94;28,0;7,53;2,0;0,24;1,18;0,0;0,24;0,47;0,12;0,0;0,47;0,06;0,35;0,0;0,0;0,12;0,0;0,0
253;Arne Maier;de GER;MF;Augsburg;26-136;1999,0;10,4;Matches;67,21;1,54;9,9;31,44;26,44;2,02;67,21;1,54;0,67;4,21;0,87;5,41;37,5;167,31;79,13;1,83;1,73;0,48;2,02;0,87;43,37;5,38;4,23;0,41;2,4;1,63;0,0;0,19;0,0;0,0;0,38;0,04;0,1;0,19;0,0;0,1;0,0;0,0
18;Arthur;br BRA;DF;Leverkusen;22-068;2003,0;8,4;Matches;60,48;1,79;14,17;26,19;20,6;1,55;60,48;2,86;0,6;2,48;2,26;9,43;28,81;150,48;83,1;1,79;1,67;0,24;1,55;0,71;36,79;6,31;0,83;0,1;0,83;0,0;0,0;0,0;0,0;0,0;0,12;0,01;0,12;0,0;0,0;0,0;0,0;0,0
79;Arthur Chaves;br BRA;DF;Hoffenheim;24-115;2001,0;24,3;Matches;62,26;7,16;27,57;30,7;4,57;0,91;62,26;0,41;0,12;1,23;0,25;2,47;30,45;119,05;54,07;0,41;0,7;0,0;0,45;0,45;37,82;0,53;0,95;0,04;0,78;0,0;0,0;0,08;0,04;0,04;0,04;0,0;0,0;0,0;0,0;0,04;0,0;0,0
429;Arthur Theate;be BEL;DF;Eint Frankfurt;24-364;2000,0;30,0;Matches;74,33;7,9;30,07;37,8;7,1;1,1;74,33;0,43;0,33;2,56;0,1;0,77;44,03;209,9;120,37;1,67;1,2;0,03;0,7;0,23;47,7;0,8;1,57;0,05;1,17;0,03;0,0;0,2;0,1;0,07;0,23;0,01;0,2;0,0;0,0;0,03;0,0;0,0
457;Arthur Vermeeren;be BEL;MF;RB Leipzig;20-106;2005,0;17,5;Matches;63,37;2,63;14,29;38,23;11,49;0,34;63,37;0,86;0,34;2,29;0,51;3,43;30,63;124,23;56,69;0,8;0,91;0,06;1,09;0,69;43,03;1,14;1,6;0,09;1,54;0,0;0,0;0,0;0,0;0,06;0,11;0,01;0,11;0,0;0,0;0,0;0,0;0,0
463;Aster Vranckx;be BEL;MF;Wolfsburg;22-232;2002,0;6,2;Matches;44,52;4,84;15,16;24,03;5,97;0,65;44,52;0,97;0,81;13,44;0,16;2,69;19,84;78,55;33,23;0,81;0,32;0,0;2,1;0,81;23,23;0,97;0,97;0,16;0,81;0,0;0,0;0,0;0,16;0,0;0,16;0,03;0,16;0,0;0,0;0,0;0,0;0,0
208;Atakan Karazor;;MF;Stuttgart;28-223;1996,0;29,1;Matches;72,99;2,96;14,33;46,77;12,34;0,93;72,99;0,72;0,41;1,96;0,14;0,65;38,21;160,69;68,28;0,65;1,13;0,03;1,03;0,55;49,0;1,13;1,48;0,05;1,17;0,03;0,0;0,1;0,1;0,07;0,24;0,01;0,17;0,0;0,0;0,03;0,0;0,03
436;Bazoumana Touré;ci CIV;FW,MF;Hoffenheim;19-083;2006,0;6,8;Matches;42,79;0,59;5,44;15,44;22,94;5,29;42,79;3,24;1,76;8,01;1,32;6,01;26,91;172,79;85,29;3,53;1,76;1,62;5,29;1,18;29,12;8,24;3,68;0,54;2,5;0,0;0,44;0,44;0,15;0,15;0,59;0,09;0,44;0,0;0,0;0,0;0,0;0,15
93;Bence Dárdai;hu HUN;MF;Wolfsburg;19-120;2006,0;14,5;Matches;41,03;1,72;9,93;21,66;9,45;1,24;41,03;0,83;0,21;1,72;0,34;2,88;19,79;70,14;26,34;0,34;0,41;0,0;1,24;0,76;23,24;1,66;1,66;0,11;1,17;0,0;0,0;0,28;0,21;0,0;0,14;0,01;0,07;0,0;0,0;0,0;0,07;0,0
174;Benedict Hollerbach;de GER;FW,MF;Union Berlin;24-007;2001,0;28,2;Matches;39,43;0,67;4,43;15,82;20,11;4,89;39,43;4,08;1,49;1,29;2,2;1,91;25,18;193,69;91,56;3,65;2,41;1,84;3,94;3,33;27,7;7,59;2,8;0,1;1,74;0,04;0,43;0,35;0,21;0,04;0,25;0,01;0,11;0,0;0,04;0,04;0,07;0,0
137;Benedikt Gimber;de GER;DF;Heidenheim;28-094;1997,0;29,7;Matches;55,32;6,7;31,62;22,36;1,99;0,74;55,32;0,54;0,27;1,68;0,13;0,84;29,12;127,41;56,33;0,24;0,3;0,0;0,84;0,24;32,49;0,27;0,51;0,02;0,4;0,0;0,0;0,03;0,03;0,03;0,03;0,0;0,0;0,0;0,0;0,0;0,03;0,0
339;Benedikt Pichler;at AUT;FW;Holstein Kiel;27-308;1997,0;8,7;Matches;35,63;1,49;3,33;17,13;15,29;5,06;35,63;2,07;0,92;5,1;1,03;5,75;17,47;99,2;44,02;2,07;0,8;0,92;2,64;1,38;26,44;6,67;3,45;0,4;2,3;0,11;0,23;0,57;0,23;0,0;0,34;0,04;0,23;0,0;0,11;0,0;0,0;0,0
166;Benjamin Henrichs;de GER;DF;RB Leipzig;28-090;1997,0;10,4;Matches;58,27;4,04;18,17;25,87;14,81;0,77;58,27;1,25;0,87;6,65;0,38;2,96;27,88;123,56;42,12;0,87;0,67;0,0;0,87;0,58;33,17;5,29;1,92;0,19;1,73;0,1;0,0;0,1;0,0;0,0;0,38;0,04;0,38;0,0;0,0;0,0;0,0;0,0
393;Benjamin Šeško;si SVN;FW,MF;RB Leipzig;21-358;2003,0;26,4;Matches;34,13;0,95;3,41;17,92;13,52;3,45;34,05;2,84;1,48;1,97;1,21;1,62;16,82;101,14;46,59;1,78;1,1;0,53;2,5;2,08;26,21;5,34;1,93;0,07;1,17;0,0;0,42;0,27;0,08;0,0;0,34;0,01;0,15;0,0;0,08;0,08;0,04;0,0
45;Bernardo;br BRA;DF;Bochum;30-010;1995,0;19,8;Matches;63,08;5,96;27,93;30,56;4,95;1,41;63,08;0,25;0,15;3,03;0,1;2,02;31,82;159,8;74,49;0,71;0,35;0,05;0,56;0,4;35,0;0,71;1,11;0,06;0,91;0,05;0,0;0,1;0,0;0,05;0,0;0,0;0,0;0,0;0,0;0,0;0,0;0,0
492;Budu Zivzivadze;ge GEO;FW;Heidenheim;31-075;1994,0;10,6;Matches;31,32;0,66;2,45;14,91;14,34;3,49;31,32;2,83;0,85;2,83;1,79;5,97;17,45;85,28;34,91;1,04;1,13;0,19;2,55;1,51;20,66;4,06;2,45;0,23;2,08;0,0;0,09;0,09;0,09;0,09;0,38;0,04;0,28;0,0;0,0;0,09;0,0;0,0
448;Can Uzun;tr TUR;MF,FW;Eint Frankfurt;19-194;2005,0;7,5;Matches;52,67;0,53;4,4;25,47;23,2;4,13;52,67;2,93;1,47;6,67;1,2;5,45;35,33;182,4;69,73;1,47;1,73;0,53;2,53;1,87;42,0;6,0;5,07;0,67;3,2;0,27;0,8;0,4;0,13;0,27;0,4;0,05;0,27;0,0;0,0;0,0;0,0;0,13
197;Carl Johansson;se SWE;DF;Holstein Kiel;31-001;1994,0;6,3;Matches;62,86;14,6;42,06;19,05;2,38;1,75;62,86;0,0;0,0;;0,0;;24,6;78,25;30,0;0,0;0,0;0,0;0,32;0,0;34,6;0,0;1,27;0,2;1,27;0,0;0,0;0,0;0,0;0,0;0,0;0,0;0,0;0,0;0,0;0,0;0,0;0,0
56;Carlo Boukhalfa;ma MAR;MF;St. Pauli;26-021;1999,0;18,3;Matches;35,57;1,53;6,45;17,21;12,13;1,58;35,57;1,53;0,66;2,34;0,87;3,12;15,85;70,0;26,56;0,55;0,49;0,16;1,69;1,09;21,48;2,4;1,97;0,11;1,37;0,0;0,05;0,33;0,16;0,05;0,11;0,01;0,11;0,0;0,0;0,0;0,0;0,0
250;Castello Lukeba;fr FRA;DF;RB Leipzig;22-158;2002,0;17,5;Matches;82,57;7,14;31,83;44,11;7,54;0,8;82,57;1,83;1,14;3,57;0,46;1,43;46,06;202,57;110,0;1,03;1,2;0,11;1,14;0,63;56,74;1,31;0,97;0,06;0,8;0,06;0,11;0,0;0,0;0,0;0,06;0,0;0,06;0,0;0,0;0,0;0,0;0,0
489;Cedric Zesiger;ch SUI;DF;Augsburg;26-334;1998,0;13,6;Matches;56,69;7,43;25,07;27,28;4,49;0,66;56,69;0,29;0,07;1,84;0,22;5,51;29,26;128,68;59,93;0,29;0,66;0,0;0,59;0,22;31,18;0,51;0,96;0,07;0,81;0,07;0,0;0,07;0,0;0,0;0,22;0,02;0,22;0,0;0,0;0,0;0,0;0,0
490;Cedric Zesiger;ch SUI;DF;Wolfsburg;26-334;1998,0;5,8;Matches;52,24;8,28;26,38;22,59;3,28;0,0;52,24;0,52;0,52;17,24;0,0;0,0;23,28;112,59;51,55;0,52;0,0;0,0;0,17;0,17;26,55;0,34;2,24;0,17;1,9;0,17;0,0;0,17;0,0;0,0;0,52;0,04;0,52;0,0;0,0;0,0;0,0;0,0
125;Chris Führich;de GER;MF,FW;Stuttgart;27-135;1998,0;22,0;Matches;55,45;0,91;4,95;19,91;31,23;5,23;55,45;3,86;1,82;2,14;1,91;2,25;35,55;276,68;143,68;5,18;3,09;2,45;1,68;1,18;41,14;9,18;3,86;0,18;3,09;0,27;0,18;0,32;0,0;0,0;0,36;0,02;0,27;0,05;0,0;0,05;0,0;0,0
267;Chrislain Matsima;fr FRA;DF;Augsburg;23-009;2002,0;28,3;Matches;58,98;8,09;24,73;29,89;4,88;0,85;58,98;0,42;0,25;2,06;0,14;1,18;32,16;125,72;61,17;0,49;0,64;0,07;0,71;0,32;34,95;0,46;0,6;0,02;0,6;0,0;0,0;0,0;0,0;0,0;0,04;0,0;0,04;0,0;0,0;0,0;0,0;0,0
158;Christian Günter;de GER;DF;Freiburg;32-085;1993,0;25,7;Matches;50,74;2,45;14,01;20,27;16,61;1,05;50,74;0,35;0,12;1,3;0,23;2,6;21,75;82,68;37,74;0,74;0,74;0,27;0,58;0,16;29,73;4,24;2,06;0,08;1,56;0,31;0,0;0,12;0,08;0,0;0,16;0,01;0,12;0,04;0,0;0,0;0,0;0,0
32;Christoph Baumgartner;at AUT;MF;RB Leipzig;25-296;1999,0;17,9;Matches;50,84;2,74;9,33;25,2;17,37;3,63;50,84;2,35;0,95;2,26;1,06;2,53;24,47;143,91;80,11;2,07;1,96;0,39;2,63;1,73;32,12;5,31;2,35;0,13;1,73;0,0;0,17;0,34;0,06;0,06;0,34;0,02;0,17;0,0;0,06;0,11;0,0;0,0
441;Christopher Trimmel;at AUT;DF,MF;Union Berlin;38-089;1987,0;19,3;Matches;50,73;4,72;15,54;22,12;13,26;0,67;50,73;0,41;0,1;1,3;0,26;3,24;18,91;81,97;35,8;0,93;0,36;0,1;0,52;0,41;21,92;2,33;2,95;0,15;1,55;1,3;0,0;0,05;0,05;0,0;0,31;0,02;0,16;0,16;0,0;0,0;0,0;0,0
272;Connor Metcalfe;au AUS;MF,FW;St. Pauli;25-200;1999,0;4,0;Matches;39,0;2,5;9,5;17,25;13,0;1,0;39,0;1,5;0,75;12,5;0,25;4,18;14,5;74,0;41,25;1,5;1,25;0,5;1,25;0,0;20,0;2,75;1,5;0,38;0,5;0,5;0,0;0,0;0,5;0,0;0,0;0,0;0,0;0,0;0,0;0,0;0,0;0,0
401;Danel Sinani;lu LUX;FW,MF;St. Pauli;28-049;1997,0;13,9;Matches;49,86;0,79;4,39;24,17;21,73;2,16;49,86;1,58;0,72;3,27;0,65;2,94;21,37;103,6;45,32;1,15;1,08;0,43;2,23;1,15;31,15;4,6;4,32;0,31;2,3;1,29;0,07;0,36;0,22;0,07;0,29;0,02;0,22;0,0;0,0;0,07;0,0;0,0
479;Dani de Wit;nl NED;MF,FW;Bochum;27-116;1998,0;12,8;Matches;43,59;2,11;7,58;24,61;11,41;2,89;43,59;0,62;0,08;0,98;0,39;4,88;19,06;63,67;24,61;0,39;0,31;0,0;0,86;0,23;24,3;2,89;1,72;0,13;1,09;0,08;0,0;0,31;0,16;0,08;0,16;0,01;0,0;0,0;0,0;0,08;0,08;0,0
422;Daniel Svensson;se SWE;DF,FW;Dortmund;23-101;2002,0;8,7;Matches;66,67;2,76;16,78;24,6;25,75;2,87;66,67;0,57;0,11;2,3;0,34;6,9;34,83;132,76;64,02;1,26;0,69;0,57;0,69;0,8;41,15;5,86;2,3;0,26;1,84;0,46;0,0;0,0;0,0;0,0;0,34;0,04;0,34;0,0;0,0;0,0;0,0;0,0
103;Danilho Doekhi;nl NED;DF;Union Berlin;26-328;1998,0;34,0;Matches;48,65;5,35;23,03;21,74;4,21;1,88;48,65;0,15;0,09;1,76;0,03;0,59;25,97;117,24;58,47;0,38;0,29;0,0;0,38;0,18;29,41;0,41;0,94;0,03;0,62;0,0;0,0;0,24;0,06;0,03;0,12;0,0;0,06;0,0;0,0;0,06;0,0;0,0
86;Danny da Costa;de GER;DF;Mainz 05;31-315;1993,0;22,3;Matches;65,07;4,39;25,38;35,02;5,16;0,09;65,07;0,76;0,36;2,11;0,4;2,37;36,46;155,29;72,33;0,94;0,85;0,09;0,99;0,31;39,73;0,99;1,39;0,06;1,3;0,0;0,04;0,0;0,0;0,04;0,13;0,01;0,13;0,0;0,0;0,0;0,0;0,0
200;David Jurásek;cz CZE;DF;Hoffenheim;24-290;2000,0;6,9;Matches;72,32;2,32;19,13;28,12;25,51;1,3;72,32;1,74;0,43;3,62;1,16;9,67;34,49;188,26;86,81;2,46;3,04;0,14;0,87;0,72;44,93;6,09;2,75;0,4;2,17;0,29;0,0;0,14;0,14;0,0;0,14;0,02;0,14;0,0;0,0;0,0;0,0;0,0
298;David Nemeth;at AUT;DF;St. Pauli;24-067;2001,0;23,7;Matches;56,46;6,67;28,1;26,24;2,45;0,42;56,46;0,38;0,17;1,87;0,21;2,35;29,41;154,85;78,19;0,59;0,38;0,0;0,51;0,13;35,15;0,21;0,34;0,01;0,3;0,04;0,0;0,0;0,0;0,0;0,08;0,0;0,04;0,04;0,0;0,0;0,0;0,0
352;David Raum;de GER;DF;RB Leipzig;27-032;1998,0;19,8;Matches;70,15;2,93;18,94;26,82;25,1;2,83;70,15;1,41;0,56;1,98;0,66;2,34;29,95;130,3;71,77;1,82;1,06;0,2;0,81;0,45;39,75;6,41;3,69;0,19;2,12;1,31;0,1;0,05;0,0;0,1;0,35;0,02;0,15;0,15;0,0;0,05;0,0;0,0
487;David Zec;si SVN;DF;Holstein Kiel;25-139;2000,0;17,1;Matches;61,35;12,05;38,25;21,23;2,28;1,4;61,35;0,53;0,29;3,25;0,23;2,6;30,82;133,8;68,6;0,18;0,18;0,06;0,64;0,29;37,02;0,12;0,76;0,04;0,76;0,0;0,0;0,0;0,0;0,0;0,0;0,0;0,0;0,0;0,0;0,0;0,0;0,0
446;Dayot Upamecano;fr FRA;DF;Bayern Munich;26-209;1998,0;19,5;Matches;107,74;4,92;32,1;69,95;5,95;0,87;107,74;0,31;0,15;2,56;0,15;2,56;73,85;365,23;213,59;0,87;1,38;0,0;0,31;0,21;83,69;0,21;1,03;0,05;1,03;0,0;0,0;0,0;0,0;0,0;0,0;0,0;0,0;0,0;0,0;0,0;0,0;0,0
454;Denis Vavro;sk SVK;DF;Wolfsburg;29-044;1996,0;27,3;Matches;69,63;11,21;36,34;30,88;2,64;0,73;69,63;0,22;0,11;1,83;0,11;1,83;37,95;150,55;62,75;0,33;0,44;0,07;0,29;0,04;41,83;0,11;0,99;0,04;0,7;0,0;0,04;0,18;0,04;0,04;0,18;0,01;0,07;0,0;0,0;0,11;0,0;0,0
445;Deniz Undav;de GER;FW,MF;Stuttgart;28-309;1996,0;19,2;Matches;41,51;0,57;3,18;19,74;19,22;6,15;41,51;1,25;0,52;2,17;0,68;2,82;24,43;109,74;50,21;1,61;0,94;0,62;2,66;1,46;32,5;7,34;3,02;0,16;2,29;0,0;0,0;0,57;0,0;0,16;0,42;0,02;0,21;0,0;0,0;0,16;0,0;0,05
131;Dennis Geiger;de GER;MF,FW;Hoffenheim;26-348;1998,0;8,2;Matches;53,78;1,71;10,24;31,71;12,07;0,98;53,78;0,98;0,49;6,1;0,24;3,05;31,59;161,71;73,78;1,46;1,83;0,24;1,1;0,98;36,95;2,56;3,17;0,39;2,8;0,12;0,12;0,0;0,12;0,0;0,0;0,0;0,0;0,0;0,0;0,0;0,0;0,0
223;Derrick Köhn;de GER;DF,FW;Werder Bremen;26-109;1999,0;14,9;Matches;60,94;2,28;15,57;24,16;21,81;2,08;60,94;2,75;1,01;2,46;1,41;3,44;36,85;171,14;89,46;2,42;1,61;0,47;1,54;0,81;39,4;8,19;2,55;0,17;2,08;0,07;0,13;0,07;0,2;0,0;0,27;0,02;0,27;0,0;0,0;0,0;0,0;0,0
135;Dimitris Giannoulis;gr GRE;DF;Augsburg;29-219;1995,0;29,4;Matches;61,29;2,76;16,12;24,56;21,29;1,63;61,29;2,79;0,99;1,2;1,63;1,99;28,74;136,87;74,46;2,04;1,26;0,41;1,67;0,44;32,93;5,58;2,59;0,09;2,24;0,14;0,07;0,07;0,03;0,03;0,2;0,01;0,17;0,0;0,0;0,03;0,0;0,0
243;Diogo Leite;pt POR;DF;Union Berlin;26-121;1999,0;28,3;Matches;63,71;7,24;27,99;29,75;6,47;1,27;63,71;0,53;0,35;2,36;0,14;0,94;30,14;126,61;67,0;0,71;0,64;0,0;0,64;0,25;33,89;0,57;1,17;0,04;0,88;0,07;0,04;0,04;0,14;0,0;0,11;0,0;0,07;0,0;0,0;0,0;0,04;0,0
193;Dominik Javorček;sk SVK;DF,MF;Holstein Kiel;22-203;2002,0;4,3;Matches;51,4;6,98;24,19;13,95;13,26;0,47;51,4;1,16;0,93;18,6;0,23;4,65;21,16;106,98;57,91;1,63;0,47;0,0;1,16;0,23;26,28;5,35;1,63;0,38;0,93;0,7;0,0;0,0;0,0;0,0;0,47;0,11;0,23;0,23;0,0;0,0;0,0;0,0
224;Dominik Kohr;de GER;DF,MF;Mainz 05;31-113;1994,0;25,5;Matches;66,39;8,63;31,92;29,18;5,61;0,86;66,39;0,35;0,2;2,18;0,16;1,74;32,75;151,1;68,43;1,02;0,78;0,16;0,78;0,27;39,14;1,22;1,14;0,04;0,98;0,04;0,04;0,08;0,0;0,0;0,08;0,0;0,04;0,0;0,0;0,04;0,0;0,0
259;Donyell Malen;nl NED;FW,MF;Dortmund;26-135;1999,0;6,8;Matches;40,88;0,44;3,38;12,35;25,74;6,76;40,88;4,71;1,62;5,06;2,79;8,74;27,5;133,97;64,56;3,38;1,32;2,5;2,35;1,32;31,47;11,03;1,76;0,26;1,32;0,0;0,29;0,15;0,0;0,0;0,44;0,06;0,44;0,0;0,0;0,0;0,0;0,0
425;Edmond Tapsoba;bf BFA;DF;Leverkusen;26-111;1999,0;27,9;Matches;79,35;5,2;24,8;45,84;9,14;0,82;79,35;0,68;0,39;2,08;0,29;1,51;47,53;254,8;148,42;1,86;1,4;0,04;0,57;0,18;56,06;0,61;1,22;0,04;1,04;0,04;0,04;0,07;0,04;0,0;0,22;0,01;0,22;0,0;0,0;0,0;0,0;0,0
49;El Bilal Touré;ml MLI;FW,MF;Stuttgart;23-233;2001,0;4,0;Matches;34,25;0,25;1,5;12,25;21,25;5,75;34,25;1,5;0,75;12,5;0,75;12,5;18,0;94,75;42,0;1,5;1,25;1,0;2,5;0,5;27,5;6,25;2,75;0,7;2,0;0,0;0,25;0,5;0,0;0,0;0,25;0,06;0,25;0,0;0,0;0,0;0,0;0,0
75;El Chadaille Bitshiabu;fr FRA;DF;RB Leipzig;20-008;2005,0;12,6;Matches;83,97;11,83;37,3;43,41;3,65;0,95;83,97;0,24;0,16;5,29;0,08;2,64;40,95;174,44;83,49;0,32;0,24;0,08;0,87;0,08;53,49;0,16;1,11;0,09;0,95;0,0;0,08;0,0;0,0;0,08;0,08;0,01;0,08;0,0;0,0;0,0;0,0;0,0
369;Elias Saad;tn TUN;FW,MF;St. Pauli;25-148;1999,0;10,0;Matches;42,7;0,3;4,2;16,9;22,4;4,4;42,7;5,4;1,6;2,96;2,6;4,81;30,1;189,7;84,3;2,9;2,3;1,4;5,7;3,6;31,9;7,6;3,5;0,35;2,0;0,1;0,4;0,4;0,5;0,1;0,4;0,04;0,1;0,0;0,2;0,1;0,0;0,0
405;Ellyes Skhiri;tn TUN;MF;Eint Frankfurt;30-014;1995,0;24,8;Matches;62,26;3,47;17,98;36,33;8,15;0,85;62,26;0,6;0,44;2,96;0,12;0,81;33,19;145,32;67,46;0,69;0,69;0,12;1,01;0,28;42,22;1,09;1,98;0,08;1,69;0,0;0,0;0,08;0,04;0,16;0,2;0,01;0,12;0,0;0,0;0,04;0,0;0,04
355;Elvis Rexhbeçaj;xk KVX;MF;Augsburg;27-204;1997,0;19,8;Matches;44,8;1,82;7,58;20,1;17,58;1,57;44,8;1,62;0,51;1,58;0,91;2,84;23,38;103,13;49,39;1,57;1,31;0,4;1,57;1,26;27,22;4,14;2,83;0,14;1,77;0,56;0,0;0,35;0,15;0,0;0,25;0,01;0,25;0,0;0,0;0,0;0,0;0,0
71;Emre Can;de GER;DF,MF;Dortmund;31-132;1994,0;23,4;Matches;92,14;6,41;33,63;51,58;7,44;0,51;92,05;1,11;0,64;2,47;0,38;1,48;60,04;286,03;155,04;0,85;1,37;0,09;0,77;0,43;67,61;0,51;1,37;0,06;1,2;0,0;0,0;0,09;0,04;0,04;0,09;0,0;0,09;0,0;0,0;0,0;0,0;0,0
276;Enzo Millot;fr FRA;MF,FW;Stuttgart;22-311;2002,0;20,5;Matches;68,15;0,44;8,78;37,07;22,93;3,66;68,1;3,27;1,51;2,26;1,71;2,55;41,37;227,27;89,07;2,15;1,66;0,59;2,24;1,76;52,05;6,0;3,22;0,16;2,39;0,1;0,24;0,34;0,15;0,0;0,49;0,02;0,39;0,0;0,05;0,05;0,0;0,0
101;Eren Dinkçi;de GER;MF,FW;Freiburg;23-162;2001,0;13,3;Matches;41,5;0,45;5,34;19,47;17,52;2,71;41,5;2,93;1,2;3,08;1,73;4,44;20,23;130,3;70,75;2,48;1,95;0,68;2,33;0,9;26,09;5,34;3,23;0,24;2,71;0,0;0,23;0,08;0,15;0,08;0,38;0,03;0,38;0,0;0,0;0,0;0,0;0,0
265;Erhan Mašović;rs SRB;DF;Bochum;26-183;1998,0;10,1;Matches;53,37;7,43;27,33;24,16;2,08;1,09;53,37;0,1;0,0;0,0;0,1;9,9;28,71;111,19;50,79;0,1;0,1;0,0;0,5;0,3;31,98;0,4;0,69;0,07;0,69;0,0;0,0;0,0;0,0;0,0;0,1;0,01;0,1;0,0;0,0;0,0;0,0;0,0
99;Eric Dier;eng ENG;DF;Bayern Munich;31-129;1994,0;16,3;Matches;97,61;7,79;32,82;60,98;4,11;1,17;97,61;0,18;0,12;4,09;0,06;2,04;57,91;250,37;133,37;0,74;0,61;0,0;0,43;0,12;70,98;0,06;0,8;0,05;0,67;0,0;0,0;0,12;0,0;0,0;0,12;0,01;0,06;0,0;0,0;0,06;0,0;0,0
410;Eric Smith;se SWE;DF,MF;St. Pauli;28-136;1997,0;31,4;Matches;62,29;5,13;21,46;31,37;10,03;0,25;62,29;0,16;0,1;1,91;0,06;1,27;26,69;120,1;55,1;0,51;0,61;0,0;0,35;0,22;35,99;0,35;2,1;0,07;1,05;0,86;0,0;0,13;0,03;0,03;0,06;0,0;0,06;0,0;0,0;0,0;0,0;0,0
97;Ermedin Demirović;ba BIH;FW;Stuttgart;27-060;1998,0;20,6;Matches;28,25;0,49;2,18;11,6;14,61;6,12;28,16;1,21;0,24;0,97;0,92;3,69;14,81;67,38;28,45;0,97;0,78;0,44;1,89;1,31;21,21;5,58;2,28;0,11;1,7;0,0;0,1;0,34;0,15;0,0;0,34;0,02;0,19;0,0;0,0;0,1;0,05;0,0
327;Exequiel Palacios;ar ARG;MF;Leverkusen;26-231;1998,0;12,8;Matches;89,38;1,48;10,94;51,48;27,19;0,94;89,38;0,94;0,62;5,21;0,31;2,6;51,56;178,05;75,7;1,17;1,33;0,08;1,33;1,56;70,39;3,12;3,67;0,29;3,2;0,0;0,16;0,08;0,0;0,23;0,7;0,05;0,62;0,0;0,0;0,08;0,0;0,0
357;Fabian Rieder;ch SUI;MF,FW;Stuttgart;23-097;2002,0;9,6;Matches;51,25;0,62;6,25;22,4;23,75;1,77;51,25;1,98;0,94;4,94;1,04;5,48;26,35;152,71;65,73;2,08;1,56;0,31;2,19;1,35;32,81;6,35;3,65;0,38;2,29;0,42;0,21;0,42;0,31;0,0;0,52;0,05;0,21;0,1;0,1;0,0;0,1;0,0
80;Fabio Chiarodia;it ITA;DF;Gladbach;19-353;2005,0;4,2;Matches;70,95;16,9;40,48;28,33;2,14;1,19;70,95;0,0;0,0;;0,0;;30,95;133,81;59,29;0,24;0,0;0,0;0,24;0,0;35,95;0,24;0,48;0,11;0,48;0,0;0,0;0,0;0,0;0,0;0,0;0,0;0,0;0,0;0,0;0,0;0,0;0,0
76;Fares Chaïbi;dz ALG;MF,FW;Eint Frankfurt;22-177;2002,0;11,3;Matches;52,04;2,65;9,56;21,24;21,77;3,01;52,04;1,06;0,62;5,16;0,27;2,21;25,49;124,96;59,12;1,77;1,15;0,35;1,68;0,62;31,95;6,46;4,42;0,39;2,83;0,88;0,09;0,44;0,09;0,09;0,62;0,05;0,53;0,09;0,0;0,0;0,0;0,0
5;Felix Agu;de GER;DF;Werder Bremen;25-239;1999,0;19,5;Matches;53,59;2,46;16,15;23,85;13,85;1,9;53,59;1,79;0,46;1,32;0,97;2,78;27,95;132,77;65,54;1,69;0,62;0,41;1,69;0,62;31,03;5,38;1,79;0,09;1,54;0,05;0,1;0,0;0,1;0,0;0,05;0,0;0,05;0,0;0,0;0,0;0,0;0,0
306;Felix Nmecha;de GER;MF;Dortmund;24-226;2000,0;16,8;Matches;64,46;3,21;12,92;38,75;13,57;1,13;64,46;1,55;1,01;3,89;0,24;0,92;37,62;194,82;85,54;1,25;1,25;0,24;1,13;0,83;46,55;1,61;1,9;0,11;1,49;0,0;0,18;0,12;0,12;0,0;0,36;0,02;0,18;0,0;0,06;0,06;0,06;0,0
331;Felix Passlack;de GER;DF,MF;Bochum;26-360;1998,0;25,9;Matches;49,81;3,01;13,17;20,46;16,53;1,85;49,81;1,2;0,46;1,49;0,66;2,12;22,7;112,59;49,34;1,66;1,24;0,46;0,93;0,46;25,41;4,56;1,85;0,07;1,47;0,19;0,0;0,12;0,08;0,0;0,27;0,01;0,23;0,04;0,0;0,0;0,0;0,0
89;Finn Dahmen;de GER;GK;Augsburg;27-058;1998,0;19,0;Matches;42,68;29,11;41,58;1,11;0,0;0,0;42,68;0,0;0,0;;0,0;;25,21;128,37;71,32;0,0;0,0;0,0;0,0;0,0;22,42;0,0;0,11;0,01;0,11;0,0;0,0;0,0;0,0;0,0;0,05;0,0;0,05;0,0;0,0;0,0;0,0;0,0
194;Finn Jeltsch;de GER;DF;Stuttgart;18-311;2006,0;8,7;Matches;83,56;5,29;26,9;52,99;3,91;0,23;83,56;0,34;0,23;7,67;0,11;3,83;54,71;357,7;169,2;0,92;1,26;0,11;1,15;0,11;60,34;0,57;0,23;0,03;0,23;0,0;0,0;0,0;0,0;0,0;0,0;0,0;0,0;0,0;0,0;0,0;0,0;0,0
314;Finn Ole Becker;de GER;MF;Hoffenheim;24-350;2000,0;7,4;Matches;62,3;2,84;15,95;37,03;10,14;0,27;62,3;1,89;0,81;5,8;0,81;5,8;34,59;136,49;63,38;0,41;0,95;0,0;1,22;1,08;40,54;0,95;2,7;0,36;2,3;0,0;0,27;0,0;0,14;0,0;0,41;0,05;0,41;0,0;0,0;0,0;0,0;0,0
343;Finn Porath;de GER;DF,MF;Holstein Kiel;28-090;1997,0;21,9;Matches;45,62;3,33;14,84;18,4;12,79;1,51;45,62;1,64;0,73;2,03;0,59;1,65;19,09;107,95;55,48;1,92;1,51;0,5;0,68;0,68;23,15;3,15;2,79;0,13;1,92;0,27;0,18;0,27;0,14;0,0;0,5;0,02;0,27;0,0;0,0;0,23;0,0;0,0
149;Florian Grillitsch;at AUT;MF;Hoffenheim;29-290;1995,0;6,7;Matches;72,84;4,33;20,9;39,25;13,73;0,45;72,84;1,79;0,75;6,22;0,9;7,46;40,3;201,19;87,31;0,6;1,19;0,0;0,75;1,49;49,25;0,6;2,54;0,38;2,54;0,0;0,0;0,0;0,0;0,0;0,0;0,0;0,0;0,0;0,0;0,0;0,0;0,0
284;Florian Müller;de GER;GK;Freiburg;27-192;1997,0;8,4;Matches;40,12;30,71;39,52;0,6;0,0;0,0;40,12;0,0;0,0;;0,0;;22,62;122,26;65,71;0,0;0,0;0,0;0,0;0,0;19,52;0,0;0,0;0,0;0,0;0,0;0,0;0,0;0,0;0,0;0,0;0,0;0,0;0,0;0,0;0,0;0,0;0,0
301;Florian Neuhaus;de GER;MF;Gladbach;28-069;1997,0;4,2;Matches;69,52;2,62;16,19;41,9;12,38;2,14;69,52;2,14;1,19;13,24;0,95;10,57;37,86;207,38;126,19;2,38;2,38;0,24;2,14;0,24;45,95;1,9;4,05;0,96;3,33;0,0;0,48;0,24;0,0;0,0;0,24;0,06;0,24;0,0;0,0;0,0;0,0;0,0
478;Florian Wirtz;de GER;MF,FW;Leverkusen;22-021;2003,0;26,1;Matches;80,31;0,38;4,94;31,19;45,1;5,25;80,15;6,4;3,14;1,88;3,03;1,81;46,63;270,23;139,5;5,02;2,76;2,03;2,22;1,8;62,76;11,84;5,67;0,22;4,1;0,27;0,88;0,23;0,15;0,04;1,0;0,04;0,69;0,0;0,15;0,11;0,04;0,0
177;Franck Honorat;fr FRA;FW;Gladbach;28-286;1996,0;16,0;Matches;47,62;1,88;7,94;16,25;24,31;3,75;47,62;2,0;0,75;2,34;1,19;3,71;23,31;163,31;96,81;3,94;2,19;1,62;1,38;0,75;28,5;7,75;5,19;0,32;2,88;1,62;0,19;0,44;0,0;0,06;0,5;0,03;0,25;0,25;0,0;0,0;0,0;0,0
318;Frank Onyeka;ng NGA;MF;Augsburg;27-143;1998,0;28,7;Matches;46,66;2,09;8,5;26,69;12,33;1,29;46,66;1,88;0,63;1,16;0,91;1,68;26,27;148,85;66,93;1,6;1,39;0,28;1,71;1,18;28,4;2,47;1,74;0,06;1,43;0,07;0,03;0,03;0,17;0,0;0,14;0,0;0,03;0,03;0,03;0,03;0,0;0,0
232;Frans Krätzig;de GER;DF,MF;Heidenheim;22-130;2003,0;13,5;Matches;50,07;1,7;13,78;21,41;15,56;1,93;50,07;1,48;0,67;3,33;0,81;4,07;27,56;132,15;60,89;1,85;1,26;0,44;1,56;0,59;29,85;4,22;3,33;0,25;2,3;0,74;0,15;0,0;0,0;0,15;0,15;0,01;0,15;0,0;0,0;0,0;0,0;0,0
368;Frederik Rønnow;dk DEN;GK;Union Berlin;32-293;1992,0;28,0;Matches;35,0;27,07;34,46;0,57;0,04;0,04;35,0;0,04;0,04;3,57;0,0;0,0;20,14;112,54;70,57;0,0;0,0;0,0;0,04;0,0;15,18;0,0;0,21;0,01;0,14;0,07;0,0;0,0;0,0;0,0;0,0;0,0;0,0;0,0;0,0;0,0;0,0;0,0
195;Fredrik Jensen;fi FIN;MF;Augsburg;27-257;1997,0;8,5;Matches;37,41;2,0;5,18;14,35;18,35;2,82;37,41;1,53;0,82;6,33;0,71;5,44;22,35;106,0;45,88;1,88;0,94;0,35;1,88;1,18;26,35;6,82;2,24;0,26;1,76;0,0;0,24;0,0;0,24;0,0;0,0;0,0;0,0;0,0;0,0;0,0;0,0;0,0
176;Gerrit Holtmann;ph PHI;DF,FW;Bochum;30-060;1995,0;12,6;Matches;45,32;1,83;8,81;14,92;22,3;2,22;45,32;1,59;0,48;2,38;1,03;5,16;26,67;188,1;92,3;3,97;2,3;0,71;2,62;0,79;28,02;7,7;3,41;0,27;2,7;0,08;0,16;0,32;0,0;0,16;0,24;0,02;0,08;0,08;0,0;0,0;0,0;0,08
320;Gift Orban;ng NGA;FW;Hoffenheim;22-311;2002,0;7,6;Matches;27,37;0,13;2,63;12,11;12,63;2,89;27,37;1,45;0,53;4,79;0,92;8,37;14,21;57,37;21,45;1,05;0,79;0,39;1,84;0,66;16,18;4,61;1,58;0,21;1,18;0,0;0,26;0,0;0,13;0,0;0,26;0,03;0,13;0,0;0,13;0,0;0,0;0,0
264;Giorgos Masouras;gr GRE;FW,MF;Bochum;31-143;1994,0;11,7;Matches;34,44;0,6;4,62;13,33;17,26;4,53;34,44;1,2;0,43;3,05;0,77;5,5;18,8;90,94;43,33;2,22;0,6;1,11;2,39;0,51;22,22;7,01;2,48;0,21;1,79;0,0;0,17;0,43;0,09;0,0;0,43;0,04;0,17;0,0;0,0;0,26;0,0;0,0
484;Granit Xhaka;ch SUI;MF;Leverkusen;32-239;1992,0;32,1;Matches;95,08;2,65;14,8;58,72;22,02;0,47;95,08;0,5;0,22;1,36;0,25;1,56;50,19;184,67;93,52;1,31;1,62;0,0;0,56;0,44;73,77;2,24;3,74;0,12;3,52;0,12;0,0;0,03;0,06;0,0;0,56;0,02;0,53;0,03;0,0;0,0;0,0;0,0
221;Gregor Kobel;ch SUI;GK;Dortmund;27-169;1997,0;32,0;Matches;41,0;31,0;40,62;0,38;0,0;0,0;41,0;0,06;0,06;3,12;0,0;0,0;25,97;125,88;70,0;0,0;0,0;0,0;0,0;0,03;24,25;0,0;0,12;0,0;0,09;0,0;0,0;0,0;0,03;0,0;0,0;0,0;0,0;0,0;0,0;0,0;0,0;0,0
423;Haris Tabakovic;ba BIH;FW;Hoffenheim;30-338;1994,0;9,1;Matches;36,7;2,2;4,4;16,26;16,15;5,49;36,7;1,32;0,44;3,66;0,88;7,33;18,13;56,81;18,02;0,44;0,88;0,33;2,75;1,1;26,37;4,95;1,76;0,19;1,32;0,0;0,0;0,44;0,0;0,0;0,33;0,04;0,22;0,0;0,0;0,11;0,0;0,0
207;Harry Kane;eng ENG;FW;Bayern Munich;31-300;1993,0;26,5;Matches;34,6;0,75;2,91;12,57;19,28;6,11;34,26;2,0;0,87;1,64;1,09;2,06;19,36;85,28;36,0;1,09;0,72;0,79;1,55;0,83;27,02;5,4;3,36;0,13;2,23;0,04;0,34;0,57;0,19;0,0;0,79;0,03;0,45;0,0;0,08;0,15;0,11;0,0
466;Hauke Wahl;de GER;DF;St. Pauli;31-039;1994,0;33,0;Matches;63,52;7,45;30,03;30,88;3,0;0,85;63,52;0,3;0,24;2,42;0,06;0,61;31,52;190,97;119,33;0,91;0,42;0,03;0,3;0,27;39,55;0,3;0,79;0,02;0,67;0,0;0,0;0,06;0,03;0,03;0,0;0,0;0,0;0,0;0,0;0,0;0,0;0,0
228;Henri Koudossou;de GER;DF;Augsburg;25-263;1999,0;8,3;Matches;56,51;3,86;16,14;22,77;17,83;1,45;56,51;2,05;0,96;5,67;0,96;5,67;26,51;145,54;69,52;2,29;1,45;0,48;1,69;0,24;28,92;5,78;2,17;0,26;1,81;0,0;0,12;0,12;0,0;0,12;0,24;0,03;0,24;0,0;0,0;0,0;0,0;0,0
182;Hong Hyunseok;kr KOR;MF;Mainz 05;25-342;1999,0;5,9;Matches;49,49;1,02;5,93;25,25;19,32;2,71;49,49;1,69;0,68;6,78;0,68;6,78;24,07;123,22;71,02;1,69;1,53;0,34;1,86;2,03;31,53;5,25;3,73;0,63;3,22;0,0;0,17;0,34;0,0;0,0;0,51;0,09;0,34;0,0;0,0;0,17;0,0;0,0
113;Hugo Ekitike;fr FRA;FW;Eint Frankfurt;22-338;2002,0;28,5;Matches;36,98;0,95;2,39;15,09;20,46;6,88;36,88;4,18;1,82;1,53;2,14;1,8;22,21;155,89;80,95;3,26;2,0;1,82;3,47;1,19;27,26;7,54;3,54;0,12;2,21;0,0;0,49;0,7;0,14;0,0;0,42;0,01;0,32;0,0;0,07;0,0;0,04;0,0
242;Hugo Larsson;se SWE;MF;Eint Frankfurt;20-331;2004,0;26,6;Matches;55,56;2,97;15,98;29,96;9,96;0,98;55,56;0,71;0,45;2,38;0,26;1,38;30,19;117,93;51,95;0,6;0,75;0,15;0,86;0,41;37,82;1,24;2,14;0,08;1,8;0,0;0,08;0,19;0,04;0,04;0,19;0,01;0,08;0,0;0,04;0,08;0,0;0,0
403;Ibrahima Sissoko;ml MLI;MF;Bochum;27-209;1997,0;29,0;Matches;49,28;2,76;12,62;27,07;10,41;1,76;49,28;2,1;1,1;1,81;0,9;1,47;23,83;122,9;53,55;1,21;0,83;0,1;1,38;1,1;27,31;2,38;2,24;0,08;1,83;0,0;0,1;0,03;0,14;0,14;0,1;0,0;0,07;0,0;0,0;0,0;0,03;0,0
322;Ivan Ordets;ua UKR;DF;Bochum;32-320;1992,0;20,7;Matches;55,85;8,21;30,53;22,37;3,04;2,32;55,85;0,05;0,05;4,83;0,0;0,0;24,64;99,57;33,29;0,1;0,1;0,0;0,29;0,0;27,92;0,19;0,87;0,04;0,72;0,0;0,0;0,05;0,1;0,0;0,05;0,0;0,05;0,0;0,0;0,0;0,0;0,0
186;Jackson Irvine;au AUS;MF;St. Pauli;32-078;1993,0;29,0;Matches;44,34;2,66;11,38;23,76;9,76;2,59;44,34;0,79;0,31;1,35;0,45;1,95;16,0;61,41;30,93;0,66;0,62;0,17;1,45;0,45;24,48;2,0;1,93;0,07;1,66;0,0;0,0;0,14;0,03;0,1;0,17;0,01;0,1;0,0;0,0;0,03;0,0;0,03
62;Jacob Bruun Larsen;dk DEN;FW,MF;Hoffenheim;26-247;1998,0;4,4;Matches;51,36;0,68;3,86;18,64;30,23;6,82;51,36;4,77;1,59;7,57;2,95;14,07;33,41;203,64;107,05;3,64;2,95;1,82;2,05;2,05;37,95;9,32;4,32;0,98;2,73;0,23;0,45;0,91;0,0;0,0;0,91;0,2;0,45;0,0;0,23;0,23;0,0;0,0
63;Jacob Bruun Larsen;dk DEN;MF,FW;Stuttgart;26-247;1998,0;4,6;Matches;46,74;0,65;4,78;16,96;25,22;5,87;46,74;4,78;2,17;9,89;2,17;9,89;27,61;191,52;92,39;4,13;1,09;2,17;2,39;0,65;32,17;8,7;4,13;0,93;2,61;0,22;0,43;0,87;0,0;0,0;0,87;0,2;0,43;0,0;0,22;0,22;0,0;0,0
271;Jakov Medić;hr CRO;DF;Bochum;26-259;1998,0;17,8;Matches;54,78;9,38;31,01;21,52;2,36;1,24;54,78;0,17;0,11;3,75;0,06;1,87;27,98;124,1;53,2;0,11;0,0;0,0;0,39;0,17;30,56;0,17;0,56;0,03;0,51;0,0;0,0;0,06;0,0;0,0;0,06;0,0;0,06;0,0;0,0;0,0;0,0;0,0
205;Jakub Kamiński;pl POL;DF,MF;Wolfsburg;22-353;2002,0;12,6;Matches;47,86;2,46;9,05;18,81;20,95;2,86;47,86;1,75;0,63;2,89;1,03;4,69;23,89;151,9;88,25;3,25;1,98;1,27;1,59;0,87;24,68;5,48;3,41;0,27;2,22;0,71;0,24;0,16;0,08;0,0;0,4;0,03;0,16;0,08;0,0;0,08;0,08;0,0
288;Jamal Musiala;de GER;MF;Bayern Munich;22-087;2003,0;20,0;Matches;63,9;0,35;4,7;28,25;31,8;8,15;63,9;7,05;3,6;2,56;2,95;2,09;39,6;220,6;115,0;3,55;2,4;1,8;3,35;1,65;51,55;7,8;5,55;0,28;3,5;0,05;1,1;0,35;0,45;0,1;0,45;0,02;0,2;0,0;0,1;0,05;0,05;0,05
376;James Sands;us USA;MF,DF;St. Pauli;24-322;2000,0;5,0;Matches;51,8;2,4;12,6;29,6;9,8;1,2;51,8;0,2;0,2;20,0;0,0;0,0;23,8;82,6;29,2;0,0;0,0;0,0;0,6;0,6;30,4;1,2;1,4;0,28;1,4;0,0;0,0;0,0;0,0;0,0;0,0;0,0;0,0;0,0;0,0;0,0;0,0;0,0
139;Jamie Gittens;eng ENG;FW,MF;Dortmund;20-289;2004,0;19,7;Matches;44,31;0,41;4,31;14,87;26,4;5,58;44,31;8,68;3,91;2,28;3,65;2,14;31,83;262,49;143,45;5,74;2,84;3,2;2,49;1,78;33,15;9,14;3,71;0,19;1,73;0,0;1,47;0,36;0,15;0,0;0,51;0,03;0,2;0,0;0,3;0,0;0,0;0,0
245;Jamie Leweling;de GER;MF,FW;Stuttgart;24-087;2001,0;18,5;Matches;43,3;0,97;5,24;16,54;22,59;3,62;43,3;4,43;2,22;2,7;1,78;2,17;29,19;230,92;101,78;2,97;2,16;0,92;2,27;2,05;32,32;8,86;2,81;0,15;2,0;0,0;0,43;0,16;0,22;0,0;0,49;0,03;0,16;0,0;0,05;0,16;0,11;0,0
388;Jan Schöppner;de GER;MF;Heidenheim;25-346;1999,0;29,8;Matches;48,32;3,46;13,66;24,13;10,91;2,15;48,32;1,07;0,47;1,47;0,6;1,89;23,62;128,09;66,88;1,17;0,87;0,17;1,34;0,81;26,88;1,61;1,88;0,06;1,48;0,03;0,1;0,2;0,03;0,03;0,13;0,0;0,1;0,0;0,0;0,03;0,0;0,0
159;Janik Haberer;de GER;MF,DF;Union Berlin;31-052;1994,0;18,8;Matches;48,46;2,18;12,98;26,86;9,15;0,9;48,46;0,32;0,11;1,77;0,16;2,66;23,62;83,62;32,23;0,69;0,21;0,0;0,69;0,59;26,97;1,17;1,81;0,1;1,44;0,05;0,0;0,16;0,16;0,0;0,05;0,0;0,05;0,0;0,0;0,0;0,0;0,0
17;Jann-Fiete Arp;de GER;FW,MF;Holstein Kiel;25-138;2000,0;7,9;Matches;38,35;1,14;5,44;14,56;19,11;3,54;38,1;4,05;1,77;5,54;2,03;6,33;20,0;117,59;43,54;1,77;1,27;0,38;4,3;2,03;22,66;8,35;4,18;0,53;2,28;0,51;0,25;0,38;0,63;0,13;0,38;0,05;0,13;0,13;0,0;0,13;0,0;0,0
268;Jean Mattéo Bahoya;fr FRA;MF,FW;Eint Frankfurt;20-017;2005,0;10,2;Matches;46,57;0,78;7,75;20,39;19,51;3,24;46,57;2,94;1,67;5,56;1,18;3,92;26,18;165,88;78,04;2,35;1,37;0,98;1,86;1,67;28,73;9,12;4,02;0,39;3,24;0,29;0,1;0,1;0,2;0,1;0,59;0,06;0,29;0,0;0,1;0,0;0,2;0,0
145;Jeffrey Gouweleeuw;nl NED;DF;Augsburg;33-318;1991,0;32,7;Matches;63,03;7,95;28,29;30,58;4,65;1,28;63,0;0,37;0,21;1,78;0,15;1,28;35,75;187,43;103,98;0,73;0,73;0,03;0,58;0,18;37,74;0,58;1,04;0,03;0,89;0,12;0,0;0,0;0,0;0,03;0,15;0,0;0,09;0,03;0,0;0,0;0,0;0,03
412;Jens Stage;dk DEN;MF;Werder Bremen;28-197;1996,0;24,5;Matches;51,88;1,76;12,61;26,73;12,94;3,39;51,88;0,69;0,33;1,92;0,33;1,92;27,27;108,82;50,65;1,14;0,98;0,24;1,1;0,41;34,04;3,63;2,57;0,1;2,12;0,0;0,04;0,12;0,16;0,12;0,61;0,02;0,49;0,0;0,04;0,0;0,04;0,04
483;Jeong Woo-yeong;kr KOR;MF,FW;Union Berlin;25-246;1999,0;14,0;Matches;44,36;0,86;5,64;18,64;21,14;2,43;44,36;1,5;0,86;4,08;0,57;2,72;27,57;145,57;71,64;2,29;1,71;0,43;1,64;1,14;30,21;6,64;3,5;0,25;2,86;0,14;0,07;0,29;0,07;0,07;0,36;0,03;0,21;0,07;0,07;0,0;0,0;0,0
124;Jeremie Frimpong;nl NED;DF,MF;Leverkusen;24-165;2000,0;25,7;Matches;46,89;0,78;5,6;15,33;26,34;4,36;46,89;3,04;0,97;1,25;1,83;2,35;26,19;162,45;92,96;3,89;1,6;1,25;1,75;1,01;32,18;10,58;2,57;0,1;2,06;0,0;0,12;0,16;0,12;0,12;0,43;0,02;0,27;0,0;0,04;0,04;0,04;0,04
291;Joakim Mæhle;dk DEN;DF;Wolfsburg;28-004;1997,0;24,3;Matches;60,25;2,67;18,19;26,3;16,26;1,77;60,25;2,47;0,78;1,3;1,56;2,6;32,55;171,44;88,68;2,43;1,73;0,25;1,52;0,33;34,73;4,81;1,69;0,07;1,4;0,08;0,12;0,04;0,04;0,0;0,33;0,01;0,25;0,0;0,04;0,0;0,04;0,0
380;Joe Scally;us USA;DF;Gladbach;22-144;2002,0;28,6;Matches;64,69;3,74;24,51;29,76;10,91;0,77;64,69;2,06;1,08;1,84;0,91;1,54;34,27;189,44;92,45;1,82;0,94;0,1;0,87;0,8;40,66;2,41;0,98;0,03;0,73;0,07;0,03;0,07;0,03;0,03;0,07;0,0;0,07;0,0;0,0;0,0;0,0;0,0
111;Johannes Eggestein;de GER;FW;St. Pauli;27-016;1998,0;20,6;Matches;34,61;0,29;2,23;18,01;14,66;3,79;34,51;0,83;0,34;2,0;0,49;2,85;18,64;82,72;29,85;1,21;0,83;0,39;2,57;1,46;26,36;6,7;2,09;0,1;1,75;0,0;0,0;0,19;0,1;0,05;0,19;0,01;0,19;0,0;0,0;0,0;0,0;0,0
434;John Tolkin;us USA;DF,MF;Holstein Kiel;22-297;2002,0;8,2;Matches;58,41;4,27;26,1;21,1;11,34;0,61;58,41;1,22;0,61;6,1;0,49;4,88;21,22;85,24;33,54;0,73;0,37;0,0;0,61;0,73;26,71;1,46;2,44;0,3;1,34;0,98;0,0;0,0;0,12;0,0;0,24;0,03;0,0;0,24;0,0;0,0;0,0;0,0
121;Jonas Föhrenbach;de GER;DF;Heidenheim;29-118;1996,0;20,4;Matches;54,51;3,53;20,39;23,68;10,83;0,83;54,51;0,83;0,34;2,02;0,44;2,59;25,54;133,09;72,25;1,76;0,54;0,2;0,78;0,15;28,63;2,45;1,67;0,08;1,47;0,05;0,05;0,05;0,05;0,0;0,2;0,01;0,15;0,05;0,0;0,0;0,0;0,0
171;Jonas Hofmann;de GER;MF,DF;Leverkusen;32-314;1992,0;4,0;Matches;54,5;1,0;6,0;21,75;27,0;4,0;54,5;1,0;0,5;12,5;0,5;12,5;30,25;165,0;80,75;2,5;1,75;0,75;1,25;0,5;44,5;7,25;4,0;1,01;3,25;0,25;0,0;0,25;0,25;0,0;0,25;0,06;0,25;0,0;0,0;0,0;0,0;0,0
316;Jonas Omlin;ch SUI;GK;Gladbach;31-134;1994,0;10,9;Matches;49,91;42,66;49,72;0,18;0,0;0,0;49,91;0,09;0,09;9,17;0,0;0,0;32,39;134,77;71,74;0,0;0,0;0,0;0,0;0,0;30,0;0,0;0,09;0,01;0,09;0,0;0,0;0,0;0,0;0,0;0,0;0,0;0,0;0,0;0,0;0,0;0,0;0,0
447;Jonas Urbig;de GER;GK;Bayern Munich;21-289;2003,0;8,0;Matches;38,75;25,25;37,0;1,75;0,12;0,0;38,75;0,0;0,0;;0,0;;25,12;115,5;72,5;0,0;0,0;0,0;0,12;0,0;24,25;0,0;0,12;0,02;0,12;0,0;0,0;0,0;0,0;0,0;0,0;0,0;0,0;0,0;0,0;0,0;0,0;0,0
477;Jonas Wind;dk DEN;FW,MF;Wolfsburg;26-106;1999,0;21,8;Matches;37,16;0,78;2,89;19,54;14,91;4,04;37,06;0,92;0,28;1,38;0,55;2,75;20,64;70,37;22,75;0,78;0,46;0,55;2,52;1,28;29,22;4,31;2,98;0,14;2,57;0,0;0,0;0,18;0,23;0,0;0,28;0,01;0,23;0,0;0,0;0,05;0,0;0,0
66;Jonathan Burkardt;de GER;FW;Mainz 05;24-317;2000,0;23,4;Matches;33,68;0,81;2,09;15,56;16,15;5,17;33,59;1,67;0,68;1,75;0,98;2,52;19,1;79,83;31,92;1,37;1,11;0,56;3,25;1,41;24,02;6,71;2,31;0,1;1,75;0,0;0,13;0,26;0,17;0,0;0,34;0,01;0,26;0,0;0,0;0,04;0,04;0,0
424;Jonathan Tah;de GER;DF;Leverkusen;29-102;1996,0;33,0;Matches;79,58;6,79;26,91;48,39;4,45;1,3;79,58;0,15;0,09;1,82;0,06;1,21;47,0;245,76;137,3;0,45;0,7;0,0;0,48;0,3;57,21;0,27;0,91;0,03;0,76;0,0;0,06;0,06;0,03;0,0;0,15;0,0;0,12;0,0;0,0;0,03;0,0;0,0
334;Jordan Pefok;us USA;FW;Union Berlin;29-028;1996,0;10,1;Matches;32,28;2,28;5,45;15,54;12,08;4,26;32,28;1,29;0,69;5,33;0,59;4,57;15,64;52,97;20,2;0,3;0,59;0,0;2,38;1,68;20,99;3,96;2,57;0,26;1,68;0,1;0,1;0,5;0,2;0,0;0,0;0,0;0,0;0,0;0,0;0,0;0,0;0,0
256;Jordy Makengo;fr FRA;DF;Freiburg;23-294;2001,0;8,3;Matches;47,35;2,77;15,3;19,4;13,13;0,36;47,35;1,45;0,48;4,01;0,84;7,02;24,46;136,14;46,02;1,08;0,84;0,12;1,33;0,6;27,47;4,22;1,08;0,13;0,84;0,12;0,12;0,0;0,0;0,0;0,12;0,01;0,12;0,0;0,0;0,0;0,0;0,0
449;Josha Vagnoman;de GER;DF,MF;Stuttgart;24-164;2000,0;20,4;Matches;54,17;2,99;15,93;23,73;14,8;1,76;54,17;1,37;0,39;1,4;0,83;2,98;26,52;126,27;47,35;1,18;0,93;0,49;1,32;0,93;33,09;4,71;1,42;0,07;1,23;0,05;0,05;0,05;0,05;0,0;0,05;0,0;0,05;0,0;0,0;0,0;0,0;0,0
216;Joshua Kimmich;de GER;MF;Bayern Munich;30-105;1995,0;31,6;Matches;122,37;2,28;17,09;73,67;32,18;0,6;122,37;0,7;0,38;1,72;0,28;1,29;75,92;378,8;164,46;1,61;2,63;0,03;0,66;0,22;96,42;2,44;5,03;0,16;3,67;1,14;0,06;0,09;0,03;0,03;0,57;0,02;0,41;0,09;0,03;0,03;0,0;0,0
199;Josip Juranović;hr CRO;DF,MF;Union Berlin;29-281;1995,0;12,9;Matches;54,96;3,18;16,43;22,25;17,21;0,54;54,96;1,86;0,85;3,55;0,62;2,58;23,8;121,63;61,78;1,47;0,93;0,23;0,93;0,23;24,81;3,49;3,95;0,31;2,33;1,55;0,0;0,08;0,0;0,0;0,16;0,01;0,0;0,16;0,0;0,0;0,0;0,0
413;Josip Stanišić;hr CRO;DF;Bayern Munich;25-052;2000,0;9,7;Matches;90,31;5,67;23,3;51,24;17,01;1,03;90,31;0,72;0,52;7,36;0,21;2,95;54,95;277,42;166,08;2,06;2,58;0,31;1,13;0,62;62,47;3,09;2,37;0,24;2,27;0,0;0,1;0,0;0,0;0,0;0,41;0,04;0,31;0,0;0,1;0,0;0,0;0,0
328;João Palhinha;pt POR;MF;Bayern Munich;29-319;1995,0;7,5;Matches;84,13;2,4;12,53;55,87;16,0;1,73;84,13;0,53;0,27;6,67;0,27;6,67;44,0;147,6;51,07;0,4;0,4;0,13;0,8;0,93;66,53;0,93;1,73;0,23;1,47;0,0;0,0;0,27;0,0;0,0;0,13;0,02;0,0;0,0;0,0;0,13;0,0;0,0
57;Julian Brandt;de GER;MF;Dortmund;29-022;1996,0;25,6;Matches;56,84;0,51;6,05;26,21;25,2;3,16;56,84;2,11;0,74;1,38;1,25;2,32;33,95;160,78;78,67;2,38;1,88;0,66;1,88;1,41;42,85;7,77;3,98;0,16;3,48;0,23;0,08;0,2;0,0;0,0;0,55;0,02;0,51;0,04;0,0;0,0;0,0;0,0
74;Julian Chabot;de GER;DF;Stuttgart;27-101;1998,0;25,2;Matches;88,85;10,67;40,08;45,83;3,25;1,23;88,85;0,2;0,12;2,38;0,08;1,59;53,73;267,98;132,02;0,28;0,36;0,08;0,52;0,12;60,91;0,2;0,95;0,04;0,83;0,04;0,0;0,08;0,0;0,0;0,08;0,0;0,08;0,0;0,0;0,0;0,0;0,0
367;Julian Ryerson;no NOR;DF;Dortmund;27-188;1997,0;25,1;Matches;67,09;1,55;15,3;32,11;20,72;1,55;67,09;2,51;1,43;2,27;0,92;1,45;39,92;219,08;111,39;2,63;1,55;0,48;1,67;0,8;43,43;5,42;2,23;0,09;1,75;0,32;0,16;0,0;0,0;0,0;0,2;0,01;0,16;0,0;0,04;0,0;0,0;0,0
469;Julian Weigl;de GER;MF;Gladbach;29-258;1995,0;32,0;Matches;64,84;3,81;22,28;37,0;6,03;0,28;64,84;0,25;0,22;2,73;0,0;0,0;33,16;125,28;55,0;0,34;0,44;0,03;0,41;0,31;44,25;0,28;1,59;0,05;1,41;0,0;0,0;0,16;0,03;0,0;0,19;0,01;0,19;0,0;0,0;0,0;0,0;0,0
258;Julián Malatini;ar ARG;DF;Werder Bremen;23-358;2001,0;5,0;Matches;72,6;5,0;31,2;32,0;9,6;0,8;72,6;0,6;0,4;13,34;0,2;6,66;44,8;220,6;104,2;1,6;1,6;0,0;0,6;0,2;49,0;0,8;1,0;0,2;0,8;0,0;0,0;0,2;0,0;0,0;0,4;0,08;0,4;0,0;0,0;0,0;0,0;0,0
1;Junior Adamu;at AUT;FW;Freiburg;23-352;2001,0;17,2;Matches;31,05;1,22;3,08;14,65;13,6;4,65;31,05;1,69;0,58;2,01;1,05;3,61;15,99;59,65;20,29;0,47;0,29;0,23;3,43;1,4;20,35;4,88;1,69;0,1;1,28;0,0;0,06;0,17;0,17;0,0;0,17;0,01;0,12;0,0;0,0;0,06;0,0;0,0
304;Justin Njinmah;de GER;FW,MF;Werder Bremen;24-190;2000,0;10,6;Matches;32,92;0,19;1,6;11,7;20,09;5,47;32,92;2,55;1,04;3,84;1,32;4,9;21,7;134,34;67,08;3,11;1,51;1,13;2,17;0,66;24,91;9,72;3,68;0,35;2,55;0,0;0,47;0,19;0,47;0,0;0,38;0,04;0,28;0,0;0,0;0,0;0,09;0,0
378;Kaishu Sano;jp JPN;MF;Mainz 05;24-145;2000,0;33,8;Matches;53,67;2,01;12,16;32,04;10,18;1,15;53,67;1,51;0,95;1,86;0,47;0,93;26,45;137,99;66,57;1,57;1,27;0,27;1,15;0,92;30,38;1,36;1,83;0,05;1,48;0,0;0,09;0,06;0,12;0,09;0,15;0,0;0,12;0,0;0,0;0,0;0,0;0,03
146;Kamil Grabara;pl POL;GK;Wolfsburg;26-136;1999,0;28,7;Matches;42,65;30,66;41,64;1,01;0,0;0,0;42,65;0,07;0,07;3,48;0,0;0,0;24,67;105,82;61,32;0,0;0,0;0,0;0,0;0,0;23,52;0,0;0,21;0,01;0,17;0,03;0,0;0,0;0,0;0,0;0,0;0,0;0,0;0,0;0,0;0,0;0,0;0,0
2;Karim Adeyemi;de GER;FW,MF;Dortmund;23-126;2002,0;15,9;Matches;40,0;0,57;3,21;14,53;22,96;5,53;40,0;5,91;2,52;2,68;3,08;3,28;26,23;203,14;97,04;4,28;2,26;2,58;2,7;1,95;29,25;9,62;3,58;0,23;2,2;0,06;0,75;0,38;0,13;0,06;0,69;0,04;0,44;0,0;0,19;0,06;0,0;0,0
273;Karol Mets;ee EST;DF;St. Pauli;32-008;1993,0;10,0;Matches;73,6;9,9;36,0;34,6;3,2;0,8;73,6;0,1;0,0;0,0;0,1;10,0;34,3;142,4;73,6;0,5;0,6;0,0;0,4;0,0;46,6;0,2;0,9;0,09;0,8;0,0;0,0;0,1;0,0;0,0;0,0;0,0;0,0;0,0;0,0;0,0;0,0;0,0
379;Kauã Santos;br BRA;GK;Eint Frankfurt;22-043;2003,0;8,5;Matches;38,35;32,94;38,24;0,12;0,0;0,0;38,35;0,0;0,0;;0,0;;22,47;99,41;65,06;0,0;0,0;0,0;0,0;0,0;18,0;0,0;0,35;0,04;0,24;0,12;0,0;0,0;0,0;0,0;0,0;0,0;0,0;0,0;0,0;0,0;0,0;0,0
385;Keven Schlotterbeck;de GER;DF;Augsburg;28-026;1997,0;14,4;Matches;58,68;7,01;27,43;27,36;4,1;1,32;58,68;0,21;0,21;6,94;0,0;0,0;29,44;99,79;50,76;0,21;0,35;0,0;0,56;0,0;35,42;0,14;1,67;0,12;1,39;0,0;0,07;0,14;0,0;0,07;0,14;0,01;0,14;0,0;0,0;0,0;0,0;0,0
7;Kevin Akpoguma;ng NGA;DF;Hoffenheim;30-035;1995,0;24,7;Matches;68,5;9,19;30,73;33,6;4,66;0,2;68,5;0,61;0,32;2,16;0,24;1,62;36,11;159,07;71,74;0,57;0,61;0,0;0,45;0,36;41,5;0,65;1,09;0,04;1,01;0,04;0,0;0,0;0,04;0,0;0,04;0,0;0,04;0,0;0,0;0,0;0,0;0,0
206;Kevin Kampl;si SVN;MF;RB Leipzig;34-227;1990,0;17,7;Matches;74,35;2,09;13,84;45,31;15,76;0,73;74,35;1,07;0,73;3,86;0,34;1,79;44,8;226,95;114,35;1,19;1,92;0,17;0,73;0,68;54,07;1,81;2,49;0,14;2,2;0,23;0,06;0,0;0,0;0,0;0,28;0,02;0,28;0,0;0,0;0,0;0,0;0,0
285;Kevin Müller;de GER;GK;Heidenheim;34-070;1991,0;32,7;Matches;42,6;35,38;41,96;0,64;0,0;0,0;42,6;0,0;0,0;;0,0;;23,82;106,88;58,01;0,0;0,0;0,0;0,06;0,0;21,1;0,0;0,12;0,0;0,06;0,06;0,0;0,0;0,0;0,0;0,03;0,0;0,0;0,03;0,0;0,0;0,0;0,0
419;Kevin Stöger;at AUT;MF;Gladbach;31-270;1993,0;17,2;Matches;76,63;1,8;10,99;38,72;27,27;1,98;76,51;2,09;0,99;2,74;0,87;2,42;40,64;213,95;102,15;2,33;2,27;0,29;1,69;1,45;52,97;5,52;6,16;0,36;3,49;1,74;0,29;0,12;0,52;0,0;0,47;0,03;0,41;0,06;0,0;0,0;0,0;0,0
439;Kevin Trapp;de GER;GK;Eint Frankfurt;34-320;1990,0;25,5;Matches;39,25;33,73;39,06;0,2;0,0;0,0;39,25;0,0;0,0;;0,0;;25,18;113,65;63,49;0,0;0,0;0,0;0,04;0,0;21,84;0,0;0,04;0,0;0,04;0,0;0,0;0,0;0,0;0,0;0,04;0,0;0,04;0,0;0,0;0,0;0,0;0,0
461;Kevin Vogt;de GER;DF;Union Berlin;33-243;1991,0;15,2;Matches;67,76;9,14;34,47;33,42;0,66;0,13;67,7;0,33;0,26;5,26;0,07;1,32;36,84;163,88;85,72;0,72;0,2;0,07;0,33;0,13;40,72;0,13;1,12;0,07;0,99;0,13;0,0;0,0;0,0;0,0;0,0;0,0;0,0;0,0;0,0;0,0;0,0;0,0
120;Kilian Fischer;de GER;DF;Wolfsburg;24-224;2000,0;25,5;Matches;59,96;3,41;20,67;26,12;13,65;0,78;59,96;0,9;0,39;1,71;0,51;2,22;27,61;157,84;80,27;2,0;1,22;0,2;1,22;0,35;31,14;3,49;1,53;0,06;1,29;0,16;0,0;0,04;0,0;0,04;0,08;0,0;0,08;0,0;0,0;0,0;0,0;0,0
396;Kiliann Sildillia;fr FRA;DF;Freiburg;23-008;2002,0;8,9;Matches;64,72;4,27;21,46;31,01;12,47;1,24;64,72;1,01;0,67;7,49;0,22;2,49;28,43;135,62;62,13;1,24;1,12;0,22;0,9;0,67;35,39;3,82;1,8;0,2;1,01;0,67;0,0;0,11;0,0;0,0;0,11;0,01;0,11;0,0;0,0;0,0;0,0;0,0
277;Kim Min-jae;kr KOR;DF;Bayern Munich;28-190;1996,0;25,4;Matches;108,82;6,34;35,87;69,37;3,98;0,55;108,82;0,2;0,12;2,36;0,08;1,57;64,72;270,35;130,35;0,63;0,91;0,04;0,55;0,2;82,6;0,2;1,02;0,04;0,94;0,0;0,0;0,0;0,04;0,04;0,08;0,0;0,08;0,0;0,0;0,0;0,0;0,0
84;Kingsley Coman;fr FRA;FW;Bayern Munich;28-345;1996,0;14,2;Matches;65,77;0,92;5,92;22,75;37,82;5,99;65,77;5,21;2,75;3,71;2,18;2,95;42,68;270,0;131,48;4,65;2,32;1,97;1,97;1,27;51,62;15,14;5,7;0,4;4,23;0,0;0,99;0,35;0,14;0,0;0,77;0,05;0,42;0,0;0,21;0,07;0,07;0,0
187;Ko Itakura;jp JPN;DF;Gladbach;28-117;1997,0;31,0;Matches;70,0;10,52;38,29;29,55;2,58;1,03;70,0;0,74;0,39;1,68;0,32;1,4;42,77;214,32;113,81;0,74;0,55;0,0;0,29;0,26;48,81;0,16;0,81;0,03;0,55;0,0;0,03;0,16;0,03;0,03;0,03;0,0;0,0;0,0;0,0;0,03;0,0;0,0
279;Koji Miyoshi;jp JPN;FW,MF;Bochum;28-059;1997,0;5,2;Matches;38,65;0,58;5,96;17,31;16,35;4,04;38,65;2,69;0,96;6,87;1,73;12,37;23,08;131,54;58,27;2,12;1,15;0,58;2,69;0,96;23,85;4,42;1,73;0,34;1,35;0,0;0,19;0,19;0,0;0,0;0,0;0,0;0,0;0,0;0,0;0,0;0,0;0,0
240;Konrad Laimer;at AUT;DF;Bayern Munich;27-362;1997,0;18,9;Matches;75,19;2,06;12,28;36,24;26,88;3,49;75,19;1,59;0,9;3,0;0,63;2,12;43,17;229,37;145,98;4,6;3,17;0,95;1,85;1,22;53,65;5,98;3,28;0,17;2,96;0,11;0,05;0,05;0,05;0,05;0,42;0,02;0,42;0,0;0,0;0,0;0,0;0,0
229;Konstantinos Koulierakis;gr GRE;DF;Wolfsburg;21-177;2003,0;27,4;Matches;68,83;10,33;34,93;30,62;3,54;1,09;68,83;0,44;0,26;2,13;0,18;1,52;38,28;187,48;97,85;0,73;0,62;0,0;0,66;0,07;43,98;0,29;1,13;0,04;0,88;0,07;0,0;0,15;0,0;0,04;0,15;0,01;0,11;0,0;0,0;0,04;0,0;0,0
296;Kosta Nedeljković;rs SRB;DF;RB Leipzig;19-159;2005,0;5,3;Matches;53,4;3,02;12,45;21,89;19,25;0,94;53,4;0,75;0,19;4,72;0,38;9,43;22,64;126,42;65,28;1,89;1,32;0,19;0,75;0,19;32,08;5,09;1,13;0,21;1,13;0,0;0,0;0,0;0,0;0,0;0,0;0,0;0,0;0,0;0,0;0,0;0,0;0,0
191;Kristijan Jakić;hr CRO;MF;Augsburg;28-010;1997,0;25,6;Matches;53,16;2,89;12,58;30,86;10,27;1,33;53,16;1,13;0,55;1,89;0,51;1,75;27,46;116,33;51,72;0,94;0,51;0,12;1,52;0,82;32,34;1,91;1,64;0,06;1,37;0,04;0,12;0,08;0,04;0,0;0,27;0,01;0,23;0,0;0,0;0,0;0,04;0,0
359;Lars Ritzka;de GER;DF,MF;St. Pauli;27-017;1998,0;10,2;Matches;55,59;3,92;21,08;23,92;10,69;0,59;55,59;0,1;0,0;0,0;0,1;9,8;15,78;62,75;37,94;0,78;0,59;0,0;0,59;0,39;25,78;3,33;1,18;0,11;1,08;0,0;0,0;0,0;0,1;0,0;0,0;0,0;0,0;0,0;0,0;0,0;0,0;0,0
362;Lasse Rosenboom;de GER;DF;Holstein Kiel;23-125;2002,0;19,3;Matches;40,41;3,99;16,79;15,13;8,81;1,87;40,41;0,98;0,36;1,91;0,57;3,0;14,72;74,2;29,27;0,98;0,67;0,16;1,87;0,67;17,36;2,59;1,3;0,07;1,14;0,0;0,0;0,1;0,05;0,0;0,16;0,01;0,16;0,0;0,0;0,0;0,0;0,0
190;Lee Jae-sung;kr KOR;MF;Mainz 05;32-287;1992,0;29,4;Matches;47,11;1,46;7,48;21,9;18,2;4,22;47,11;1,02;0,37;1,25;0,54;1,81;23,78;80,54;31,56;0,95;0,78;0,34;2,48;0,92;31,9;5,61;2,48;0,08;2,18;0,0;0,07;0,07;0,17;0,0;0,48;0,02;0,37;0,0;0,0;0,03;0,07;0,0
260;Lennard Maloney;us USA;MF;Heidenheim;25-228;1999,0;8,4;Matches;45,0;4,52;21,79;20,71;2,74;0,6;45,0;0,48;0,12;2,98;0,36;8,93;17,5;58,57;24,52;0,12;0,12;0,0;1,31;0,12;19,17;0,0;0,83;0,1;0,71;0,0;0,0;0,12;0,0;0,0;0,0;0,0;0,0;0,0;0,0;0,0;0,0;0,0
406;Leo Skiri Østigård;no NOR;DF;Hoffenheim;25-177;1999,0;10,3;Matches;72,52;11,36;34,47;36,31;1,94;1,17;72,52;0,29;0,19;6,48;0,1;3,23;33,4;153,3;61,17;0,0;0,1;0,0;0,1;0,1;36,8;0,1;0,87;0,08;0,87;0,0;0,0;0,0;0,0;0,0;0,0;0,0;0,0;0,0;0,0;0,0;0,0;0,0
142;Leon Goretzka;de GER;MF,DF;Bayern Munich;30-107;1995,0;14,7;Matches;93,4;3,2;15,24;59,05;19,66;1,84;93,4;0,54;0,48;5,95;0,07;0,85;54,01;289,32;155,03;2,38;2,38;0,2;0,27;0,27;71,5;1,9;1,9;0,13;1,43;0,0;0,14;0,14;0,07;0,14;0,14;0,01;0,14;0,0;0,0;0,0;0,0;0,0
51;Leonardo Bittencourt;de GER;MF;Werder Bremen;31-156;1993,0;10,9;Matches;73,49;0,73;13,58;41,74;18,81;1,83;73,49;0,46;0,09;1,83;0,28;5,5;48,62;222,84;91,01;1,74;1,19;0,18;1,1;0,18;53,49;3,49;3,58;0,33;2,57;0,18;0,0;0,37;0,37;0,09;0,46;0,04;0,46;0,0;0,0;0,0;0,0;0,0
416;Leonidas Stergiou;ch SUI;DF;Stuttgart;23-082;2002,0;9,5;Matches;67,58;3,37;18,0;33,89;16,0;0,95;67,58;0,63;0,42;7,02;0,21;3,51;35,68;161,68;67,37;1,16;1,37;0,21;0,63;0,42;39,58;3,37;1,26;0,13;0,95;0,11;0,21;0,0;0,0;0,0;0,63;0,07;0,42;0,0;0,21;0,0;0,0;0,0
350;Leopold Querfeld;at AUT;DF;Union Berlin;21-155;2003,0;19,4;Matches;54,95;9,07;28,97;23,56;2,78;1,75;54,95;0,46;0,15;1,72;0,26;2,87;27,37;127,78;68,87;0,15;0,1;0,0;0,26;0,1;29,59;0,26;1,34;0,07;1,24;0,0;0,0;0,05;0,05;0,0;0,1;0,01;0,1;0,0;0,0;0,0;0,0;0,0
377;Leroy Sané;de GER;FW;Bayern Munich;29-133;1996,0;18,2;Matches;65,05;0,44;3,74;21,92;40,44;6,65;65,05;5,49;2,14;2,14;3,02;3,02;43,24;274,89;124,51;4,12;2,58;2,09;3,57;1,48;52,36;14,62;4,18;0,23;3,02;0,05;0,44;0,27;0,27;0,11;0,49;0,03;0,38;0,0;0,05;0,0;0,0;0,05
175;Lewis Holtby;de GER;MF;Holstein Kiel;34-248;1990,0;13,8;Matches;61,38;3,12;18,26;31,09;12,39;1,01;61,38;1,09;0,51;3,38;0,51;3,38;26,96;113,7;50,58;1,01;0,72;0,07;1,09;0,58;35,14;2,46;2,68;0,19;1,38;0,94;0,0;0,07;0,22;0,07;0,22;0,02;0,07;0,07;0,0;0,0;0,07;0,0
319;Loïs Openda;be BEL;FW,MF;RB Leipzig;25-097;2000,0;27,3;Matches;33,11;0,44;1,98;13,48;18,02;5,79;33,08;2,71;0,81;1,09;1,36;1,83;19,08;109,45;54,1;2,12;0,95;1,36;3,0;0,99;26,3;8,39;2,42;0,09;1,5;0,0;0,15;0,37;0,4;0,0;0,37;0,01;0,18;0,0;0,0;0,07;0,11;0,0
214;Luca Kerber;de GER;MF,DF;Heidenheim;23-075;2002,0;8,7;Matches;41,84;3,79;15,06;19,89;7,13;1,26;41,84;0,57;0,11;2,3;0,34;6,9;20,11;77,7;29,31;0,11;0,0;0,11;1,38;0,46;22,87;1,38;1,03;0,12;0,8;0,0;0,0;0,11;0,11;0,0;0,11;0,01;0,0;0,0;0,0;0,11;0,0;0,0
299;Luca Netz;de GER;DF;Gladbach;22-009;2003,0;10,8;Matches;61,67;4,07;22,31;23,8;15,93;1,57;61,67;1,94;0,56;2,65;1,3;6,18;26,67;110,93;61,85;1,48;1,02;0,28;1,3;0,93;35,83;5,09;2,5;0,23;2,31;0,09;0,0;0,0;0,0;0,09;0,37;0,03;0,37;0,0;0,0;0,0;0,0;0,0
337;Luca Philipp;de GER;GK;Hoffenheim;24-177;2000,0;6,0;Matches;35,83;29,5;35,5;0,33;0,0;0,0;35,83;0,0;0,0;;0,0;;16,67;88,33;38,33;0,0;0,0;0,0;0,0;0,0;14,83;0,0;0,17;0,03;0,17;0,0;0,0;0,0;0,0;0,0;0,0;0,0;0,0;0,0;0,0;0,0;0,0;0,0
173;Lucas Höler;de GER;FW,MF;Freiburg;30-318;1994,0;20,7;Matches;41,26;1,93;6,38;18,45;17,0;4,3;41,21;1,64;0,87;2,56;0,63;1,85;19,08;76,96;32,51;1,01;0,58;0,34;2,51;1,16;27,58;5,89;2,46;0,12;1,79;0,05;0,1;0,34;0,19;0,0;0,29;0,01;0,14;0,0;0,05;0,05;0,05;0,0
437;Lucas Tousart;fr FRA;MF;Union Berlin;28-025;1997,0;6,2;Matches;42,58;5,0;13,55;20,65;9,19;3,23;42,58;1,77;0,81;7,34;0,97;8,79;15,16;73,06;31,61;0,65;0,0;0,16;1,29;0,81;16,29;2,1;1,94;0,31;1,29;0,0;0,0;0,32;0,16;0,16;0,32;0,05;0,16;0,0;0,0;0,16;0,0;0,0
94;Lukas Daschner;de GER;MF,FW;Bochum;26-235;1998,0;4,6;Matches;46,3;1,09;5,65;21,74;19,57;3,04;46,09;3,26;1,09;7,24;2,17;14,5;25,22;131,74;56,52;1,74;1,52;0,22;4,57;0,43;28,48;4,13;2,17;0,47;1,52;0,43;0,22;0,0;0,0;0,0;0,22;0,05;0,22;0,0;0,0;0,0;0,0;0,0
218;Lukas Klostermann;de GER;DF;RB Leipzig;28-355;1996,0;20,4;Matches;72,16;7,89;29,8;36,81;5,78;0,64;72,16;0,25;0,2;3,92;0,05;0,98;36,86;149,56;77,11;0,78;0,69;0,05;0,44;0,0;48,43;1,27;0,83;0,04;0,69;0,1;0,0;0,05;0,0;0,0;0,1;0,0;0,1;0,0;0,0;0,0;0,0;0,0
236;Lukas Kübler;de GER;DF;Freiburg;32-267;1992,0;20,5;Matches;61,85;3,66;18,05;31,71;12,59;1,27;61,85;0,44;0,0;0,0;0,34;3,8;25,32;115,76;53,22;1,17;0,83;0,15;0,59;0,34;33,22;2,39;1,27;0,06;1,02;0,05;0,0;0,2;0,0;0,0;0,2;0,01;0,15;0,0;0,0;0,05;0,0;0,0
307;Lukas Nmecha;de GER;FW,MF;Wolfsburg;26-161;1998,0;5,2;Matches;35,19;1,35;3,27;15,19;17,12;4,62;35,19;1,54;0,77;9,62;0,58;7,21;20,96;90,38;33,27;1,54;0,77;0,58;2,69;0,58;26,73;6,15;1,54;0,3;0,96;0,0;0,19;0,19;0,19;0,0;0,19;0,04;0,0;0,0;0,0;0,19;0,0;0,0
443;Lukas Ullrich;de GER;DF;Gladbach;21-069;2004,0;21,1;Matches;50,85;3,89;20,47;20,57;10,33;1,23;50,85;1,14;0,38;1,58;0,62;2,57;25,17;129,57;64,93;1,47;0,9;0,19;1,0;0,57;29,0;3,36;1,33;0,06;1,14;0,05;0,05;0,05;0,05;0,0;0,24;0,01;0,24;0,0;0,0;0,0;0,0;0,0
180;Lukáš Hrádecký;fi FIN;GK;Leverkusen;35-181;1989,0;29,0;Matches;33,17;26,97;32,83;0,38;0,0;0,0;33,17;0,0;0,0;;0,0;;18,55;100,86;56,48;0,0;0,0;0,0;0,0;0,0;17,38;0,0;0,14;0,0;0,14;0,0;0,0;0,0;0,0;0,0;0,03;0,0;0,03;0,0;0,0;0,0;0,0;0,0
130;Lutsharel Geertruida;nl NED;DF;RB Leipzig;24-310;2000,0;17,3;Matches;73,18;3,53;21,68;43,82;8,5;1,1;73,18;0,81;0,4;2,89;0,4;2,89;37,11;150,98;78,44;1,21;0,87;0,17;0,81;0,23;48,5;1,97;1,45;0,08;1,27;0,06;0,0;0,0;0,0;0,12;0,06;0,0;0,06;0,0;0,0;0,0;0,0;0,0
41;László Bénes;sk SVK;MF,FW;Union Berlin;27-257;1997,0;6,5;Matches;61,54;0,15;8,15;29,08;24,62;2,0;61,54;0,77;0,15;3,08;0,62;12,31;31,85;121,23;54,15;0,92;1,08;0,46;1,23;0,77;38,0;5,23;4,62;0,7;2,62;1,85;0,0;0,15;0,0;0,0;0,15;0,02;0,0;0,15;0,0;0,0;0,0;0,0
391;Léo Scienza;br BRA;FW,MF;Heidenheim;26-253;1998,0;12,8;Matches;45,62;0,62;5,55;19,38;22,34;3,44;45,62;6,48;2,89;3,48;2,73;3,3;28,75;267,42;166,09;5,47;3,12;1,33;3,2;1,02;28,83;7,03;6,41;0,5;2,42;1,56;0,78;0,23;1,41;0,0;0,55;0,04;0,23;0,16;0,0;0,0;0,16;0,0
451;Maarten Vandevoordt;be BEL;GK;RB Leipzig;23-087;2002,0;4,8;Matches;38,54;27,29;36,25;2,29;0,0;0,0;38,54;0,0;0,0;;0,0;;20,62;100,0;58,33;0,0;0,0;0,0;0,0;0,0;18,12;0,0;0,0;0,0;0,0;0,0;0,0;0,0;0,0;0,0;0,0;0,0;0,0;0,0;0,0;0,0;0,0;0,0
220;Magnus Knudsen;no NOR;MF;Holstein Kiel;23-343;2001,0;20,6;Matches;47,91;2,91;16,12;26,6;5,49;0,44;47,91;0,78;0,44;2,73;0,34;2,13;23,69;121,7;59,27;0,78;0,49;0,1;1,26;0,49;29,76;1,21;1,55;0,08;1,21;0,0;0,05;0,1;0,19;0,0;0,19;0,01;0,19;0,0;0,0;0,0;0,0;0,0
91;Mahmoud Dahoud;de GER;MF;Eint Frankfurt;29-143;1996,0;4,0;Matches;65,75;2,0;16,25;37,5;12,25;0,75;65,75;0,75;0,25;8,32;0,5;16,68;40,0;130,25;52,75;0,25;1,5;0,0;1,0;0,5;48,0;1,5;3,25;0,8;2,5;0,0;0,0;0,5;0,0;0,25;0,5;0,12;0,25;0,0;0,0;0,0;0,0;0,25
372;Manolis Saliakas;gr GRE;MF,DF;St. Pauli;28-254;1996,0;25,7;Matches;60,7;2,84;17,39;26,77;16,73;1,17;60,7;0,35;0,12;1,3;0,19;2,16;25,41;92,72;50,31;1,09;1,32;0,08;0,23;0,23;34,09;3,11;2,3;0,09;1,67;0,39;0,04;0,08;0,12;0,0;0,19;0,01;0,16;0,0;0,0;0,0;0,04;0,0
300;Manuel Neuer;de GER;GK;Bayern Munich;39-058;1986,0;22,0;Matches;43,45;25,14;40,91;2,64;0,0;0,0;43,45;0,05;0,05;4,55;0,0;0,0;29,0;148,18;85,45;0,0;0,0;0,0;0,0;0,0;31,68;0,0;0,14;0,01;0,14;0,0;0,0;0,0;0,0;0,0;0,0;0,0;0,0;0,0;0,0;0,0;0,0;0,0
370;Marcel Sabitzer;at AUT;MF;Dortmund;31-068;1994,0;18,0;Matches;57,11;2,06;7,28;32,28;17,89;1,72;57,11;0,83;0,33;2,22;0,5;3,33;32,06;138,56;69,72;1,33;1,72;0,17;1,22;0,67;39,83;3,89;2,33;0,13;1,44;0,17;0,06;0,33;0,06;0,28;0,33;0,02;0,11;0,0;0,0;0,0;0,06;0,17
122;Marco Friedl;at AUT;DF;Werder Bremen;27-069;1998,0;24,0;Matches;73,71;10,46;42,71;29,79;1,46;0,21;73,71;0,33;0,25;3,12;0,08;1,04;44,54;201,5;87,83;0,17;0,21;0,0;0,5;0,29;45,88;0,04;0,54;0,02;0,38;0,08;0,0;0,08;0,0;0,0;0,0;0,0;0,0;0,0;0,0;0,0;0,0;0,0
152;Marco Grüll;at AUT;FW,MF;Werder Bremen;26-322;1998,0;13,1;Matches;37,79;0,46;3,28;16,41;18,7;4,05;37,79;2,98;0,99;2,54;1,76;4,5;24,2;123,44;47,56;1,83;1,45;0,69;3,28;2,98;27,56;7,1;3,13;0,24;2,21;0,0;0,23;0,31;0,38;0,0;0,38;0,03;0,15;0,0;0,0;0,08;0,15;0,0
225;Marco Komenda;hr CRO;DF;Holstein Kiel;28-179;1996,0;14,5;Matches;62,41;7,52;31,86;26,9;3,72;0,76;62,41;0,07;0,07;6,9;0,0;0,0;30,34;126,28;75,59;0,9;0,55;0,07;0,21;0,0;41,1;1,1;1,59;0,11;1,45;0,0;0,07;0,0;0,0;0,07;0,07;0,0;0,07;0,0;0,0;0,0;0,0;0,0
144;Mario Götze;de GER;MF,FW;Eint Frankfurt;32-355;1992,0;17,1;Matches;57,66;0,7;9,24;28,83;20,29;2,51;57,66;1,35;0,53;2,29;0,7;3,05;36,08;143,63;70,99;1,7;1,35;0,35;1,52;1,58;41,29;5,61;3,39;0,2;3,16;0,18;0,0;0,0;0,06;0,0;0,18;0,01;0,18;0,0;0,0;0,0;0,0;0,0
65;Marius Bülter;de GER;FW,DF;Hoffenheim;32-056;1993,0;19,2;Matches;40,31;1,3;5,62;15,47;19,74;4,32;40,31;2,45;1,25;2,66;1,15;2,44;26,61;152,29;74,74;2,97;1,25;1,2;2,03;1,09;30,0;8,07;2,5;0,13;1,77;0,0;0,16;0,16;0,36;0,05;0,36;0,02;0,21;0,0;0,1;0,0;0,05;0,0
286;Marius Müller;de GER;GK;Wolfsburg;31-316;1993,0;5,3;Matches;43,58;32,26;43,02;0,57;0,0;0,0;43,58;0,0;0,0;;0,0;;27,74;131,13;75,47;0,0;0,0;0,0;0,0;0,0;23,02;0,0;0,0;0,0;0,0;0,0;0,0;0,0;0,0;0,0;0,0;0,0;0,0;0,0;0,0;0,0;0,0;0,0
481;Marius Wolf;de GER;DF;Augsburg;29-362;1995,0;23,8;Matches;59,96;2,27;12,69;25,17;22,86;1,93;59,96;1,81;0,8;1,86;0,92;2,15;26,34;104,58;57,23;1,51;0,8;0,34;1,05;0,67;32,31;3,99;3,36;0,14;2,23;0,71;0,25;0,04;0,13;0,0;0,25;0,01;0,13;0,08;0,04;0,0;0,0;0,0
189;Marko Ivezić;rs SRB;DF;Holstein Kiel;23-173;2001,0;18,4;Matches;63,91;9,51;37,12;25,43;1,85;0,76;63,91;0,38;0,22;3,1;0,11;1,55;32,39;143,7;69,67;0,16;0,38;0,0;0,92;0,38;40,54;0,49;0,65;0,04;0,54;0,0;0,0;0,0;0,05;0,05;0,05;0,0;0,05;0,0;0,0;0,0;0,0;0,0
68;Marnon Busch;de GER;DF,MF;Heidenheim;30-167;1994,0;15,5;Matches;66,45;5,1;24,39;30,19;12,26;0,58;66,45;0,52;0,19;2,42;0,26;3,23;31,94;147,61;78,52;1,42;1,29;0,06;0,84;0,06;35,68;2,77;1,74;0,11;1,35;0,26;0,0;0,13;0,0;0,0;0,06;0,0;0,0;0,0;0,0;0,06;0,0;0,0
428;Martin Terrier;fr FRA;MF,FW;Leverkusen;28-081;1997,0;6,5;Matches;38,46;0,46;2,0;16,46;20,15;5,38;38,46;0,62;0,31;7,69;0,31;7,69;19,85;88,92;42,46;1,69;0,62;0,62;1,69;0,92;31,54;5,38;3,23;0,5;2,46;0,15;0,0;0,31;0,31;0,0;0,46;0,07;0,46;0,0;0,0;0,0;0,0;0,0
108;Marvin Ducksch;de GER;FW;Werder Bremen;31-078;1994,0;26,9;Matches;41,08;1,15;3,09;16,99;21,38;4,31;41,0;0,71;0,26;1,37;0,41;2,15;20,0;67,88;30,33;0,97;0,74;0,45;1,15;0,41;25,02;6,17;3,83;0,14;2,16;1,38;0,04;0,22;0,0;0,04;0,45;0,02;0,33;0,07;0,0;0,04;0,0;0,0
123;Marvin Friedrich;de GER;DF;Gladbach;29-162;1995,0;11,0;Matches;74,73;8,18;38,73;33,64;2,45;1,55;74,73;0,18;0,18;9,09;0,0;0,0;45,64;224,0;116,73;1,0;0,27;0,0;0,45;0,27;53,0;0,27;0,82;0,07;0,73;0,0;0,0;0,09;0,0;0,0;0,09;0,01;0,0;0,0;0,0;0,09;0,0;0,0
341;Marvin Pieringer;de GER;FW,MF;Heidenheim;25-232;1999,0;24,5;Matches;34,65;1,27;4,2;17,43;13,39;3,96;34,53;1,43;0,65;1,87;0,61;1,75;19,06;80,78;32,49;0,94;0,9;0,2;2,82;0,98;24,78;4,69;2,82;0,11;1,96;0,04;0,2;0,29;0,29;0,04;0,29;0,01;0,12;0,0;0,0;0,04;0,08;0,04
230;Matej Kovar;cz CZE;GK;Leverkusen;25-007;2000,0;5,0;Matches;31,0;26,8;31,0;0,0;0,0;0,0;31,0;0,0;0,0;;0,0;;19,8;97,8;42,8;0,0;0,0;0,0;0,0;0,0;16,8;0,0;0,0;0,0;0,0;0,0;0,0;0,0;0,0;0,0;0,0;0,0;0,0;0,0;0,0;0,0;0,0;0,0
178;Mathias Honsak;at AUT;FW,DF;Heidenheim;28-155;1996,0;13,1;Matches;49,31;2,98;12,37;21,98;15,65;2,52;49,31;1,76;0,69;2,98;0,99;4,31;25,8;153,74;75,34;2,82;2,14;0,69;2,9;0,92;28,7;4,43;3,13;0,24;1,68;0,61;0,31;0,38;0,15;0,0;0,38;0,03;0,0;0,15;0,23;0,0;0,0;0,0
138;Matthias Ginter;de GER;DF;Freiburg;31-125;1994,0;28,5;Matches;63,72;6,95;29,65;30,39;3,96;1,96;63,72;0,21;0,14;2,34;0,07;1,17;34,77;177,68;98,91;0,39;0,42;0,04;0,35;0,0;42,28;0,56;0,95;0,03;0,7;0,07;0,0;0,11;0,07;0,0;0,14;0,0;0,11;0,0;0,0;0,0;0,04;0,0
421;Mattias Svanberg;se SWE;MF;Wolfsburg;26-139;1999,0;13,5;Matches;38,52;2,0;8,52;18,44;12,07;1,85;38,52;1,85;0,74;2,96;0,96;3,85;17,41;80,15;36,22;0,81;1,26;0,07;1,41;0,74;20,67;2,89;2,15;0,16;0,96;0,67;0,07;0,07;0,3;0,07;0,37;0,03;0,07;0,0;0,07;0,0;0,15;0,07
47;Matúš Bero;sk SVK;MF;Bochum;29-260;1995,0;28,5;Matches;56,81;2,04;9,02;26,21;22,35;1,96;56,77;1,93;0,67;1,21;1,26;2,3;25,82;112,49;49,75;1,02;1,3;0,32;1,61;0,81;29,23;3,89;4,21;0,15;2,25;1,44;0,14;0,21;0,11;0,07;0,25;0,01;0,07;0,07;0,07;0,04;0,0;0,0
134;Max Geschwill;de GER;DF;Holstein Kiel;23-321;2001,0;14,2;Matches;58,24;5,63;29,01;24,51;5,07;0,92;58,24;0,35;0,14;2,82;0,21;4,23;26,69;114,86;55,0;0,42;0,28;0,0;0,35;0,14;33,66;1,13;1,69;0,12;1,27;0,14;0,0;0,14;0,0;0,14;0,14;0,01;0,07;0,0;0,0;0,0;0,0;0,07
280;Max Moerstedt;de GER;FW;Hoffenheim;;;5,0;Matches;31,8;1,2;3,0;12,4;17,0;6,2;31,8;0,8;0,2;5,0;0,6;15,0;16,8;62,0;25,6;1,2;0,4;0,6;2,6;2,2;25,0;7,2;3,2;0,64;2,2;0,0;0,2;0,2;0,6;0,0;0,0;0,0;0,0;0,0;0,0;0,0;0,0;0,0
363;Max Rosenfelder;de GER;DF;Freiburg;22-103;2003,0;13,9;Matches;59,42;6,76;26,4;28,35;5,32;0,79;59,42;1,8;1,01;4,03;0,72;2,88;32,01;194,32;106,26;1,73;0,94;0,29;0,36;0,14;37,05;1,29;1,08;0,08;0,72;0,0;0,22;0,0;0,07;0,07;0,07;0,01;0,07;0,0;0,0;0,0;0,0;0,0
244;Maxim Leitsch;de GER;DF;Mainz 05;27-006;1998,0;7,5;Matches;63,07;8,4;28,53;29,87;4,67;1,73;63,07;0,13;0,0;0,0;0,0;0,0;23,07;101,2;43,87;0,53;0,67;0,0;1,07;0,4;32,0;0,67;0,93;0,12;0,8;0,0;0,0;0,13;0,0;0,0;0,0;0,0;0,0;0,0;0,0;0,0;0,0;0,0
16;Maximilian Arnold;de GER;MF;Wolfsburg;30-362;1994,0;26,2;Matches;60,15;3,28;13,59;35,38;11,76;0,27;60,15;0,23;0,04;0,64;0,11;1,91;30,04;117,14;45,8;0,34;0,42;0,0;0,69;0,42;33,78;0,61;3,17;0,12;1,79;1,18;0,04;0,04;0,11;0,0;0,38;0,01;0,11;0,27;0,0;0,0;0,0;0,0
30;Maximilian Bauer;de GER;DF;Augsburg;25-104;2000,0;7,3;Matches;57,81;6,16;24,25;30,41;3,29;0,41;57,81;0,0;0,0;;0,0;;29,59;135,75;73,84;0,55;0,55;0,0;0,82;0,27;35,62;0,96;0,55;0,08;0,27;0,0;0,0;0,0;0,14;0,14;0,0;0,0;0,0;0,0;0,0;0,0;0,0;0,0
38;Maximilian Beier;de GER;FW,MF;Dortmund;22-219;2002,0;17,7;Matches;34,92;0,9;4,12;13,84;17,4;4,97;34,92;2,88;1,24;2,44;1,53;2,99;19,1;83,67;42,26;1,36;0,68;0,51;2,2;1,47;23,9;7,01;3,11;0,18;2,15;0,0;0,34;0,23;0,17;0,23;0,4;0,02;0,28;0,0;0,06;0,06;0,0;0,0
112;Maximilian Eggestein;de GER;MF;Freiburg;28-167;1996,0;31,6;Matches;55,6;2,09;12,75;33,35;9,97;1,58;55,6;0,76;0,35;1,45;0,41;1,72;25,73;132,22;66,68;1,08;0,79;0,09;0,89;0,6;34,59;1,3;1,61;0,05;1,33;0,0;0,03;0,09;0,13;0,03;0,16;0,01;0,16;0,0;0,0;0,0;0,0;0,0
278;Maximilian Mittelstädt;de GER;DF;Stuttgart;28-067;1997,0;27,4;Matches;87,04;3,87;19,16;44,71;23,58;1,17;87,04;1,39;0,77;2,02;0,51;1,34;45,66;220,77;106,17;2,26;1,9;0,07;0,88;0,29;56,24;5,66;3,58;0,13;3,18;0,29;0,07;0,0;0,0;0,04;0,55;0,02;0,51;0,04;0,0;0,0;0,0;0,0
480;Maximilian Wittek;de GER;DF;Bochum;29-276;1995,0;30,1;Matches;62,52;3,49;16,94;29,14;17,01;0,66;62,52;1,0;0,4;1,33;0,47;1,55;25,55;116,15;59,24;1,56;1,43;0,23;1,26;0,4;28,57;2,76;3,32;0,11;2,06;0,93;0,03;0,17;0,13;0,0;0,2;0,01;0,1;0,03;0,0;0,03;0,03;0,0
361;Merlin Röhl;de GER;MF,FW;Freiburg;22-323;2002,0;10,7;Matches;37,66;0,56;4,3;18,22;15,79;2,62;37,66;3,74;1,12;2,8;2,34;5,84;20,28;137,85;57,01;1,87;1,4;0,84;4,21;2,06;23,93;5,61;2,34;0,22;1,78;0,0;0,09;0,19;0,19;0,09;0,28;0,03;0,09;0,0;0,0;0,09;0,09;0,0
226;Mert Kömür;de GER;MF;Augsburg;19-311;2005,0;7,3;Matches;42,88;1,1;5,89;16,85;20,68;2,33;42,88;3,01;1,64;7,47;0,96;4,36;25,34;143,42;75,34;2,47;2,33;0,55;3,01;3,15;29,73;6,3;3,42;0,47;1,23;1,51;0,27;0,27;0,14;0,0;0,14;0,02;0,0;0,14;0,0;0,0;0,0;0,0
147;Michael Gregoritsch;at AUT;FW;Freiburg;31-036;1994,0;7,1;Matches;30,99;0,85;3,8;13,52;13,94;4,65;30,99;0,99;0,56;8,04;0,42;6,04;13,24;59,86;28,45;0,85;0,42;0,42;1,97;1,27;20,99;5,07;2,68;0,38;2,11;0,0;0,14;0,28;0,0;0,14;0,7;0,1;0,42;0,0;0,0;0,28;0,0;0,0
315;Michael Olise;fr FRA;FW,MF;Bayern Munich;23-163;2001,0;25,9;Matches;75,56;0,69;4,13;25,68;46,64;5,71;75,56;5,83;2,78;1,84;2,32;1,53;50,39;286,41;147,03;4,59;2,66;1,78;2,28;1,12;60,08;14,71;6,53;0,25;4,67;0,66;0,58;0,27;0,35;0,0;0,97;0,04;0,5;0,12;0,08;0,12;0,15;0,0
491;Michael Zetterer;de GER;GK;Werder Bremen;29-316;1995,0;34,0;Matches;40,91;33,91;40,41;0,53;0,0;0,0;40,91;0,03;0,03;2,94;0,0;0,0;29,41;190,38;97,41;0,0;0,0;0,0;0,03;0,0;24,41;0,0;0,15;0,0;0,15;0,0;0,0;0,0;0,0;0,0;0,03;0,0;0,03;0,0;0,0;0,0;0,0;0,0
209;Mikkel Kaufmann;dk DEN;FW;Heidenheim;24-141;2001,0;4,1;Matches;33,9;1,46;4,63;17,32;12,44;2,93;33,9;1,71;0,49;6,98;0,73;10,46;18,78;89,51;41,71;0,98;1,46;0,98;2,68;0,49;24,15;5,12;2,93;0,71;1,71;0,24;0,0;0,24;0,73;0,0;0,24;0,06;0,0;0,0;0,0;0,0;0,24;0,0
455;Miloš Veljković;rs SRB;DF;Werder Bremen;29-240;1995,0;11,4;Matches;64,74;5,88;28,68;32,28;3,95;0,44;64,74;0,0;0,0;;0,0;;40,35;179,56;100,53;0,79;0,53;0,0;0,18;0,18;44,47;0,18;1,23;0,11;1,23;0,0;0,0;0,0;0,0;0,0;0,09;0,01;0,09;0,0;0,0;0,0;0,0;0,0
472;Mitchell Weiser;de GER;DF,MF;Werder Bremen;31-033;1994,0;31,9;Matches;61,1;1,88;12,54;29,12;20,09;3,42;61,1;2,63;1,1;1,31;1,29;1,53;31,03;132,26;66,8;2,04;1,38;0,41;2,23;1,13;37,93;6,27;2,73;0,09;2,29;0,06;0,06;0,09;0,16;0,06;0,41;0,01;0,38;0,0;0,0;0,03;0,0;0,0
13;Mohamed Amoura;dz ALG;FW;Wolfsburg;25-015;2000,0;27,4;Matches;40,36;0,62;4,34;14,05;22,96;4,64;40,29;3,32;1,35;1,49;1,75;1,92;22,92;149,93;75,44;2,96;1,68;1,28;3,14;0,66;26,75;8,91;2,92;0,11;2,04;0,07;0,22;0,36;0,15;0,07;0,47;0,02;0,44;0,0;0,04;0,0;0,0;0,0
154;Morgan Guilavogui;gn GUI;FW,MF;St. Pauli;27-075;1998,0;20,1;Matches;41,39;1,49;5,77;17,06;19,1;5,12;41,39;2,39;1,04;2,18;1,09;2,28;19,1;104,38;51,49;2,09;1,39;1,09;2,49;1,19;28,11;6,72;2,59;0,13;1,89;0,0;0,35;0,15;0,1;0,1;0,2;0,01;0,1;0,0;0,05;0,05;0,0;0,0
60;Moritz Broschinski;de GER;FW,MF;Bochum;24-243;2000,0;15,4;Matches;35,84;1,23;3,51;13,7;19,29;4,42;35,84;3,44;0,91;1,71;2,47;4,66;20,91;122,53;52,86;2,4;1,36;0,84;4,48;2,14;25,0;8,44;2,34;0,15;1,75;0,0;0,19;0,26;0,13;0,0;0,26;0,02;0,13;0,0;0,06;0,06;0,0;0,0
196;Moritz Jenz;de GER;DF;Mainz 05;26-024;1999,0;17,8;Matches;61,69;9,04;31,74;28,09;2,02;1,12;61,69;0,28;0,11;2,25;0,11;2,25;28,65;123,88;53,82;0,06;0,11;0,06;0,39;0,0;33,26;0,17;0,62;0,03;0,45;0,0;0,0;0,17;0,0;0,0;0,11;0,01;0,06;0,0;0,0;0,06;0,0;0,0
302;Moritz Nicolas;de GER;GK;Gladbach;27-215;1997,0;18,2;Matches;46,04;38,02;45,88;0,16;0,0;0,0;46,04;0,0;0,0;;0,0;;31,59;152,36;85,05;0,0;0,0;0,0;0,0;0,0;27,91;0,0;0,05;0,0;0,05;0,0;0,0;0,0;0,0;0,0;0,0;0,0;0,0;0,0;0,0;0,0;0,0;0,0
52;Myron Boadu;nl NED;FW;Bochum;24-130;2001,0;11,6;Matches;24,74;0,6;1,64;10,6;12,93;3,97;24,66;1,98;0,95;4,12;1,03;4,5;15,43;72,41;29,57;1,03;0,78;0,6;2,59;1,29;18,02;6,03;2,59;0,22;1,9;0,0;0,34;0,09;0,26;0,0;0,26;0,02;0,09;0,0;0,17;0,0;0,0;0,0
12;Nadiem Amiri;de GER;MF;Mainz 05;28-209;1996,0;27,5;Matches;76,11;1,64;13,09;42,15;21,96;1,78;76,04;2,44;1,16;1,74;1,13;1,68;41,24;196,87;93,75;1,82;1,56;0,51;1,53;0,98;47,53;2,33;4,33;0,16;2,69;1,09;0,22;0,18;0,11;0,04;0,55;0,02;0,47;0,0;0,0;0,07;0,0;0,0
292;Nathan N'Goumou;cm CMR;FW;Gladbach;25-071;2000,0;9,2;Matches;41,96;1,41;7,39;14,35;20,87;5,98;41,96;2,93;0,98;3,62;1,3;4,83;23,37;158,26;92,5;3,26;1,96;1,74;1,3;1,2;28,04;9,24;2,39;0,26;1,74;0,0;0,22;0,33;0,11;0,0;0,54;0,06;0,43;0,0;0,0;0,11;0,0;0,0
427;Nathan Tella;ng NGA;MF,FW;Leverkusen;25-323;1999,0;15,1;Matches;35,03;0,53;3,58;12,52;19,21;4,44;35,03;3,38;1,26;2,47;1,66;3,25;20,4;113,11;53,71;2,52;0,86;1,13;2,58;1,06;25,76;8,61;2,12;0,14;1,52;0,0;0,2;0,26;0,13;0,0;0,46;0,03;0,4;0,0;0,07;0,0;0,0;0,0
61;Nathaniel Brown;de GER;DF,MF;Eint Frankfurt;21-342;2003,0;21,6;Matches;54,35;1,99;14,54;22,45;18,01;2,31;54,35;1,53;0,51;1,54;0,79;2,38;27,78;150,88;77,78;2,08;1,44;0,28;1,39;0,56;30,46;5,51;2,96;0,14;2,04;0,74;0,0;0,09;0,09;0,0;0,51;0,02;0,32;0,14;0,0;0,05;0,0;0,0
239;Nediljko Labrović;hr CRO;GK;Augsburg;25-226;1999,0;15,0;Matches;36,4;30,07;35,8;0,6;0,0;0,0;36,4;0,0;0,0;;0,0;;20,4;104,73;61,53;0,0;0,0;0,0;0,0;0,0;15,87;0,0;0,07;0,0;0,07;0,0;0,0;0,0;0,0;0,0;0,0;0,0;0,0;0,0;0,0;0,0;0,0;0,0
471;Nelson Weiper;de GER;FW,MF;Mainz 05;20-068;2005,0;7,8;Matches;39,87;0,64;2,82;16,28;21,03;6,41;39,87;2,69;1,28;6,1;1,41;6,72;19,1;90,0;31,79;1,54;0,77;0,64;6,92;1,41;27,31;7,95;2,05;0,26;1,41;0,0;0,26;0,38;0,0;0,0;0,26;0,03;0,26;0,0;0,0;0,0;0,0;0,0
482;Nick Woltemade;de GER;FW,MF;Stuttgart;23-099;2002,0;18,0;Matches;43,78;1,06;3,33;18,44;22,5;8,83;43,61;3,94;1,72;2,43;2,06;2,89;26,11;126,0;53,94;1,72;1,56;1,22;4,67;2,78;34,61;7,83;4,39;0,24;3,06;0,0;0,44;0,67;0,17;0,06;0,56;0,03;0,28;0,0;0,22;0,06;0,0;0,0
115;Nico Elvedi;ch SUI;DF;Gladbach;28-236;1996,0;23,7;Matches;77,09;14,85;44,39;30,8;2,03;0,72;77,09;0,0;0,0;;0,0;;40,21;200,17;107,17;0,84;0,51;0,0;0,25;0,04;48,61;0,21;0,68;0,03;0,63;0,0;0,0;0,04;0,0;0,0;0,17;0,01;0,13;0,0;0,0;0,04;0,0;0,0
386;Nico Schlotterbeck;de GER;DF;Dortmund;25-174;1999,0;22,0;Matches;104,41;8,77;37,77;60,82;6,82;0,95;104,41;1,0;0,64;2,89;0,23;1,03;66,68;302,09;186,68;1,68;1,36;0,05;0,55;0,45;76,09;0,64;2,27;0,1;1,86;0,18;0,05;0,09;0,05;0,05;0,27;0,01;0,18;0,09;0,0;0,0;0,0;0,0
354;Nicolai Remberg;de GER;MF;Holstein Kiel;24-339;2000,0;26,9;Matches;48,92;4,5;15,95;28,14;5,46;0,97;48,92;0,93;0,26;1,04;0,48;1,93;20,52;106,06;50,04;0,93;0,71;0,0;0,82;0,67;27,62;1,15;1,12;0,04;0,89;0,0;0,0;0,11;0,11;0,0;0,11;0,0;0,11;0,0;0,0;0,0;0,0;0,0
170;Nicolas Höfler;de GER;MF;Freiburg;35-076;1990,0;8,8;Matches;54,77;4,2;15,23;32,27;7,73;0,45;54,77;0,45;0,45;11,36;0,0;0,0;22,61;97,95;21,7;0,11;0,34;0,11;1,14;1,14;30,34;0,34;1,48;0,17;1,36;0,0;0,0;0,0;0,11;0,0;0,11;0,01;0,11;0,0;0,0;0,0;0,0;0,0
392;Nicolas Seiwald;at AUT;MF,DF;RB Leipzig;24-020;2001,0;23,2;Matches;69,27;4,61;19,05;40,86;9,74;0,34;69,27;0,43;0,17;1,72;0,26;2,59;32,76;125,22;60,34;0,73;0,86;0,09;0,39;0,34;44,18;1,29;2,11;0,09;1,68;0,43;0,0;0,0;0,0;0,0;0,13;0,01;0,13;0,0;0,0;0,0;0,0;0,0
305;Niels Nkounkou;fr FRA;DF,MF;Eint Frankfurt;24-204;2000,0;4,2;Matches;70,24;3,81;22,14;31,67;18,33;1,9;70,24;3,81;1,67;10,43;1,67;10,43;42,38;232,62;128,33;4,05;3,33;0,24;1,67;0,95;41,67;5,0;3,81;0,9;2,62;0,71;0,24;0,0;0,0;0,24;0,24;0,06;0,0;0,24;0,0;0,0;0,0;0,0
105;Niklas Dorsch;de GER;MF;Heidenheim;27-129;1998,0;14,8;Matches;53,92;2,16;12,84;32,43;9,93;0,54;53,92;0,95;0,47;3,38;0,41;2,9;31,01;159,73;68,45;0,88;0,68;0,07;1,08;0,88;33,04;1,42;0,07;0,19;0,07;0,0;0,0;0,0;0,0;0,0;0,0;0,0;0,0;0,0;0,0;0,0;0,0;0,0
414;Niklas Stark;de GER;DF;Werder Bremen;30-040;1995,0;23,4;Matches;66,58;6,88;34,74;29,79;2,09;0,6;66,58;0,04;0,04;4,27;0,0;0,0;37,69;151,5;66,2;0,3;0,13;0,0;0,3;0,0;42,86;0,13;0,47;0,02;0,38;0,04;0,0;0,0;0,04;0,0;0,09;0,0;0,09;0,0;0,0;0,0;0,0;0,0
420;Niklas Süle;de GER;DF;Dortmund;29-263;1995,0;11,7;Matches;88,72;8,8;37,26;45,38;6,41;0,77;88,72;0,6;0,26;3,67;0,34;4,88;57,09;242,39;131,54;1,28;1,03;0,0;0,26;0,0;68,21;0,85;1,28;0,11;1,2;0,0;0,0;0,0;0,09;0,0;0,09;0,01;0,09;0,0;0,0;0,0;0,0;0,0
453;Nikola Vasilj;ba BIH;GK;St. Pauli;29-173;1995,0;33,0;Matches;45,24;31,79;44,61;0,67;0,0;0,0;45,24;0,03;0,03;3,03;0,0;0,0;27,55;138,61;77,79;0,0;0,0;0,0;0,0;0,0;27,88;0,0;0,03;0,0;0,03;0,0;0,0;0,0;0,0;0,0;0,0;0,0;0,0;0,0;0,0;0,0;0,0;0,0
456;Nikolas Veratschnig;at AUT;DF,MF;Mainz 05;22-120;2003,0;4,0;Matches;50,0;1,75;9,0;18,0;23,5;4,5;50,0;2,75;0,5;4,55;1,75;15,9;24,75;108,5;52,75;1,75;0,75;0,5;1,75;0,75;25,5;7,5;2,25;0,56;1,5;0,5;0,0;0,0;0,25;0,0;0,0;0,0;0,0;0,0;0,0;0,0;0,0;0,0
83;Nnamdi Collins;de GER;DF;Eint Frankfurt;21-134;2004,0;16,5;Matches;67,09;5,15;24,91;32,79;9,64;1,15;67,09;2,06;0,73;2,14;1,09;3,21;37,76;199,82;86,06;1,82;1,27;0,36;1,03;0,67;41,82;2,55;0,55;0,03;0,42;0,0;0,12;0,0;0,0;0,0;0,18;0,01;0,06;0,0;0,12;0,0;0,0;0,0
19;Noah Atubolu;de GER;GK;Freiburg;22-364;2002,0;25,6;Matches;46,8;35,86;46,41;0,43;0,0;0,0;46,8;0,0;0,0;;0,0;;26,56;140,59;70,43;0,0;0,0;0,0;0,0;0,0;26,56;0,0;0,23;0,01;0,2;0,04;0,0;0,0;0,0;0,0;0,0;0,0;0,0;0,0;0,0;0,0;0,0;0,0
473;Noah Weißhaupt;de GER;FW,MF;St. Pauli;23-246;2001,0;12,9;Matches;39,46;0,47;4,73;14,88;20,47;3,33;39,46;2,95;1,01;2,65;1,32;3,47;23,72;156,51;78,29;3,26;2,09;1,32;2,87;0,85;27,52;7,29;3,26;0,25;1,47;0,62;0,31;0,16;0,7;0,0;0,08;0,01;0,08;0,0;0,0;0,0;0,0;0,0
283;Nordi Mukiele;fr FRA;DF;Leverkusen;27-204;1997,0;10,0;Matches;72,5;2,7;18,4;40,7;14,1;2,2;72,5;1,7;0,9;5,29;0,7;4,12;36,3;175,0;99,2;2,0;1,4;0,6;1,0;0,3;44,1;2,8;1,5;0,15;1,1;0,0;0,2;0,1;0,0;0,1;0,1;0,01;0,0;0,0;0,0;0,1;0,0;0,0
4;Oladapo Afolayan;eng ENG;FW,MF;St. Pauli;27-101;1998,0;18,2;Matches;40,71;0,71;4,62;16,7;20,05;3,41;40,71;5,38;2,64;2,69;2,36;2,41;27,2;189,67;76,48;2,91;2,36;1,54;3,46;2,47;30,49;5,93;2,86;0,16;1,54;0,0;0,66;0,38;0,27;0,0;0,33;0,02;0,16;0,0;0,16;0,0;0,0;0,0
31;Oliver Baumann;de GER;GK;Hoffenheim;34-356;1990,0;28,0;Matches;40,96;32,18;40,11;0,89;0,0;0,0;40,96;0,04;0,04;3,57;0,0;0,0;24,21;114,75;64,39;0,0;0,0;0,0;0,0;0,0;20,5;0,0;0,36;0,01;0,21;0,14;0,0;0,0;0,0;0,0;0,07;0,0;0,0;0,07;0,0;0,0;0,0;0,0
67;Oliver Burke;sct SCO;FW;Werder Bremen;28-047;1997,0;10,1;Matches;43,56;0,5;3,76;16,53;23,86;7,82;43,56;1,19;0,69;5,77;0,5;4,13;24,36;133,96;48,81;2,18;1,19;1,39;3,76;1,29;32,57;8,71;3,27;0,32;2,38;0,1;0,2;0,4;0,1;0,1;0,2;0,02;0,0;0,1;0,0;0,0;0,0;0,1
263;Omar Marmoush;eg EGY;FW;Eint Frankfurt;26-106;1999,0;16,1;Matches;41,68;0,06;2,48;14,29;26,15;6,77;41,55;6,27;2,86;2,83;2,86;2,83;27,45;206,09;112,42;4,53;3,29;2,8;4,1;2,3;30,0;7,76;5,65;0,35;2,42;1,24;0,81;0,56;0,56;0,06;1,3;0,08;0,43;0,19;0,37;0,19;0,12;0,0
438;Omar Traoré;de GER;DF;Heidenheim;27-109;1998,0;29,1;Matches;58,83;2,41;17,73;26,63;15,4;0,72;58,83;2,2;0,86;1,34;1,07;1,66;31,68;199,35;114,71;3,54;1,82;0,21;1,37;0,76;34,16;3,95;1,86;0,06;1,44;0,1;0,14;0,07;0,1;0,0;0,07;0,0;0,07;0,0;0,0;0,0;0,0;0,0
183;Oscar Højlund;dk DEN;MF;Eint Frankfurt;20-140;2005,0;8,0;Matches;62,12;1,25;15,62;36,5;10,38;1,38;62,12;1,38;1,0;9,09;0,38;3,41;36,38;169,0;78,12;2,12;1,0;0,62;2,25;1,38;42,25;1,12;2,12;0,26;1,38;0,0;0,12;0,25;0,0;0,38;0,12;0,02;0,0;0,0;0,12;0,0;0,0;0,0
151;Pascal Groß;de GER;MF,DF;Dortmund;33-343;1991,0;25,9;Matches;84,09;2,32;16,06;44,4;24,13;1,93;84,09;0,35;0,12;1,29;0,23;2,58;44,36;194,75;91,58;1,58;1,66;0,19;0,85;0,35;58,3;4,71;3,71;0,14;2,24;1,12;0,04;0,23;0,04;0,04;0,66;0,03;0,54;0,0;0,04;0,04;0,0;0,04
106;Patrick Drewes;de GER;GK;Bochum;32-109;1993,0;21,0;Matches;43,48;33,76;42,95;0,52;0,0;0,0;43,48;0,0;0,0;;0,0;;22,81;117,67;61,14;0,0;0,0;0,0;0,0;0,0;20,24;0,0;0,1;0,0;0,05;0,05;0,0;0,0;0,0;0,0;0,0;0,0;0,0;0,0;0,0;0,0;0,0;0,0
117;Patrick Erras;de GER;DF;Holstein Kiel;30-123;1995,0;9,2;Matches;67,61;13,48;38,8;26,3;2,5;1,52;67,61;0,0;0,0;;0,0;;30,65;115,54;64,78;0,33;0,11;0,0;0,33;0,0;44,89;0,11;0,87;0,09;0,87;0,0;0,0;0,0;0,0;0,0;0,0;0,0;0,0;0,0;0,0;0,0;0,0;0,0
254;Patrick Mainka;de GER;DF;Heidenheim;30-199;1994,0;34,0;Matches;62,82;8,41;35,44;24,26;3,62;1,26;62,82;0,32;0,18;1,6;0,09;0,8;34,44;183,79;99,85;0,62;0,62;0,03;0,47;0,24;36,97;0,35;0,82;0,02;0,68;0,0;0,0;0,15;0,0;0,0;0,06;0,0;0,0;0,0;0,0;0,06;0,0;0,0
323;Patrick Osterhage;de GER;MF;Freiburg;25-112;2000,0;25,2;Matches;49,96;1,79;11,19;28,69;10,36;1,39;49,96;1,07;0,44;1,62;0,48;1,76;25,24;128,41;56,19;1,03;0,71;0,16;1,03;0,79;31,75;1,98;1,63;0,06;1,19;0,0;0,04;0,16;0,16;0,08;0,16;0,01;0,08;0,0;0,0;0,08;0,0;0,0
476;Patrick Wimmer;at AUT;MF,FW;Wolfsburg;23-359;2001,0;19,7;Matches;46,7;1,02;8,12;20,81;18,78;3,2;46,7;3,5;1,88;2,72;1,47;2,13;25,58;155,13;77,41;2,34;2,23;0,66;2,18;1,37;27,01;3,81;3,6;0,18;2,28;0,41;0,41;0,1;0,25;0,15;0,61;0,03;0,36;0,05;0,05;0,05;0,05;0,05
382;Patrik Schick;cz CZE;FW;Leverkusen;29-120;1996,0;18,7;Matches;30,91;0,86;2,78;13,05;15,35;5,78;30,86;1,39;0,53;2,06;0,75;2,88;16,68;55,72;14,22;0,37;0,11;0,37;2,3;1,6;24,17;5,72;1,82;0,1;1,18;0,0;0,21;0,16;0,27;0,0;0,16;0,01;0,05;0,0;0,0;0,05;0,05;0,0
295;Paul Nebel;de GER;MF;Mainz 05;22-226;2002,0;26,1;Matches;58,08;1,11;6,97;24,33;27,47;2,8;58,08;2,45;0,96;1,5;1,38;2,16;34,25;175,17;69,73;2,57;1,72;0,73;2,57;1,65;41,34;8,39;3,22;0,12;2,18;0,19;0,27;0,15;0,34;0,08;0,23;0,01;0,19;0,0;0,0;0,0;0,04;0,0
467;Paul Wanner;de GER;MF,FW;Heidenheim;19-152;2005,0;19,7;Matches;47,46;0,96;7,01;24,37;17,16;2,08;47,41;2,99;1,27;2,15;1,47;2,5;25,18;132,64;56,29;1,42;1,47;0,3;2,28;1,88;29,19;3,3;2,59;0,13;1,52;0,46;0,05;0,3;0,25;0,0;0,36;0,02;0,25;0,0;0,0;0,1;0,0;0,0
204;Pavel Kadeřábek;cz CZE;DF;Hoffenheim;33-029;1992,0;17,5;Matches;58,06;2,97;14,57;23,71;19,89;1,77;58,06;0,46;0,29;3,57;0,17;2,14;26,06;103,31;49,83;0,86;1,09;0,06;0,34;0,17;34,57;4,91;2,34;0,13;1,66;0,4;0,17;0,06;0,0;0,06;0,06;0,0;0,06;0,0;0,0;0,0;0,0;0,0
163;Phil Harres;de GER;FW;Holstein Kiel;23-060;2002,0;17,2;Matches;27,97;1,28;3,43;15,23;9,59;3,55;27,97;1,4;0,29;1,21;0,99;4,12;13,95;58,9;21,8;0,7;0,87;0,58;3,72;1,4;18,49;4,13;1,28;0,07;0,81;0,0;0,0;0,23;0,23;0,0;0,29;0,02;0,06;0,0;0,0;0,12;0,12;0,0
172;Philipp Hofmann;de GER;FW;Bochum;32-055;1993,0;25,3;Matches;37,08;1,58;3,48;21,66;12,13;3,95;37,08;0,79;0,4;1,98;0,4;1,98;19,21;64,51;18,02;0,32;0,59;0,08;2,17;1,26;28,89;4,43;2,17;0,09;1,66;0,0;0,0;0,36;0,08;0,08;0,12;0,0;0,08;0,0;0,0;0,04;0,0;0,0
246;Philipp Lienhart;at AUT;DF;Freiburg;28-317;1996,0;30,8;Matches;81,82;7,69;38,38;39,71;4,03;0,62;81,82;0,32;0,13;1,3;0,16;1,62;46,88;289,68;158,6;1,43;0,62;0,03;0,32;0,06;55,58;0,29;0,84;0,03;0,65;0,13;0,0;0,0;0,03;0,03;0,06;0,0;0,03;0,03;0,0;0,0;0,0;0,0
375;Philipp Sander;de GER;MF;Gladbach;27-092;1998,0;15,6;Matches;59,04;3,4;16,47;33,59;9,68;1,09;59,04;1,15;0,71;3,92;0,38;2,13;30,32;145,19;65,64;1,03;0,96;0,32;1,03;0,45;36,86;1,86;1,79;0,12;1,28;0,26;0,06;0,19;0,0;0,0;0,06;0,0;0,06;0,0;0,0;0,0;0,0;0,0
440;Philipp Treu;de GER;MF,DF;St. Pauli;24-172;2000,0;32,0;Matches;58,34;2,94;17,62;24,84;16,56;1,44;58,34;1,22;0,41;1,04;0,59;1,52;25,78;138,34;67,47;1,81;1,31;0,34;1,06;0,38;30,59;3,66;2,16;0,07;1,56;0,16;0,16;0,12;0,12;0,03;0,16;0,0;0,09;0,03;0,03;0,0;0,0;0,0
432;Phillip Tietz;de GER;FW;Augsburg;27-319;1997,0;18,7;Matches;36,2;1,18;3,64;15,94;17,11;4,76;36,15;1,66;0,8;2,59;0,8;2,59;18,56;58,93;17,01;0,43;0,64;0,21;2,46;0,91;26,84;6,04;2,57;0,14;1,87;0,05;0,16;0,37;0,11;0,0;0,27;0,01;0,11;0,0;0,05;0,11;0,0;0,0
290;Phillipp Mwene;at AUT;DF;Mainz 05;31-115;1994,0;29,0;Matches;53,62;2,34;12,28;21,66;20,21;1,69;53,62;1,72;0,76;1,52;0,86;1,72;26,72;150,86;68,72;2,14;1,69;0,41;1,62;0,9;30,79;4,97;2,17;0,08;1,76;0,28;0,0;0,03;0,07;0,03;0,34;0,01;0,28;0,03;0,0;0,0;0,03;0,0
168;Piero Hincapié;ec ECU;DF;Leverkusen;23-135;2002,0;29,7;Matches;82,69;7,21;27,74;43,37;11,78;1,62;82,69;0,57;0,17;0,99;0,34;1,98;45,99;241,68;145,39;1,75;1,62;0,2;0,64;0,17;57,41;2,42;1,18;0,04;0,91;0,03;0,0;0,2;0,0;0,03;0,1;0,0;0,1;0,0;0,0;0,0;0,0;0,0
156;Péter Gulácsi;hu HUN;GK;RB Leipzig;35-018;1990,0;29,2;Matches;34,04;28,12;33,39;0,68;0,0;0,0;34,04;0,0;0,0;;0,0;;17,74;82,57;41,82;0,0;0,0;0,0;0,03;0,0;14,55;0,0;0,07;0,0;0,07;0,0;0,0;0,0;0,0;0,0;0,0;0,0;0,0;0,0;0,0;0,0;0,0;0,0
164;Ramon Hendriks;nl NED;DF;Stuttgart;23-310;2001,0;12,8;Matches;65,55;5,23;26,41;32,66;6,72;0,86;65,55;0,7;0,39;4,34;0,31;3,47;32,66;158,44;59,45;0,62;0,39;0,16;0,47;0,31;38,98;1,72;1,02;0,08;0,62;0,23;0,08;0,08;0,0;0,0;0,16;0,01;0,16;0,0;0,0;0,0;0,0;0,0
42;Ramy Bensebaini;dz ALG;DF;Dortmund;30-038;1995,0;22,5;Matches;78,49;4,89;22,8;40,62;15,51;1,6;78,49;0,8;0,22;1,24;0,49;2,72;41,82;173,16;85,51;1,16;1,42;0,09;0,71;0,27;48,62;2,58;1,73;0,08;1,47;0,13;0,0;0,09;0,0;0,04;0,44;0,02;0,36;0,04;0,0;0,0;0,0;0,04
215;Rani Khedira;de GER;MF;Union Berlin;31-117;1994,0;30,3;Matches;41,12;2,67;11,12;23,43;6,83;0,99;41,12;0,36;0,17;1,5;0,2;1,8;16,7;69,21;24,36;0,4;0,33;0,07;0,79;0,33;20,36;1,12;1,09;0,04;1,02;0,0;0,0;0,03;0,0;0,03;0,07;0,0;0,07;0,0;0,0;0,0;0,0;0,0
153;Raphaël Guerreiro;pt POR;DF,MF;Bayern Munich;31-153;1993,0;17,5;Matches;84,97;1,94;14,46;39,26;31,66;3,14;84,97;1,14;0,57;2,86;0,51;2,57;46,86;203,2;104,63;2,23;2,29;0,29;0,91;0,86;63,83;7,2;3,09;0,18;2,8;0,17;0,0;0,11;0,0;0,0;0,57;0,03;0,46;0,0;0,0;0,11;0,0;0,0
235;Rasmus Kristensen;dk DEN;DF;Eint Frankfurt;27-317;1997,0;27,9;Matches;70,07;4,48;21,15;31,18;18,24;2,19;70,07;1,76;0,79;1,61;0,86;1,76;38,85;163,44;83,15;1,83;1,29;0,32;1,33;0,54;43,66;5,81;2,15;0,08;1,65;0,14;0,07;0,18;0,07;0,04;0,36;0,01;0,18;0,0;0,04;0,11;0,0;0,04
23;Ridle Baku;de GER;FW,MF;Wolfsburg;27-046;1998,0;13,0;Matches;49,69;1,15;8,62;23,62;18,0;2,62;49,69;1,54;0,69;3,46;0,77;3,85;27,08;125,08;49,46;1,23;0,69;0,62;1,15;0,77;30,08;6,0;2,38;0,18;1,69;0,15;0,08;0,23;0,08;0,15;0,31;0,02;0,23;0,0;0,0;0,0;0,08;0,0
24;Ridle Baku;de GER;DF,MF;RB Leipzig;27-046;1998,0;14,2;Matches;56,06;2,25;10,63;25,07;20,77;2,25;56,06;1,69;1,13;4,7;0,42;1,76;26,97;122,68;60,77;1,48;1,2;0,21;1,83;0,99;35,42;6,83;2,18;0,17;1,55;0,14;0,07;0,21;0,07;0,14;0,28;0,02;0,21;0,0;0,0;0,0;0,07;0,0
102;Ritsu Doan;jp JPN;FW,MF;Freiburg;26-342;1998,0;31,8;Matches;48,33;1,26;6,76;20,91;21,35;3,4;48,33;3,99;1,76;1,39;1,86;1,46;26,01;139,62;65,69;2,01;1,7;0,82;1,82;1,95;32,42;5,6;3,49;0,11;2,14;0,06;0,44;0,28;0,47;0,09;0,5;0,02;0,35;0,03;0,03;0,03;0,03;0,03
14;Robert Andrich;de GER;MF,DF;Leverkusen;30-244;1994,0;17,8;Matches;62,58;2,53;14,16;36,29;12,36;1,12;62,58;0,28;0,11;2,25;0,06;1,12;29,55;120,22;49,78;0,45;0,79;0,06;0,39;0,06;44,49;0,96;1,85;0,1;1,4;0,0;0,06;0,28;0,06;0,06;0,22;0,01;0,17;0,0;0,0;0,06;0,0;0,0
408;Robert Skov;dk DEN;DF,MF;Union Berlin;29-004;1996,0;9,5;Matches;59,37;2,0;11,68;27,47;21,05;2,42;59,26;1,79;0,53;3,09;1,16;6,81;27,68;152,63;80,0;2,63;1,16;0,84;2,21;0,32;30,63;4,74;3,89;0,41;2,11;1,37;0,11;0,21;0,11;0,0;0,53;0,06;0,42;0,0;0,11;0,0;0,0;0,0
464;Robert Wagner;de GER;MF;St. Pauli;21-314;2003,0;4,5;Matches;40,67;2,0;9,78;22,22;8,89;0,67;40,67;0,44;0,22;11,11;0,22;11,11;13,11;46,44;16,0;0,22;0,44;0,0;1,11;1,33;20,44;2,0;0,67;0,15;0,67;0,0;0,0;0,0;0,0;0,0;0,0;0,0;0,0;0,0;0,0;0,0;0,0;0,0
160;Robin Hack;de GER;FW,MF;Gladbach;26-270;1998,0;24,1;Matches;49,21;1,08;8,63;23,44;17,88;3,49;49,21;2,61;1,04;1,65;1,37;2,17;28,38;163,69;75,64;2,12;1,91;0,87;2,7;1,83;33,57;5,85;3,11;0,13;2,32;0,25;0,12;0,25;0,12;0,04;0,46;0,02;0,41;0,0;0,0;0,0;0,04;0,0
222;Robin Koch;de GER;DF;Eint Frankfurt;28-311;1996,0;28,7;Matches;74,84;13,9;37,46;35,51;2,09;1,01;74,84;0,1;0,03;1,16;0,07;2,32;43,34;181,32;96,86;0,31;0,21;0,0;0,42;0,1;48,68;0,14;0,73;0,03;0,63;0,0;0,0;0,1;0,0;0,0;0,14;0,0;0,14;0,0;0,0;0,0;0,0;0,0
488;Robin Zentner;de GER;GK;Mainz 05;30-208;1994,0;32,0;Matches;40,22;29,47;39,22;0,97;0,03;0,03;40,22;0,0;0,0;;0,0;;23,47;115,84;64,22;0,0;0,0;0,0;0,06;0,0;20,75;0,0;0,25;0,01;0,25;0,0;0,0;0,0;0,0;0,0;0,0;0,0;0,0;0,0;0,0;0,0;0,0;0,0
353;Rocco Reitz;de GER;MF;Gladbach;22-360;2002,0;20,3;Matches;59,06;3,69;18,42;32,41;9,06;1,82;59,06;1,77;0,84;2,33;0,84;2,33;30,25;143,6;62,02;0,89;0,64;0,05;1,23;1,13;35,76;1,48;2,22;0,11;1,72;0,0;0,1;0,05;0,1;0,25;0,25;0,01;0,2;0,0;0,05;0,0;0,0;0,0
387;Romano Schmid;at AUT;MF;Werder Bremen;25-117;2000,0;31,5;Matches;63,11;0,79;7,75;29,84;26,41;3,3;63,08;3,02;1,43;1,5;1,43;1,5;41,75;220,06;122,67;3,4;2,41;0,89;2,38;1,75;47,68;6,38;4,79;0,15;3,52;0,51;0,16;0,35;0,22;0,03;0,41;0,01;0,32;0,03;0,0;0,03;0,03;0,0
53;Sacha Boey;fr FRA;DF;Bayern Munich;24-253;2000,0;6,6;Matches;87,88;2,42;12,58;41,21;34,24;1,67;87,88;2,88;0,91;4,79;1,67;8,77;54,55;233,79;112,88;2,73;1,36;0,61;1,67;1,06;63,03;9,55;1,67;0,25;1,21;0,0;0,3;0,0;0,15;0,0;0,45;0,07;0,3;0,0;0,15;0,0;0,0;0,0
326;Salih Özcan;tr TUR;MF;Dortmund;27-133;1998,0;4,3;Matches;71,4;3,02;17,67;40,0;13,95;1,63;71,4;0,47;0,47;23,26;0,0;0,0;29,53;125,58;52,56;0,93;1,4;0,47;0,93;0,23;37,44;0,93;2,56;0,65;1,63;0,47;0,23;0,23;0,0;0,0;0,0;0,0;0,0;0,0;0,0;0,0;0,0;0,0
118;Samuel Essende;cd COD;FW;Augsburg;27-121;1998,0;18,2;Matches;30,99;0,55;2,36;14,4;14,84;5,11;30,99;2,86;0,77;1,48;1,76;3,38;19,07;90,77;38,41;1,81;1,04;1,1;4,73;2,03;23,79;6,48;1,48;0,08;0,77;0,05;0,16;0,22;0,27;0,0;0,16;0,01;0,11;0,0;0,05;0,0;0,0;0,0
55;Sebastiaan Bornauw;be BEL;DF;Wolfsburg;26-063;1999,0;8,8;Matches;48,64;5,68;19,32;27,16;2,39;1,14;48,64;0,11;0,0;0,0;0,11;11,36;23,41;104,55;43,07;0,34;0,23;0,0;0,23;0,11;26,14;0,11;0,45;0,05;0,34;0,0;0,0;0,11;0,0;0,0;0,11;0,01;0,0;0,0;0,0;0,11;0,0;0,0
251;Senne Lynen;be BEL;MF;Werder Bremen;26-094;1999,0;30,4;Matches;56,48;4,01;17,3;32,04;7,53;0,43;56,48;0,92;0,39;1,41;0,43;1,53;27,93;98,75;37,14;0,3;0,46;0,1;1,15;0,49;31,55;0,92;1,05;0,03;0,92;0,0;0,03;0,07;0,0;0,03;0,2;0,01;0,2;0,0;0,0;0,0;0,0;0,0
140;Serge Gnabry;de GER;FW,MF;Bayern Munich;29-314;1995,0;13,8;Matches;54,93;0,65;4,93;20,87;29,49;6,96;54,86;2,9;1,3;3,26;1,45;3,62;33,91;180,51;88,84;3,19;1,59;1,81;1,81;0,51;42,1;10,8;4,06;0,29;3,19;0,0;0,58;0,14;0,0;0,14;0,94;0,07;0,58;0,0;0,29;0,0;0,0;0,07
155;Serhou Guirassy;gn GUI;FW;Dortmund;29-073;1996,0;28,9;Matches;33,39;1,38;2,63;16,78;14,19;5,54;33,25;1,35;0,38;0,98;0,73;1,86;18,27;75,95;31,28;0,87;0,76;0,42;2,63;1,04;25,85;4,43;1,83;0,06;1,25;0,0;0,03;0,35;0,21;0,0;0,35;0,01;0,17;0,0;0,0;0,1;0,07;0,0
252;Shuto Machino;jp JPN;FW,MF;Holstein Kiel;25-236;1999,0;21,7;Matches;41,43;1,52;6,41;17,93;17,37;2,9;41,34;0,83;0,46;2,56;0,28;1,53;20,69;91,06;43,55;1,38;0,78;0,6;2,03;0,92;26,77;4,98;3,41;0,16;2,21;0,88;0,09;0,14;0,09;0,0;0,41;0,02;0,37;0,05;0,0;0,0;0,0;0,0
450;Siebe Van Der Heyden;be BEL;DF,MF;St. Pauli;26-359;1998,0;9,7;Matches;62,06;5,57;25,67;29,28;7,42;1,13;62,06;0,52;0,1;2,06;0,41;8,25;27,32;125,15;58,97;1,03;0,62;0,0;0,31;0,41;37,53;2,68;0,82;0,09;0,62;0,0;0,0;0,0;0,0;0,21;0,0;0,0;0,0;0,0;0,0;0,0;0,0;0,0
475;Silvan Widmer;ch SUI;DF;Mainz 05;32-080;1993,0;5,6;Matches;64,82;4,64;18,04;25,89;21,25;2,14;64,82;0,71;0,0;0,0;0,71;17,86;26,07;85,36;20,0;0,54;0,54;0,18;1,43;0,54;33,93;6,43;1,79;0,32;1,25;0,36;0,0;0,18;0,0;0,0;0,36;0,06;0,18;0,18;0,0;0,0;0,0;0,0
85;Sirlord Conteh;de GER;FW,MF;Heidenheim;28-319;1996,0;9,9;Matches;30,4;0,4;3,84;12,12;15,35;3,43;30,4;1,31;0,61;4,67;0,61;4,67;19,7;125,56;71,21;2,93;1,11;1,21;2,32;0,81;22,02;7,58;2,83;0,28;2,42;0,0;0,1;0,0;0,3;0,0;0,4;0,04;0,4;0,0;0,0;0,0;0,0;0,0
293;Stanley N'Soki;fr FRA;DF;Hoffenheim;26-045;1999,0;14,5;Matches;69,31;7,59;33,1;33,52;3,45;0,28;69,31;1,1;0,76;4,74;0,21;1,3;36,48;156,0;71,24;0,69;0,55;0,0;1,1;0,34;42,41;0,41;1,31;0,09;1,17;0,07;0,0;0,07;0,0;0,0;0,07;0,0;0,07;0,0;0,0;0,0;0,0;0,0
39;Stefan Bell;de GER;DF;Mainz 05;33-273;1991,0;16,0;Matches;59,5;8,06;32,12;25,12;2,56;1,88;59,5;0,38;0,12;2,08;0,19;3,12;25,94;122,69;61,94;0,5;0,06;0,06;0,81;0,25;30,25;0,31;0,62;0,04;0,44;0,0;0,0;0,12;0,0;0,06;0,19;0,01;0,12;0,0;0,0;0,06;0,0;0,0
241;Stefan Lainer;at AUT;DF;Gladbach;32-270;1992,0;8,4;Matches;67,26;3,93;23,33;28,45;15,71;0,71;67,26;1,19;0,6;5,95;0,6;5,95;34,29;192,86;103,21;2,98;2,38;0,24;0,83;0,83;38,45;3,81;1,79;0,21;1,79;0,0;0,0;0,0;0,0;0,0;0,12;0,01;0,12;0,0;0,0;0,0;0,0;0,0
409;Steven Skrzybski;de GER;MF,FW;Holstein Kiel;32-187;1992,0;14,7;Matches;42,11;0,61;6,6;21,16;15,03;3,06;42,04;1,5;0,88;4,02;0,61;2,78;21,29;87,21;37,55;1,16;1,09;0,41;2,72;1,5;27,07;4,83;3,47;0,24;2,31;0,14;0,14;0,54;0,27;0,07;0,34;0,02;0,27;0,07;0,0;0,0;0,0;0,0
90;Thomas Dähne;de GER;GK;Holstein Kiel;31-140;1994,0;9,0;Matches;48,0;39,44;47,22;0,78;0,0;0,0;48,0;0,0;0,0;;0,0;;26,0;123,56;67,0;0,0;0,0;0,0;0,0;0,0;23,67;0,0;0,11;0,01;0,11;0,0;0,0;0,0;0,0;0,0;0,0;0,0;0,0;0,0;0,0;0,0;0,0;0,0
287;Thomas Müller;de GER;MF,FW;Bayern Munich;35-253;1989,0;13,6;Matches;56,1;0,96;3,38;20,15;32,57;7,57;56,1;1,25;0,59;3,46;0,59;3,46;28,38;112,28;60,88;1,76;1,4;0,51;1,76;1,47;45,51;10,51;5,37;0,39;4,56;0,15;0,22;0,44;0,0;0,0;0,66;0,05;0,51;0,0;0,07;0,07;0,0;0,0
72;Tiago Cardoso;lu LUX;GK;Gladbach;19-047;2006,0;4,2;Matches;45,0;41,67;45,0;0,0;0,0;0,0;45,0;0,0;0,0;;0,0;;24,05;135,24;86,9;0,0;0,0;0,0;0,0;0,0;22,38;0,0;0,0;0,0;0,0;0,0;0,0;0,0;0,0;0,0;0,0;0,0;0,0;0,0;0,0;0,0;0,0;0,0
435;Tiago Tomás;pt POR;FW,MF;Wolfsburg;22-342;2002,0;20,9;Matches;37,42;0,86;5,45;16,36;16,22;3,73;37,42;3,83;1,39;1,74;2,01;2,51;24,07;118,52;47,22;1,48;0,91;0,67;2,63;1,67;26,6;5,98;2,63;0,13;1,58;0,0;0,33;0,38;0,29;0,05;0,38;0,02;0,19;0,0;0,05;0,1;0,05;0,0
107;Tim Drexler;de GER;DF;Hoffenheim;20-079;2005,0;4,0;Matches;55,75;4,5;22,75;31,25;2,75;0,0;55,75;0,0;0,0;;0,0;;32,0;120,75;52,0;0,5;0,5;0,0;0,75;1,25;35,75;0,5;1,5;0,38;1,5;0,0;0,0;0,0;0,0;0,0;0,25;0,06;0,25;0,0;0,0;0,0;0,0;0,0
217;Tim Kleindienst;de GER;FW;Gladbach;29-266;1995,0;30,4;Matches;37,8;2,43;4,77;20,16;13,26;4,51;37,73;1,22;0,46;1,24;0,76;2,05;17,93;79,18;33,68;1,48;0,69;0,79;2,7;1,38;26,22;4,77;2,24;0,07;1,58;0,03;0,03;0,33;0,13;0,13;0,46;0,02;0,3;0,03;0,0;0,03;0,07;0,03
312;Tim Oermann;de GER;DF;Bochum;21-230;2003,0;24,6;Matches;47,64;3,78;18,01;25,65;4,35;0,08;47,64;0,57;0,24;1,74;0,28;2,03;24,59;114,88;48,9;0,61;0,57;0,12;0,98;0,37;25,98;0,65;0,81;0,03;0,73;0,04;0,0;0,0;0,0;0,04;0,12;0,0;0,12;0,0;0,0;0,0;0,0;0,0
395;Tim Siersleben;de GER;DF;Heidenheim;25-076;2000,0;13,1;Matches;66,34;8,63;38,55;23,59;4,5;0,53;66,34;0,46;0,23;3,82;0,23;3,82;36,03;158,55;75,57;0,61;0,61;0,08;0,38;0,31;42,75;0,92;1,15;0,09;1,07;0,08;0,0;0,0;0,0;0,0;0,0;0,0;0,0;0,0;0,0;0,0;0,0;0,0
404;Tim Skarke;de GER;FW,MF;Union Berlin;28-259;1996,0;12,9;Matches;37,75;0,78;5,5;15,81;16,74;2,4;37,75;1,86;0,78;3,23;1,01;4,2;22,71;111,09;43,88;2,02;1,01;0,78;2,64;1,63;26,05;7,44;2,64;0,2;2,02;0,0;0,16;0,23;0,23;0,0;0,31;0,02;0,23;0,0;0,0;0,08;0,0;0,0
35;Timo Becker;de GER;DF;Holstein Kiel;28-060;1997,0;27,2;Matches;48,71;4,96;25,07;19,08;5,22;1,03;48,71;0,96;0,44;1,7;0,51;1,98;21,62;124,78;62,83;1,03;0,96;0,04;1,03;0,37;25,15;1,4;1,1;0,04;0,81;0,04;0,07;0,15;0,0;0,04;0,29;0,01;0,18;0,0;0,04;0,04;0,0;0,04
179;Timo Horn;de GER;GK;Bochum;32-012;1993,0;13,0;Matches;41,15;29,15;40,38;0,77;0,0;0,0;41,15;0,0;0,0;;0,0;;21,92;109,31;62,08;0,0;0,0;0,0;0,08;0,0;19,54;0,0;0,23;0,02;0,08;0,15;0,0;0,0;0,0;0,0;0,0;0,0;0,0;0,0;0,0;0,0;0,0;0,0
470;Timon Weiner;de GER;GK;Holstein Kiel;26-126;1999,0;25,0;Matches;42,72;37,44;42,56;0,16;0,0;0,0;42,72;0,0;0,0;;0,0;;21,6;102,44;45,76;0,0;0,0;0,0;0,0;0,0;21,24;0,0;0,2;0,01;0,2;0,0;0,0;0,0;0,0;0,0;0,0;0,0;0,0;0,0;0,0;0,0;0,0;0,0
50;Tom Bischof;de GER;MF,FW;Hoffenheim;19-330;2005,0;28,4;Matches;68,7;2,68;13,24;33,7;22,32;1,62;68,7;2,25;1,02;1,6;1,13;1,76;33,87;165,11;73,66;1,65;1,2;0,32;1,44;1,34;40,35;3,59;4,12;0,15;2,36;1,13;0,14;0,28;0,14;0,07;0,25;0,01;0,21;0,04;0,0;0,0;0,0;0,0
234;Tom Krauß;de GER;MF;Bochum;23-336;2001,0;12,0;Matches;64,0;1,92;13,08;37,5;14,25;0,67;64,0;1,92;1,0;4,35;0,92;3,98;35,83;182,67;85,08;1,33;1,67;0,08;1,92;0,58;38,42;1,67;3,33;0,28;2,75;0,0;0,08;0,0;0,42;0,08;0,08;0,01;0,0;0,0;0,0;0,0;0,0;0,08
364;Tom Rothe;de GER;DF,MF;Union Berlin;20-207;2004,0;18,6;Matches;57,74;3,49;17,42;22,1;18,39;2,04;57,74;1,08;0,27;1,34;0,81;4,03;24,52;111,83;47,8;1,34;0,59;0,16;1,24;1,67;28,06;4,89;1,88;0,1;1,29;0,27;0,0;0,16;0,16;0,0;0,38;0,02;0,22;0,05;0,0;0,05;0,05;0,0
88;Tomáš Čvančara;cz CZE;FW;Gladbach;24-284;2000,0;9,2;Matches;36,52;2,07;5,11;16,52;15,0;3,91;36,52;1,85;0,65;3,84;0,98;5,75;20,11;97,72;38,26;1,63;0,76;0,54;1,96;0,65;25,54;5,43;1,63;0,18;1,41;0,0;0,0;0,11;0,11;0,0;0,11;0,01;0,11;0,0;0,0;0,0;0,0;0,0
442;Tuta;br BRA;DF,MF;Eint Frankfurt;25-324;1999,0;25,3;Matches;70,04;8,5;32,85;33,12;4,27;1,03;70,04;0,67;0,51;3,02;0,16;0,93;39,8;177,98;74,47;0,43;0,36;0,08;0,87;0,28;44,66;0,47;1,03;0,04;0,91;0,04;0,0;0,08;0,0;0,0;0,04;0,0;0,04;0,0;0,0;0,0;0,0;0,0
349;Tymoteusz Puchacz;pl POL;DF;Holstein Kiel;26-121;1999,0;4,4;Matches;56,14;3,41;16,82;21,36;19,77;0,45;56,14;4,32;2,05;10,77;1,82;9,57;24,77;159,77;80,23;2,95;2,5;0,0;1,82;1,14;28,41;6,82;3,18;0,72;2,05;1,14;0,0;0,0;0,0;0,0;0,23;0,05;0,23;0,0;0,0;0,0;0,0;0,0
433;Umut Tohumcu;de GER;MF,FW;Hoffenheim;20-286;2004,0;4,2;Matches;40,24;1,9;10,71;21,43;8,57;0,0;40,24;1,67;0,95;13,6;0,71;10,21;21,67;87,62;45,95;0,71;0,48;0,0;0,71;1,67;24,29;1,19;1,43;0,34;0,48;0,48;0,0;0,24;0,24;0,0;0,24;0,06;0,24;0,0;0,0;0,0;0,0;0,0
132;Valentin Gendrey;fr FRA;DF;Hoffenheim;24-337;2000,0;15,7;Matches;55,67;3,89;15,35;21,46;19,24;1,78;55,67;0,7;0,19;1,74;0,51;4,63;23,12;98,54;54,27;1,53;0,96;0,45;1,53;0,7;27,07;5,48;2,36;0,15;1,72;0,32;0,06;0,13;0,13;0,0;0,25;0,02;0,06;0,13;0,0;0,0;0,06;0,0
54;Victor Boniface;ng NGA;FW;Leverkusen;24-152;2000,0;11,2;Matches;35,71;0,45;2,14;14,55;19,2;6,88;35,62;3,12;1,34;3,83;1,7;4,85;18,48;102,5;45,27;2,32;1,07;1,34;3,84;2,59;28,48;5,45;2,86;0,26;1,7;0,0;0,45;0,71;0,0;0,0;0,27;0,02;0,09;0,0;0,18;0,0;0,0;0,0
148;Vincenzo Grifo;it ITA;FW,MF;Freiburg;32-047;1993,0;27,0;Matches;65,48;1,3;8,89;34,11;22,89;2,63;65,37;1,67;0,93;2,06;0,7;1,56;34,78;182,78;93,19;2,15;1,3;0,78;1,33;0,63;43,93;5,44;4,48;0,17;2,56;1,22;0,22;0,44;0,04;0,0;0,56;0,02;0,37;0,15;0,04;0,0;0,0;0,0
15;Waldemar Anton;de GER;DF;Dortmund;28-308;1996,0;21,7;Matches;97,97;8,71;36,54;53,55;8,25;1,47;97,97;1,11;0,92;3,84;0,09;0,38;63,87;322,07;161,15;1,47;1,29;0,0;0,97;0,41;71,06;1,29;1,89;0,09;1,47;0,0;0,28;0,09;0,0;0,05;0,23;0,01;0,18;0,0;0,0;0,05;0,0;0,0
321;Willi Orban;hu HUN;DF;RB Leipzig;32-202;1992,0;24,7;Matches;85,06;10,85;38,62;42,96;3,93;1,82;85,06;0,16;0,12;3,04;0,0;0,0;43,85;209,72;114,45;0,61;0,24;0,08;0,61;0,16;53,44;0,32;0,85;0,03;0,73;0,0;0,0;0,04;0,0;0,08;0,12;0,0;0,12;0,0;0,0;0,0;0,0;0,0
400;Xavi Simons;nl NED;MF;RB Leipzig;22-033;2003,0;23,9;Matches;65,15;0,54;6,23;32,05;28,12;3,43;65,15;4,18;1,38;1,38;2,34;2,34;36,36;220,13;115,69;3,56;2,97;0,92;3,05;2,3;46,53;7,74;4,52;0,19;3,22;0,54;0,13;0,13;0,46;0,04;0,5;0,02;0,33;0,04;0,04;0,08;0,0;0,0
87;Yan Couto;br BRA;DF,FW;Dortmund;22-355;2002,0;9,9;Matches;85,76;2,83;22,93;38,48;25,15;1,62;85,76;3,33;1,31;3,98;1,82;5,51;48,79;290,0;148,38;4,65;3,23;0,61;1,41;0,71;55,25;8,38;2,93;0,29;2,63;0,0;0,2;0,1;0,0;0,0;0,2;0,02;0,2;0,0;0,0;0,0;0,0;0,0
133;Yannick Gerhardt;de GER;MF,DF;Wolfsburg;31-072;1994,0;16,9;Matches;50,53;2,9;13,14;24,08;13,67;1,89;50,53;0,47;0,06;0,74;0,41;5,18;25,92;115,38;59,23;1,6;0,83;0,3;1,12;0,18;30,71;3,73;1,72;0,1;1,36;0,0;0,06;0,06;0,24;0,0;0,12;0,01;0,06;0,0;0,0;0,0;0,06;0,0
458;Yorbe Vertessen;be BEL;MF,FW;Union Berlin;24-136;2001,0;8,0;Matches;42,75;0,62;5,12;16,25;21,75;3,25;42,75;6,38;2,38;4,66;3,38;6,61;24,25;153,38;62,88;2,25;1,75;0,5;3,5;2,12;28,38;5,25;4,0;0,5;2,12;0,75;0,75;0,0;0,38;0,0;0,0;0,0;0,0;0,0;0,0;0,0;0,0;0,0
344;Yussuf Poulsen;dk DEN;FW,MF;RB Leipzig;30-343;1994,0;4,2;Matches;52,62;3,33;8,81;21,67;22,38;7,62;52,62;1,43;0,24;3,98;0,95;15,88;21,19;86,19;26,43;0,48;0,95;0,0;3,81;2,38;35,24;7,14;3,57;0,85;2,86;0,0;0,0;0,24;0,48;0,0;0,48;0,11;0,24;0,0;0,0;0,24;0,0;0,0
150;Álex Grimaldo;es ESP;DF;Leverkusen;29-246;1995,0;29,3;Matches;80,72;1,81;12,83;30,92;37,51;2,97;80,72;1,71;0,68;1,37;0,85;1,71;44,71;199,49;109,9;2,94;1,77;0,68;1,81;0,44;57,54;8,6;4,4;0,15;2,46;1,4;0,2;0,24;0,1;0,0;0,38;0,01;0,17;0,14;0,0;0,03;0,03;0,0
