Rk,Player,Nation,Pos,Squad,Age,Born,MP,Starts,Min,90s,Gls,Ast,G+A,G-PK,PK,PKatt,CrdY,CrdR,Gls.1,Ast.1,G+A.1,G-PK.1,G+A-PK,Matches,Sh,SoT,SoT%,Sh/90,SoT/90,G/Sh,G/SoT,Dist,Mn/MP,Min%,Mn/Start,Compl,Subs,Mn/Sub,unSub,PPM,onG,onGA,+/-,+/-90,On-Off,2CrdY,Fls,Fld,Off,Crs,Int,TklW,PKwon,PKcon,OG
17.0,Adam Andersson,se SWE,DF,Lyngby,27.0,1996.0,10.0,2.0,365.0,4.1,0.0,0.0,0.0,0.0,0.0,0.0,2.0,0.0,0.0,0.0,0.0,0.0,0.0,Matches,1.0,0.0,0.0,0.25,0.0,0.0,,,37.0,12.7,90.0,2,8,23.0,3,1.0,2.0,5.0,-3.0,-0.74,-0.24,0.0,4.0,0.0,0.0,10.0,5.0,7.0,,,0.0
65.0,Adam Buksa,pl POL,FW,Midtjylland,28.0,1996.0,24.0,18.0,1702.0,18.9,12.0,1.0,13.0,9.0,3.0,3.0,5.0,0.0,0.63,0.05,0.69,0.48,0.53,Matches,69.0,26.0,37.7,3.65,1.37,0.13,0.35,,71.0,59.1,84.0,13,6,31.0,1,1.88,36.0,22.0,14.0,0.74,0.13,0.0,28.0,24.0,3.0,0.0,5.0,9.0,,,0.0
125.0,Adam Gabriel,cz CZE,DF,Midtjylland,23.0,2001.0,11.0,4.0,461.0,5.1,1.0,2.0,3.0,1.0,0.0,0.0,0.0,0.0,0.2,0.39,0.59,0.2,0.59,Matches,9.0,4.0,44.4,1.76,0.78,0.11,0.25,,42.0,16.0,80.0,2,7,20.0,8,2.73,14.0,5.0,9.0,1.76,1.27,0.0,9.0,1.0,0.0,4.0,1.0,4.0,,,0.0
70.0,Alexander Busch,dk DEN,DF,Silkeborg,21.0,2003.0,8.0,7.0,632.0,7.0,0.0,0.0,0.0,0.0,0.0,0.0,1.0,0.0,0.0,0.0,0.0,0.0,0.0,Matches,0.0,0.0,,0.0,0.0,,,,79.0,21.9,90.0,7,1,2.0,0,1.56,12.0,10.0,2.0,0.28,-0.24,0.0,5.0,8.0,0.0,0.0,13.0,7.0,,,0.0
232.0,Alexander Lyng,dk DEN,"FW,MF",SønderjyskE,19.0,2004.0,23.0,11.0,1021.0,11.3,3.0,0.0,3.0,3.0,0.0,0.0,2.0,0.0,0.26,0.0,0.26,0.26,0.26,Matches,23.0,7.0,30.4,2.03,0.62,0.13,0.43,,44.0,35.5,66.0,1,12,24.0,9,1.22,18.0,18.0,0.0,0.0,0.82,0.0,12.0,14.0,4.0,10.0,3.0,17.0,,,0.0
319.0,Alexander Simmelhack,dk DEN,FW,Silkeborg,18.0,2005.0,23.0,2.0,413.0,4.6,5.0,1.0,6.0,5.0,0.0,0.0,0.0,0.0,1.09,0.22,1.31,1.09,1.31,Matches,12.0,9.0,75.0,2.62,1.96,0.42,0.56,,18.0,14.3,79.0,0,21,12.0,4,1.42,8.0,5.0,3.0,0.65,0.22,0.0,10.0,4.0,1.0,1.0,1.0,3.0,,,0.0
81.0,Amin Chiakha,dz ALG,FW,FC Copenhagen,18.0,2006.0,17.0,4.0,460.0,5.1,2.0,0.0,2.0,2.0,0.0,0.0,2.0,0.0,0.39,0.0,0.39,0.39,0.39,Matches,11.0,4.0,36.4,2.15,0.78,0.18,0.5,,27.0,16.0,64.0,0,13,16.0,10,2.12,7.0,4.0,3.0,0.59,-0.31,0.0,12.0,4.0,2.0,1.0,2.0,2.0,,,0.0
192.0,Anders K. Jacobsen,dk DEN,"FW,MF",Vejle BK,34.0,1989.0,25.0,10.0,895.0,9.9,2.0,3.0,5.0,2.0,0.0,1.0,0.0,0.0,0.2,0.3,0.5,0.2,0.5,Matches,13.0,8.0,61.5,1.31,0.8,0.15,0.25,,36.0,31.1,66.0,2,15,16.0,7,1.0,14.0,16.0,-2.0,-0.2,0.93,0.0,9.0,4.0,1.0,1.0,4.0,2.0,,,0.0
200.0,Anders Klynge,dk DEN,"MF,FW",Silkeborg,23.0,2000.0,18.0,14.0,1213.0,13.5,1.0,7.0,8.0,1.0,0.0,0.0,1.0,0.0,0.07,0.52,0.59,0.07,0.59,Matches,18.0,4.0,22.2,1.34,0.3,0.06,0.25,,67.0,42.1,80.0,8,4,24.0,0,1.68,25.0,17.0,8.0,0.59,0.22,0.0,14.0,9.0,0.0,27.0,19.0,20.0,,,0.0
63.0,Andreas Bruus,dk DEN,"DF,MF",Aalborg,25.0,1999.0,20.0,19.0,1534.0,17.0,0.0,0.0,0.0,0.0,0.0,0.0,2.0,0.0,0.0,0.0,0.0,0.0,0.0,Matches,11.0,2.0,18.2,0.65,0.12,0.0,0.0,,77.0,53.3,78.0,8,1,45.0,0,0.7,19.0,29.0,-10.0,-0.59,0.95,0.0,5.0,14.0,1.0,53.0,16.0,6.0,,,0.0
87.0,Andreas Cornelius,dk DEN,FW,FC Copenhagen,31.0,1993.0,19.0,12.0,1118.0,12.4,3.0,4.0,7.0,3.0,0.0,0.0,4.0,0.0,0.24,0.32,0.56,0.24,0.56,Matches,31.0,11.0,35.5,2.5,0.89,0.1,0.27,,59.0,38.8,81.0,6,7,21.0,0,2.0,26.0,14.0,12.0,0.97,0.2,0.0,32.0,11.0,9.0,1.0,3.0,4.0,,,0.0
142.0,Andreas Hansen,dk DEN,GK,Nordsjælland,28.0,1995.0,30.0,30.0,2700.0,30.0,0.0,0.0,0.0,0.0,0.0,0.0,0.0,0.0,0.0,0.0,0.0,0.0,0.0,Matches,0.0,0.0,,0.0,0.0,,,,90.0,93.8,90.0,30,0,,2,1.53,53.0,53.0,0.0,0.0,1.5,0.0,0.0,1.0,0.0,0.0,1.0,1.0,,,1.0
269.0,Andreas Oggesen,dk DEN,"DF,MF",SønderjyskE,30.0,1994.0,30.0,27.0,2466.0,27.4,0.0,6.0,6.0,0.0,0.0,0.0,4.0,0.0,0.0,0.22,0.22,0.0,0.22,Matches,3.0,0.0,0.0,0.11,0.0,0.0,,,82.0,85.6,88.0,20,3,31.0,0,1.23,41.0,56.0,-15.0,-0.55,-0.11,0.0,16.0,9.0,0.0,80.0,14.0,24.0,,,0.0
286.0,Andreas Poulsen,dk DEN,DF,Silkeborg,24.0,1999.0,21.0,16.0,1484.0,16.5,0.0,2.0,2.0,0.0,0.0,0.0,2.0,0.0,0.0,0.12,0.12,0.0,0.12,Matches,24.0,0.0,0.0,1.46,0.0,0.0,,,71.0,51.5,84.0,6,5,28.0,8,1.77,29.0,20.0,9.0,0.55,0.16,0.0,11.0,9.0,4.0,68.0,19.0,18.0,,,0.0
175.0,Andres Jasson,us USA,"MF,FW",Aalborg,22.0,2002.0,31.0,16.0,1517.0,16.9,1.0,3.0,4.0,1.0,0.0,0.0,5.0,0.0,0.06,0.18,0.24,0.06,0.24,Matches,25.0,4.0,16.0,1.48,0.24,0.04,0.25,,49.0,52.7,76.0,4,15,20.0,0,0.74,18.0,34.0,-16.0,-0.95,0.17,0.0,28.0,48.0,1.0,26.0,16.0,24.0,,,0.0
307.0,André Rømer,dk DEN,MF,Randers,31.0,1993.0,26.0,22.0,1906.0,21.2,1.0,2.0,3.0,1.0,0.0,0.0,5.0,0.0,0.05,0.09,0.14,0.05,0.14,Matches,3.0,0.0,0.0,1.39,0.0,0.0,,,49.0,6.7,90.0,1,3,35.0,1,2.0,4.0,0.0,4.0,1.86,1.25,0.0,1.0,2.0,0.0,0.0,2.0,2.0,,,0.0
112.0,Anosike Ementa,dk DEN,FW,Viborg,22.0,2002.0,31.0,8.0,1110.0,12.3,3.0,1.0,4.0,3.0,0.0,0.0,2.0,0.0,0.24,0.08,0.32,0.24,0.32,Matches,27.0,10.0,37.0,2.19,0.81,0.11,0.3,,36.0,38.5,82.0,5,23,20.0,1,1.42,18.0,23.0,-5.0,-0.41,-1.02,0.0,27.0,22.0,2.0,2.0,6.0,4.0,,,0.0
321.0,Aral Şimşir,dk DEN,"MF,FW",Midtjylland,22.0,2002.0,23.0,15.0,1392.0,15.5,3.0,6.0,9.0,2.0,1.0,1.0,0.0,0.0,0.19,0.39,0.58,0.13,0.52,Matches,36.0,12.0,33.3,2.33,0.78,0.06,0.17,,61.0,48.3,76.0,6,8,31.0,0,2.0,31.0,23.0,8.0,0.52,-0.33,0.0,7.0,31.0,0.0,59.0,2.0,2.0,,,0.0
44.0,Asker Beck,dk DEN,MF,Viborg,21.0,2003.0,12.0,5.0,524.0,5.8,0.0,0.0,0.0,0.0,0.0,0.0,1.0,0.0,0.0,0.0,0.0,0.0,0.0,Matches,15.0,4.0,26.7,2.58,0.69,0.0,0.0,,44.0,18.2,82.0,1,7,17.0,1,1.67,8.0,10.0,-2.0,-0.34,-0.69,0.0,8.0,6.0,0.0,4.0,1.0,9.0,,,0.0
39.0,Atli Barkarson,is ISL,"DF,MF",SønderjyskE,23.0,2001.0,4.0,4.0,360.0,4.0,0.0,0.0,0.0,0.0,0.0,0.0,0.0,0.0,0.0,0.0,0.0,0.0,0.0,Matches,4.0,0.0,0.0,1.0,0.0,0.0,,,90.0,12.5,90.0,4,0,,0,0.25,1.0,8.0,-7.0,-1.75,-1.39,0.0,6.0,2.0,1.0,32.0,3.0,3.0,,,0.0
302.0,Baptiste Rolland,fr FRA,DF,Lyngby,21.0,2003.0,7.0,5.0,327.0,3.6,0.0,0.0,0.0,0.0,0.0,0.0,1.0,0.0,0.0,0.0,0.0,0.0,0.0,Matches,4.0,1.0,25.0,1.1,0.28,0.0,0.0,,47.0,11.4,55.0,0,2,27.0,13,1.0,5.0,3.0,2.0,0.55,1.22,0.0,5.0,5.0,0.0,4.0,7.0,8.0,,,0.0
266.0,Benjamin Nygren,se SWE,"FW,MF",Nordsjælland,23.0,2001.0,30.0,28.0,2551.0,28.3,15.0,2.0,17.0,15.0,0.0,1.0,1.0,0.0,0.53,0.07,0.6,0.53,0.6,Matches,82.0,40.0,48.8,2.89,1.41,0.18,0.38,,85.0,88.6,88.0,21,2,38.0,0,1.4,44.0,53.0,-9.0,-0.32,-1.96,0.0,30.0,25.0,0.0,31.0,10.0,24.0,,,0.0
336.0,Benjamin Tahirovic,ba BIH,MF,Brøndby,21.0,2003.0,15.0,10.0,851.0,9.5,0.0,1.0,1.0,0.0,0.0,0.0,2.0,0.0,0.0,0.11,0.11,0.0,0.11,Matches,6.0,2.0,33.3,0.63,0.21,0.0,0.0,,57.0,29.5,80.0,6,5,11.0,0,1.6,16.0,16.0,0.0,0.0,-0.53,0.0,8.0,13.0,0.0,19.0,8.0,11.0,,,0.0
247.0,Birger Meling,no NOR,"DF,MF",FC Copenhagen,29.0,1994.0,10.0,7.0,538.0,6.0,0.0,0.0,0.0,0.0,0.0,0.0,0.0,0.0,0.0,0.0,0.0,0.0,0.0,Matches,3.0,1.0,33.3,0.5,0.17,0.0,0.0,,54.0,18.7,71.0,4,3,15.0,6,2.1,8.0,4.0,4.0,0.67,-0.21,0.0,3.0,6.0,0.0,20.0,6.0,8.0,,,0.0
290.0,Bjarne Pudel,de GER,DF,Aalborg,23.0,2001.0,21.0,19.0,1690.0,18.8,1.0,1.0,2.0,1.0,0.0,0.0,6.0,1.0,0.05,0.05,0.11,0.05,0.11,Matches,1.0,1.0,100.0,0.05,0.05,1.0,1.0,,80.0,58.7,87.0,16,2,18.0,5,0.71,26.0,33.0,-7.0,-0.37,1.59,0.0,19.0,17.0,1.0,3.0,31.0,10.0,,,0.0
140.0,Brian Hamalainen,dk DEN,DF,Lyngby,35.0,1989.0,13.0,10.0,801.0,8.9,0.0,0.0,0.0,0.0,0.0,0.0,1.0,0.0,0.0,0.0,0.0,0.0,0.0,Matches,8.0,1.0,12.5,0.9,0.11,0.0,0.0,,62.0,27.8,77.0,4,3,10.0,6,0.77,7.0,12.0,-5.0,-0.56,-0.04,0.0,2.0,4.0,0.0,29.0,7.0,2.0,,,0.0
367.0,Caleb Yirenkyi,gh GHA,MF,Nordsjælland,18.0,2006.0,17.0,14.0,1204.0,13.4,2.0,2.0,4.0,2.0,0.0,0.0,4.0,0.0,0.15,0.15,0.3,0.15,0.3,Matches,10.0,6.0,60.0,0.75,0.45,0.2,0.33,,71.0,41.8,84.0,9,3,7.0,8,1.35,22.0,23.0,-1.0,-0.07,0.03,0.0,33.0,11.0,2.0,1.0,18.0,16.0,,,0.0
246.0,Callum McCowatt,nz NZL,"MF,FW",Silkeborg,25.0,1999.0,22.0,13.0,1206.0,13.4,5.0,3.0,8.0,5.0,0.0,0.0,1.0,0.0,0.37,0.22,0.6,0.37,0.6,Matches,43.0,14.0,32.6,3.21,1.04,0.12,0.36,,55.0,41.9,74.0,3,9,27.0,2,1.57,24.0,16.0,8.0,0.6,0.22,0.0,21.0,8.0,4.0,47.0,4.0,9.0,,,0.0
364.0,Casper Winther,dk DEN,MF,Lyngby,21.0,2003.0,26.0,24.0,1960.0,21.8,1.0,1.0,2.0,1.0,0.0,0.0,5.0,0.0,0.05,0.05,0.09,0.05,0.09,Matches,28.0,6.0,21.4,1.29,0.28,0.04,0.17,,75.0,68.1,80.0,12,2,24.0,3,0.85,14.0,27.0,-13.0,-0.6,-0.21,0.0,14.0,10.0,0.0,41.0,21.0,16.0,,,0.0
160.0,Charly Horneman,dk DEN,FW,Viborg,20.0,2004.0,26.0,4.0,577.0,6.4,3.0,1.0,4.0,3.0,0.0,0.0,1.0,0.0,0.47,0.16,0.62,0.47,0.62,Matches,21.0,11.0,52.4,3.28,1.72,0.14,0.27,,22.0,20.0,63.0,0,22,15.0,4,1.69,12.0,6.0,6.0,0.94,0.9,0.0,7.0,8.0,1.0,7.0,5.0,1.0,,,0.0
127.0,Christian Gammelgaard,dk DEN,"FW,MF",Vejle BK,21.0,2003.0,30.0,20.0,1582.0,17.6,1.0,6.0,7.0,1.0,0.0,0.0,1.0,0.0,0.06,0.34,0.4,0.06,0.4,Matches,33.0,8.0,24.2,1.88,0.46,0.03,0.13,,53.0,54.9,68.0,3,10,23.0,1,0.87,25.0,34.0,-9.0,-0.51,0.74,0.0,14.0,7.0,3.0,94.0,5.0,10.0,,,0.0
49.0,Clement Bischoff,dk DEN,MF,Brøndby,18.0,2005.0,29.0,21.0,1726.0,19.2,2.0,3.0,5.0,2.0,0.0,0.0,3.0,1.0,0.1,0.16,0.26,0.1,0.26,Matches,40.0,18.0,45.0,2.09,0.94,0.05,0.11,,60.0,59.9,74.0,5,8,21.0,1,1.59,32.0,26.0,6.0,0.31,-0.16,0.0,22.0,31.0,2.0,63.0,9.0,24.0,,,0.0
148.0,Conrad Harder,dk DEN,FW,Nordsjælland,19.0,2005.0,7.0,7.0,584.0,6.5,2.0,3.0,5.0,2.0,0.0,0.0,0.0,0.0,0.31,0.46,0.77,0.31,0.77,Matches,30.0,8.0,26.7,4.62,1.23,0.07,0.25,,83.0,20.3,83.0,3,0,,0,1.57,12.0,13.0,-1.0,-0.15,-0.08,0.0,9.0,5.0,5.0,14.0,4.0,5.0,,,0.0
363.0,Dalton Wilkins,nz NZL,DF,SønderjyskE,25.0,1999.0,9.0,3.0,284.0,3.2,0.0,0.0,0.0,0.0,0.0,0.0,2.0,0.0,0.0,0.0,0.0,0.0,0.0,Matches,1.0,0.0,0.0,0.32,0.0,0.0,,,32.0,9.9,72.0,1,6,11.0,2,0.89,6.0,5.0,1.0,0.32,0.94,0.0,3.0,6.0,1.0,8.0,4.0,4.0,,,0.0
62.0,Damian van Bruggen,nl NED,DF,Vejle BK,28.0,1996.0,29.0,26.0,2271.0,25.2,1.0,0.0,1.0,1.0,0.0,0.0,4.0,0.0,0.04,0.0,0.04,0.04,0.04,Matches,6.0,3.0,50.0,0.24,0.12,0.17,0.33,,78.0,78.9,87.0,22,3,7.0,3,0.97,29.0,49.0,-20.0,-0.79,0.24,0.0,28.0,7.0,0.0,0.0,28.0,21.0,,,0.0
27.0,Daniel Anyembe,ke KEN,DF,Viborg,26.0,1998.0,31.0,30.0,2701.0,30.0,1.0,2.0,3.0,1.0,0.0,0.0,4.0,0.0,0.03,0.07,0.1,0.03,0.1,Matches,2.0,1.0,50.0,0.07,0.03,0.5,1.0,,87.0,93.8,89.0,28,1,21.0,0,1.52,54.0,44.0,10.0,0.33,1.84,0.0,8.0,17.0,1.0,25.0,30.0,30.0,,,1.0
36.0,Daniel Bandeira,pt POR,MF,Midtjylland,24.0,2000.0,13.0,10.0,846.0,9.4,1.0,0.0,1.0,1.0,0.0,0.0,2.0,0.0,0.11,0.0,0.11,0.11,0.11,Matches,11.0,4.0,36.4,1.17,0.43,0.09,0.25,,65.0,29.4,75.0,3,3,31.0,2,1.77,17.0,14.0,3.0,0.32,-0.52,0.0,13.0,13.0,0.0,22.0,17.0,9.0,,,0.0
164.0,Daniel Høegh,dk DEN,DF,Randers,33.0,1991.0,32.0,32.0,2880.0,32.0,1.0,1.0,2.0,1.0,0.0,0.0,2.0,0.0,0.03,0.03,0.06,0.03,0.06,Matches,15.0,7.0,46.7,0.47,0.22,0.07,0.14,,90.0,100.0,90.0,32,0,,0,1.45,57.0,50.0,7.0,0.22,,0.0,13.0,15.0,0.0,4.0,34.0,24.0,,,0.0
331.0,Daniel Svensson,se SWE,"DF,MF",Nordsjælland,22.0,2002.0,17.0,17.0,1530.0,17.0,0.0,1.0,1.0,0.0,0.0,0.0,2.0,0.0,0.0,0.06,0.06,0.0,0.06,Matches,12.0,3.0,25.0,0.71,0.18,0.0,0.0,,90.0,53.1,90.0,17,0,,0,1.53,30.0,29.0,1.0,0.06,0.33,0.0,11.0,22.0,1.0,115.0,24.0,21.0,,,0.0
359.0,Daniel Wass,dk DEN,MF,Brøndby,35.0,1989.0,30.0,26.0,2174.0,24.2,2.0,3.0,5.0,0.0,2.0,3.0,3.0,0.0,0.08,0.12,0.21,0.0,0.12,Matches,26.0,12.0,46.2,1.08,0.5,0.0,0.0,,72.0,75.5,81.0,14,4,18.0,1,1.57,47.0,38.0,9.0,0.37,-0.01,0.0,20.0,36.0,0.0,131.0,33.0,20.0,,,1.0
221.0,Daníel Leó Grétarsson,is ISL,DF,SønderjyskE,28.0,1995.0,22.0,21.0,1852.0,20.6,1.0,0.0,1.0,1.0,0.0,0.0,4.0,0.0,0.05,0.0,0.05,0.05,0.05,Matches,10.0,2.0,20.0,0.49,0.1,0.1,0.5,,84.0,64.3,87.0,17,1,30.0,0,1.32,30.0,36.0,-6.0,-0.29,0.67,0.0,16.0,33.0,3.0,2.0,30.0,13.0,,,0.0
277.0,Darío Osorio,cl CHI,"MF,FW",Midtjylland,20.0,2004.0,24.0,17.0,1503.0,16.7,3.0,2.0,5.0,3.0,0.0,0.0,5.0,1.0,0.18,0.12,0.3,0.18,0.3,Matches,60.0,16.0,26.7,3.59,0.96,0.05,0.19,,63.0,52.2,76.0,2,7,30.0,1,1.92,35.0,26.0,9.0,0.54,-0.31,0.0,21.0,26.0,8.0,62.0,16.0,27.0,,,0.0
85.0,David Čolina,hr CRO,"DF,MF",Vejle BK,24.0,2000.0,26.0,24.0,2167.0,24.1,0.0,3.0,3.0,0.0,0.0,0.0,2.0,0.0,0.0,0.12,0.12,0.0,0.12,Matches,5.0,1.0,20.0,0.21,0.04,0.0,0.0,,83.0,75.2,88.0,20,2,32.0,1,1.08,25.0,44.0,-19.0,-0.79,0.22,0.0,25.0,17.0,2.0,92.0,26.0,28.0,,,0.0
78.0,Denil Castillo,ec ECU,MF,Midtjylland,20.0,2004.0,22.0,11.0,862.0,9.6,0.0,0.0,0.0,0.0,0.0,0.0,4.0,0.0,0.0,0.0,0.0,0.0,0.0,Matches,7.0,4.0,57.1,0.73,0.42,0.0,0.0,,39.0,29.9,58.0,1,11,20.0,9,2.09,17.0,12.0,5.0,0.52,-0.24,0.0,9.0,29.0,1.0,6.0,11.0,5.0,,,0.0
349.0,Denis Vavro,sk SVK,DF,FC Copenhagen,28.0,1996.0,5.0,3.0,295.0,3.3,0.0,0.0,0.0,0.0,0.0,0.0,1.0,0.0,0.0,0.0,0.0,0.0,0.0,Matches,2.0,1.0,50.0,0.61,0.31,0.0,0.0,,59.0,10.2,84.0,2,2,22.0,1,1.6,4.0,4.0,0.0,0.0,-0.94,0.0,3.0,0.0,0.0,1.0,6.0,3.0,,,0.0
297.0,Diant Ramaj,de GER,GK,FC Copenhagen,22.0,2001.0,12.0,12.0,1079.0,12.0,0.0,0.0,0.0,0.0,0.0,0.0,2.0,1.0,0.0,0.0,0.0,0.0,0.0,Matches,0.0,0.0,,0.0,0.0,,,,90.0,37.5,90.0,11,0,,0,2.0,20.0,7.0,13.0,1.08,0.38,0.0,0.0,1.0,0.0,0.0,0.0,0.0,,,0.0
115.0,Dimitrios Emmanouilidis,gr GRE,"MF,FW",Vejle BK,23.0,2000.0,29.0,23.0,1755.0,19.5,5.0,1.0,6.0,5.0,0.0,0.0,1.0,0.0,0.26,0.05,0.31,0.26,0.31,Matches,49.0,20.0,40.8,2.51,1.03,0.1,0.25,,61.0,60.9,68.0,0,6,32.0,3,0.86,21.0,42.0,-21.0,-1.08,-0.6,0.0,16.0,12.0,17.0,58.0,7.0,8.0,,,0.0
108.0,Ebube Duru,ng NGA,DF,SønderjyskE,25.0,1999.0,20.0,15.0,1238.0,13.8,1.0,0.0,1.0,1.0,0.0,0.0,0.0,0.0,0.07,0.0,0.07,0.07,0.07,Matches,4.0,1.0,25.0,0.29,0.07,0.25,1.0,,62.0,43.0,76.0,4,5,21.0,4,1.5,21.0,30.0,-9.0,-0.65,-0.22,0.0,14.0,14.0,1.0,26.0,16.0,24.0,,,0.0
82.0,Edward Chilufya,zm ZAM,FW,Midtjylland,24.0,1999.0,20.0,5.0,674.0,7.5,3.0,5.0,8.0,3.0,0.0,0.0,1.0,0.0,0.4,0.67,1.07,0.4,1.07,Matches,18.0,7.0,38.9,2.4,0.93,0.17,0.43,,34.0,23.4,63.0,0,15,24.0,4,2.05,20.0,8.0,12.0,1.6,1.19,0.0,18.0,7.0,12.0,12.0,7.0,5.0,,,0.0
3.0,Elias Achouri,tn TUN,"MF,FW",FC Copenhagen,25.0,1999.0,23.0,15.0,1480.0,16.4,2.0,5.0,7.0,2.0,0.0,0.0,5.0,0.0,0.12,0.3,0.43,0.12,0.43,Matches,33.0,13.0,39.4,2.01,0.79,0.06,0.15,,64.0,51.4,78.0,5,8,39.0,1,1.74,31.0,17.0,14.0,0.85,0.02,0.0,21.0,23.0,8.0,54.0,5.0,21.0,,,0.0
18.0,Elias Andersson,se SWE,DF,Viborg,28.0,1996.0,6.0,5.0,392.0,4.4,0.0,0.0,0.0,0.0,0.0,0.0,1.0,1.0,0.0,0.0,0.0,0.0,0.0,Matches,0.0,0.0,,0.0,0.0,,,,65.0,13.6,78.0,2,1,2.0,2,1.33,7.0,10.0,-3.0,-0.69,-1.05,0.0,2.0,4.0,0.0,18.0,6.0,5.0,,,1.0
235.0,Elies Mahmoud,fr FRA,MF,Randers,23.0,2001.0,12.0,3.0,350.0,3.9,1.0,0.0,1.0,1.0,0.0,0.0,3.0,0.0,0.26,0.0,0.26,0.26,0.26,Matches,5.0,2.0,40.0,1.29,0.51,0.2,0.5,,29.0,12.2,57.0,0,9,20.0,2,1.08,4.0,10.0,-6.0,-1.54,-2.01,0.0,12.0,7.0,0.0,22.0,4.0,11.0,,,0.0
295.0,Elías Rafn Ólafsson,is ISL,GK,Midtjylland,24.0,2000.0,22.0,22.0,1980.0,22.0,0.0,0.0,0.0,0.0,0.0,0.0,0.0,0.0,0.0,0.0,0.0,0.0,0.0,Matches,0.0,0.0,,0.0,0.0,,,,90.0,68.8,90.0,22,0,,9,1.91,40.0,30.0,10.0,0.45,-0.75,0.0,0.0,1.0,0.0,0.0,2.0,0.0,,,0.0
240.0,Emiliano Martínez,uy URU,MF,Midtjylland,24.0,1999.0,15.0,13.0,1088.0,12.1,0.0,1.0,1.0,0.0,0.0,0.0,4.0,0.0,0.0,0.08,0.08,0.0,0.08,Matches,9.0,1.0,11.1,0.74,0.08,0.0,0.0,,73.0,37.8,79.0,5,2,32.0,0,2.13,21.0,14.0,7.0,0.58,-0.17,0.0,14.0,11.0,0.0,5.0,20.0,28.0,,,0.0
366.0,Emmanuel Yeboah,gh GHA,FW,Vejle BK,21.0,2003.0,9.0,3.0,410.0,4.6,0.0,0.0,0.0,0.0,0.0,0.0,2.0,0.0,0.0,0.0,0.0,0.0,0.0,Matches,5.0,2.0,40.0,8.04,3.21,0.4,1.0,,11.0,1.9,,0,5,11.0,2,1.4,2.0,1.0,1.0,1.61,1.26,0.0,4.0,0.0,1.0,2.0,0.0,1.0,,,0.0
194.0,Eric Kahl,se SWE,DF,AGF,22.0,2001.0,25.0,21.0,1862.0,20.7,0.0,2.0,2.0,0.0,0.0,0.0,4.0,0.0,0.0,0.1,0.1,0.0,0.1,Matches,10.0,2.0,20.0,0.48,0.1,0.0,0.0,,74.0,64.7,83.0,13,4,28.0,2,1.44,35.0,23.0,12.0,0.58,1.02,0.0,17.0,15.0,0.0,60.0,20.0,24.0,,,0.0
241.0,Erik Marxen,dk DEN,DF,Nordsjælland,33.0,1990.0,8.0,4.0,334.0,3.7,0.0,0.0,0.0,0.0,0.0,0.0,0.0,0.0,0.0,0.0,0.0,0.0,0.0,Matches,0.0,0.0,,0.0,0.0,,,,42.0,11.6,76.0,2,4,7.0,9,1.88,7.0,6.0,1.0,0.27,0.41,0.0,1.0,3.0,0.0,0.0,3.0,1.0,,,0.0
45.0,Felix Beijmo,se SWE,"MF,DF",AGF,26.0,1998.0,31.0,30.0,2525.0,28.1,2.0,3.0,5.0,2.0,0.0,0.0,4.0,1.0,0.07,0.11,0.18,0.07,0.18,Matches,25.0,12.0,48.0,0.89,0.43,0.08,0.17,,81.0,87.7,83.0,17,1,32.0,0,1.29,50.0,39.0,11.0,0.39,1.41,1.0,17.0,11.0,1.0,193.0,17.0,21.0,,,0.0
66.0,Filip Bundgaard,dk DEN,"MF,FW",Brøndby,20.0,2004.0,24.0,8.0,683.0,7.6,2.0,1.0,3.0,2.0,0.0,0.0,2.0,0.0,0.26,0.13,0.4,0.26,0.4,Matches,23.0,6.0,26.1,3.03,0.79,0.09,0.33,,28.0,23.7,61.0,0,16,12.0,7,1.29,14.0,6.0,8.0,1.05,0.89,0.0,10.0,5.0,1.0,13.0,5.0,10.0,,,0.0
95.0,Florian Danho Seke,fr FRA,FW,Randers,24.0,2000.0,19.0,15.0,1025.0,11.4,2.0,3.0,5.0,2.0,0.0,0.0,3.0,1.0,0.18,0.26,0.44,0.18,0.44,Matches,33.0,13.0,39.4,2.9,1.14,0.06,0.15,,54.0,35.6,63.0,0,4,22.0,3,1.63,22.0,17.0,5.0,0.44,0.34,0.0,19.0,24.0,11.0,3.0,1.0,4.0,,,0.0
104.0,Franculino Djú,gw GNB,FW,Midtjylland,20.0,2004.0,28.0,22.0,1683.0,18.7,11.0,3.0,14.0,10.0,1.0,1.0,3.0,0.0,0.59,0.16,0.75,0.53,0.7,Matches,62.0,28.0,45.2,3.32,1.5,0.16,0.36,,60.0,58.4,71.0,5,6,21.0,0,2.0,38.0,26.0,12.0,0.64,-0.11,0.0,10.0,12.0,7.0,13.0,5.0,11.0,,,0.0
58.0,Frederik Brandhof,dk DEN,MF,AGF,28.0,1996.0,22.0,5.0,618.0,6.9,0.0,0.0,0.0,0.0,0.0,0.0,2.0,0.0,0.0,0.0,0.0,0.0,0.0,Matches,3.0,1.0,33.3,0.44,0.15,0.0,0.0,,28.0,21.5,74.0,0,17,15.0,10,1.27,13.0,9.0,4.0,0.58,0.46,0.0,12.0,15.0,0.0,9.0,7.0,11.0,,,0.0
138.0,Frederik Gytkjær,dk DEN,FW,Lyngby,31.0,1993.0,27.0,14.0,1443.0,16.0,8.0,2.0,10.0,7.0,1.0,1.0,5.0,0.0,0.5,0.12,0.62,0.44,0.56,Matches,31.0,12.0,38.7,1.93,0.75,0.23,0.58,,53.0,50.1,78.0,3,13,28.0,1,0.85,17.0,24.0,-7.0,-0.44,0.19,0.0,49.0,30.0,18.0,12.0,4.0,6.0,,,0.0
167.0,Frederik Ibsen,dk DEN,DF,Brøndby,24.0,1999.0,22.0,18.0,1640.0,18.2,2.0,0.0,2.0,2.0,0.0,0.0,2.0,0.0,0.11,0.0,0.11,0.11,0.11,Matches,7.0,4.0,57.1,0.38,0.22,0.29,0.5,,75.0,56.9,87.0,16,4,17.0,4,1.5,34.0,27.0,7.0,0.38,0.02,0.0,10.0,5.0,0.0,0.0,21.0,19.0,,,0.0
218.0,Frederik Lauenborg,dk DEN,"MF,DF",Randers,27.0,1997.0,14.0,4.0,348.0,3.9,2.0,0.0,2.0,2.0,0.0,0.0,2.0,0.0,0.52,0.0,0.52,0.52,0.52,Matches,4.0,2.0,50.0,1.03,0.52,0.5,1.0,,25.0,12.1,41.0,0,10,19.0,6,1.47,7.0,9.0,-2.0,-0.52,-0.84,0.0,3.0,2.0,0.0,1.0,4.0,6.0,,,0.0
341.0,Frederik Tingager,dk DEN,DF,AGF,31.0,1993.0,30.0,30.0,2582.0,28.7,2.0,0.0,2.0,2.0,0.0,0.0,0.0,0.0,0.07,0.0,0.07,0.07,0.07,Matches,20.0,8.0,40.0,0.7,0.28,0.1,0.25,,86.0,89.7,86.0,27,0,,0,1.33,49.0,35.0,14.0,0.49,2.6,0.0,18.0,21.0,0.0,1.0,21.0,25.0,,,1.0
285.0,Gabriel Pereira,br BRA,DF,FC Copenhagen,24.0,2000.0,26.0,25.0,2146.0,23.8,3.0,1.0,4.0,3.0,0.0,0.0,5.0,0.0,0.13,0.04,0.17,0.13,0.17,Matches,15.0,5.0,33.3,0.63,0.21,0.2,0.6,,83.0,74.5,85.0,20,1,25.0,2,1.81,44.0,28.0,16.0,0.67,-0.68,0.0,12.0,11.0,1.0,6.0,31.0,15.0,,,0.0
274.0,German Onugkha,ru RUS,FW,Vejle BK,28.0,1996.0,21.0,21.0,1827.0,20.3,13.0,1.0,14.0,12.0,1.0,1.0,1.0,0.0,0.64,0.05,0.69,0.59,0.64,Matches,11.0,3.0,27.3,4.67,1.27,0.0,0.0,,53.0,7.4,68.0,1,1,7.0,4,1.75,2.0,3.0,-1.0,-0.42,-1.37,0.0,3.0,1.0,1.0,1.0,0.0,2.0,,,0.0
225.0,Gift Links,za RSA,"MF,DF",AGF,25.0,1998.0,25.0,24.0,1925.0,21.4,2.0,3.0,5.0,2.0,0.0,0.0,2.0,0.0,0.09,0.14,0.23,0.09,0.23,Matches,44.0,13.0,29.5,2.06,0.61,0.05,0.15,,77.0,66.8,78.0,5,1,45.0,0,1.48,40.0,26.0,14.0,0.65,1.31,0.0,27.0,31.0,7.0,210.0,22.0,24.0,,,0.0
130.0,Giorgi Gocholeishvili,ge GEO,DF,FC Copenhagen,23.0,2001.0,21.0,15.0,1397.0,15.5,1.0,1.0,2.0,1.0,0.0,0.0,3.0,0.0,0.06,0.06,0.13,0.06,0.13,Matches,19.0,4.0,21.1,1.22,0.26,0.05,0.25,,67.0,48.5,78.0,7,6,38.0,7,1.81,28.0,20.0,8.0,0.52,-0.64,0.0,8.0,31.0,2.0,71.0,15.0,35.0,,,0.0
122.0,Gustav Fraulo,dk DEN,"MF,DF",Lyngby,19.0,2005.0,10.0,3.0,303.0,3.4,0.0,0.0,0.0,0.0,0.0,0.0,1.0,0.0,0.0,0.0,0.0,0.0,0.0,Matches,4.0,1.0,25.0,1.19,0.3,0.0,0.0,,30.0,10.5,87.0,2,7,6.0,10,1.1,5.0,9.0,-4.0,-1.19,-0.73,0.0,3.0,9.0,0.0,8.0,3.0,4.0,,,0.0
362.0,Gustav Wikheim,no NOR,FW,Nordsjælland,31.0,1993.0,12.0,5.0,457.0,5.1,1.0,0.0,1.0,1.0,0.0,0.0,0.0,0.0,0.2,0.0,0.2,0.2,0.2,Matches,5.0,3.0,60.0,0.98,0.59,0.2,0.33,,38.0,15.9,58.0,0,7,24.0,1,1.67,9.0,12.0,-3.0,-0.59,-0.59,0.0,4.0,7.0,1.0,7.0,1.0,5.0,,,0.0
40.0,Hamza Barry,gm GAM,MF,Vejle BK,29.0,1994.0,22.0,16.0,1423.0,15.8,1.0,5.0,6.0,1.0,0.0,0.0,4.0,0.0,0.06,0.32,0.38,0.06,0.38,Matches,10.0,2.0,20.0,0.63,0.13,0.1,0.5,,65.0,49.4,78.0,7,6,30.0,3,0.73,16.0,37.0,-21.0,-1.33,-0.96,0.0,26.0,21.0,1.0,46.0,14.0,10.0,,,0.0
91.0,Henrik Dalsgaard,dk DEN,DF,AGF,35.0,1989.0,26.0,21.0,1812.0,20.1,1.0,0.0,1.0,1.0,0.0,0.0,2.0,0.0,0.05,0.0,0.05,0.05,0.05,Matches,9.0,4.0,44.4,0.45,0.2,0.11,0.25,,70.0,62.9,82.0,15,5,17.0,1,1.27,34.0,28.0,6.0,0.3,0.21,0.0,22.0,19.0,1.0,19.0,21.0,16.0,,,0.0
309.0,Ibrahim Said,ng NGA,FW,Viborg,22.0,2002.0,14.0,3.0,410.0,4.6,0.0,0.0,0.0,0.0,0.0,0.0,0.0,0.0,0.0,0.0,0.0,0.0,0.0,Matches,11.0,2.0,18.2,2.41,0.44,0.0,0.0,,29.0,14.2,70.0,0,11,18.0,6,1.14,4.0,9.0,-5.0,-1.1,-1.53,0.0,4.0,4.0,2.0,16.0,3.0,5.0,,,0.0
350.0,Igor Vekič,si SVN,GK,Vejle BK,26.0,1998.0,31.0,31.0,2790.0,31.0,0.0,0.0,0.0,0.0,0.0,0.0,0.0,0.0,0.0,0.0,0.0,0.0,0.0,Matches,0.0,0.0,,0.0,0.0,,,,90.0,96.9,90.0,31,0,,1,0.9,35.0,61.0,-26.0,-0.84,0.16,0.0,0.0,3.0,0.0,0.0,0.0,0.0,,,0.0
147.0,Isak Hansen-Aarøen,no NOR,"MF,FW",Aalborg,19.0,2004.0,14.0,9.0,767.0,8.5,0.0,0.0,0.0,0.0,0.0,1.0,1.0,0.0,0.0,0.0,0.0,0.0,0.0,Matches,9.0,1.0,11.1,1.06,0.12,0.0,0.0,,55.0,26.6,77.0,1,5,14.0,1,0.5,10.0,20.0,-10.0,-1.17,-0.19,0.0,10.0,5.0,0.0,24.0,7.0,4.0,,,0.0
177.0,Isak Jensen,dk DEN,FW,Viborg,20.0,2003.0,27.0,23.0,1953.0,21.7,9.0,2.0,11.0,7.0,2.0,2.0,1.0,0.0,0.41,0.09,0.51,0.32,0.41,Matches,54.0,20.0,37.0,2.49,0.92,0.13,0.35,,72.0,67.8,79.0,8,4,32.0,1,1.26,36.0,36.0,0.0,0.0,-0.68,0.0,13.0,32.0,5.0,112.0,5.0,8.0,,,0.0
103.0,Ivan Djantou,cm CMR,FW,SønderjyskE,22.0,2002.0,30.0,6.0,851.0,9.5,4.0,0.0,4.0,4.0,0.0,0.0,4.0,0.0,0.42,0.0,0.42,0.42,0.42,Matches,17.0,8.0,47.1,1.8,0.85,0.24,0.5,,28.0,29.5,67.0,1,24,19.0,2,1.1,14.0,19.0,-5.0,-0.53,0.0,0.0,27.0,16.0,5.0,1.0,2.0,5.0,,,0.0
264.0,Ivan Nikolov,mk MKD,"MF,FW",SønderjyskE,22.0,2002.0,10.0,3.0,331.0,3.7,0.0,0.0,0.0,0.0,0.0,0.0,0.0,0.0,0.0,0.0,0.0,0.0,0.0,Matches,2.0,0.0,0.0,0.54,0.0,0.0,,,33.0,11.5,59.0,0,7,22.0,7,0.9,2.0,5.0,-3.0,-0.82,-0.32,0.0,5.0,2.0,1.0,1.0,1.0,6.0,,,0.0
258.0,Ivan Näsberg,no NOR,DF,Viborg,28.0,1996.0,14.0,13.0,1128.0,12.5,3.0,0.0,3.0,3.0,0.0,0.0,1.0,0.0,0.24,0.0,0.24,0.24,0.24,Matches,14.0,3.0,21.4,1.12,0.24,0.21,1.0,,81.0,39.2,86.0,10,1,4.0,6,1.43,15.0,19.0,-4.0,-0.32,-0.88,0.0,6.0,5.0,0.0,1.0,7.0,2.0,,,1.0
13.0,Jacob Andersen,dk DEN,MF,AGF,20.0,2004.0,16.0,3.0,418.0,4.6,0.0,1.0,1.0,0.0,0.0,0.0,3.0,0.0,0.0,0.22,0.22,0.0,0.22,Matches,2.0,1.0,50.0,0.43,0.22,0.0,0.0,,26.0,14.5,61.0,0,13,18.0,1,1.69,6.0,6.0,0.0,0.0,-0.26,0.0,12.0,12.0,2.0,14.0,3.0,3.0,,,0.0
298.0,Jacob Rasmussen,dk DEN,DF,Brøndby,27.0,1997.0,28.0,28.0,2520.0,28.0,0.0,1.0,1.0,0.0,0.0,0.0,4.0,0.0,0.0,0.04,0.04,0.0,0.04,Matches,16.0,3.0,18.8,0.57,0.11,0.0,0.0,,90.0,87.5,90.0,28,0,,0,1.54,52.0,42.0,10.0,0.36,-0.14,0.0,18.0,15.0,1.0,10.0,24.0,29.0,,,0.0
71.0,Jakob Busk,dk DEN,GK,SønderjyskE,30.0,1993.0,14.0,13.0,1222.0,13.6,0.0,0.0,0.0,0.0,0.0,0.0,1.0,0.0,0.0,0.0,0.0,0.0,0.0,Matches,0.0,0.0,,0.0,0.0,,,,87.0,42.4,90.0,13,1,52.0,3,1.07,20.0,30.0,-10.0,-0.74,-0.36,0.0,0.0,4.0,0.0,0.0,0.0,0.0,,,0.0
353.0,Jakob Vester,dk DEN,"MF,FW",Viborg,19.0,2004.0,26.0,11.0,1095.0,12.2,4.0,0.0,4.0,4.0,0.0,0.0,2.0,0.0,0.33,0.0,0.33,0.33,0.33,Matches,20.0,8.0,40.0,1.64,0.66,0.2,0.5,,42.0,38.0,68.0,2,15,23.0,2,1.46,24.0,20.0,4.0,0.33,0.18,0.0,10.0,16.0,1.0,5.0,4.0,15.0,,,0.0
208.0,Jan Kuchta,cz CZE,FW,Midtjylland,27.0,1997.0,9.0,7.0,538.0,6.0,1.0,1.0,2.0,1.0,0.0,0.0,0.0,0.0,0.17,0.17,0.33,0.17,0.33,Matches,8.0,4.0,50.0,1.34,0.67,0.13,0.25,,60.0,18.7,67.0,1,2,33.0,2,1.44,7.0,12.0,-5.0,-0.84,-1.87,0.0,1.0,1.0,6.0,3.0,1.0,2.0,,,0.0
328.0,Jannich Storch,dk DEN,GK,Lyngby,31.0,1993.0,24.0,23.0,2013.0,22.4,0.0,1.0,1.0,0.0,0.0,0.0,2.0,0.0,0.0,0.04,0.04,0.0,0.04,Matches,0.0,0.0,,0.0,0.0,,,,84.0,69.9,87.0,22,1,5.0,8,0.79,17.0,31.0,-14.0,-0.63,-0.31,0.0,3.0,3.0,0.0,0.0,0.0,0.0,,,0.0
245.0,Jean-Manuel Mbom,de GER,DF,Viborg,24.0,2000.0,29.0,25.0,2283.0,25.4,1.0,2.0,3.0,1.0,0.0,0.0,1.0,0.0,0.04,0.08,0.12,0.04,0.12,Matches,14.0,2.0,14.3,0.55,0.08,0.07,0.5,,79.0,79.3,87.0,20,4,26.0,1,1.41,44.0,39.0,5.0,0.2,-0.1,0.0,14.0,17.0,0.0,39.0,23.0,26.0,,,0.0
239.0,Jens Martin Gammelby,dk DEN,DF,Silkeborg,29.0,1995.0,18.0,12.0,1042.0,11.6,2.0,2.0,4.0,2.0,0.0,0.0,2.0,0.0,0.17,0.17,0.35,0.17,0.35,Matches,16.0,7.0,43.8,1.38,0.6,0.13,0.29,,58.0,36.2,83.0,9,6,7.0,12,1.47,24.0,15.0,9.0,0.78,0.48,0.0,11.0,2.0,2.0,21.0,5.0,6.0,,,0.0
14.0,Jeppe Andersen,dk DEN,"MF,FW",Silkeborg,31.0,1992.0,31.0,17.0,1736.0,19.3,3.0,1.0,4.0,3.0,0.0,0.0,4.0,0.0,0.16,0.05,0.21,0.16,0.21,Matches,25.0,8.0,32.0,1.3,0.41,0.12,0.38,,56.0,60.3,79.0,4,14,28.0,1,1.53,32.0,26.0,6.0,0.31,-0.4,0.0,20.0,20.0,3.0,11.0,8.0,9.0,,,0.0
135.0,Jeppe Grønning,dk DEN,MF,Viborg,33.0,1991.0,26.0,26.0,2058.0,22.9,3.0,0.0,3.0,1.0,2.0,3.0,10.0,0.0,0.13,0.0,0.13,0.04,0.04,Matches,18.0,4.0,22.2,0.79,0.17,0.06,0.25,,79.0,71.5,79.0,16,0,,2,1.42,37.0,37.0,0.0,0.0,-0.77,0.0,49.0,28.0,1.0,8.0,39.0,32.0,,,1.0
320.0,Jeppe Simonsen,ht HAI,"DF,MF",SønderjyskE,28.0,1995.0,4.0,4.0,295.0,3.3,0.0,0.0,0.0,0.0,0.0,0.0,1.0,0.0,0.0,0.0,0.0,0.0,0.0,Matches,1.0,0.0,0.0,0.31,0.0,0.0,,,74.0,10.2,74.0,1,0,,2,1.0,3.0,6.0,-3.0,-0.92,-0.43,0.0,2.0,1.0,0.0,3.0,5.0,5.0,,,0.0
346.0,Jeppe Tverskov,dk DEN,"MF,DF",Nordsjælland,31.0,1993.0,15.0,15.0,1336.0,14.8,1.0,4.0,5.0,1.0,0.0,0.0,4.0,0.0,0.07,0.27,0.34,0.07,0.34,Matches,7.0,2.0,28.6,0.47,0.13,0.14,0.5,,89.0,46.4,89.0,14,0,,0,1.53,26.0,22.0,4.0,0.27,0.68,0.0,9.0,18.0,0.0,6.0,24.0,18.0,,,0.0
88.0,Jesper Cornelius,dk DEN,"FW,MF",Lyngby,23.0,2001.0,14.0,11.0,917.0,10.2,1.0,0.0,1.0,1.0,0.0,0.0,1.0,0.0,0.1,0.0,0.1,0.1,0.1,Matches,22.0,6.0,27.3,2.16,0.59,0.05,0.17,,66.0,31.8,73.0,1,3,37.0,0,1.21,12.0,11.0,1.0,0.1,0.92,0.0,11.0,12.0,3.0,5.0,5.0,5.0,,,0.0
143.0,Jesper Hansen,dk DEN,GK,AGF,39.0,1985.0,28.0,28.0,2520.0,28.0,0.0,0.0,0.0,0.0,0.0,0.0,0.0,0.0,0.0,0.0,0.0,0.0,0.0,Matches,0.0,0.0,,0.0,0.0,,,,90.0,87.5,90.0,28,0,,4,1.43,48.0,34.0,14.0,0.5,2.25,0.0,0.0,4.0,0.0,0.0,0.0,1.0,,,0.0
20.0,Joel Andersson,se SWE,"DF,MF",Midtjylland,27.0,1996.0,25.0,15.0,1512.0,16.8,1.0,3.0,4.0,1.0,0.0,0.0,2.0,0.0,0.06,0.18,0.24,0.06,0.24,Matches,4.0,2.0,50.0,0.24,0.12,0.25,0.5,,60.0,52.5,85.0,12,10,23.0,4,1.92,34.0,21.0,13.0,0.77,0.18,0.0,8.0,8.0,1.0,81.0,13.0,18.0,,,0.0
51.0,John Björkengren,se SWE,MF,Randers,25.0,1998.0,31.0,31.0,2786.0,31.0,1.0,2.0,3.0,1.0,0.0,0.0,6.0,0.0,0.03,0.06,0.1,0.03,0.1,Matches,6.0,1.0,16.7,0.19,0.03,0.17,1.0,,90.0,96.7,90.0,30,0,,0,1.5,55.0,45.0,10.0,0.32,3.2,0.0,30.0,39.0,0.0,12.0,36.0,51.0,,,0.0
170.0,John Iredale,au AUS,FW,Aalborg,24.0,1999.0,14.0,10.0,723.0,8.0,3.0,0.0,3.0,3.0,0.0,0.0,0.0,0.0,0.37,0.0,0.37,0.37,0.37,Matches,21.0,8.0,38.1,2.61,1.0,0.14,0.38,,52.0,25.1,64.0,1,4,21.0,2,0.79,12.0,16.0,-4.0,-0.5,0.71,0.0,5.0,2.0,7.0,1.0,1.0,2.0,,,0.0
1.0,Jonas Abbew,dk DEN,DF,AGF,22.0,2002.0,17.0,10.0,865.0,9.6,0.0,0.0,0.0,0.0,0.0,0.0,0.0,1.0,0.0,0.0,0.0,0.0,0.0,Matches,1.0,0.0,0.0,0.1,0.0,0.0,,,51.0,30.0,73.0,1,7,19.0,11,1.41,12.0,17.0,-5.0,-0.52,-1.06,0.0,8.0,1.0,1.0,2.0,9.0,5.0,,,0.0
207.0,Jonas Krumrey,de GER,GK,Lyngby,20.0,2003.0,3.0,3.0,270.0,3.0,0.0,0.0,0.0,0.0,0.0,0.0,0.0,0.0,0.0,0.0,0.0,0.0,0.0,Matches,0.0,0.0,,0.0,0.0,,,,90.0,9.4,90.0,3,0,,2,1.0,2.0,3.0,-1.0,-0.33,0.22,0.0,0.0,0.0,0.0,0.0,0.0,0.0,,,0.0
229.0,Jonas Lössl,dk DEN,GK,Midtjylland,35.0,1989.0,10.0,10.0,900.0,10.0,0.0,0.0,0.0,0.0,0.0,0.0,0.0,0.0,0.0,0.0,0.0,0.0,0.0,Matches,0.0,0.0,,0.0,0.0,,,,90.0,31.3,90.0,10,0,,22,2.0,24.0,12.0,12.0,1.2,0.75,0.0,0.0,1.0,0.0,0.0,0.0,0.0,,,0.0
12.0,Jonathan Amon,us USA,"FW,MF",Lyngby,25.0,1999.0,23.0,16.0,1426.0,15.8,3.0,0.0,3.0,3.0,0.0,0.0,1.0,0.0,0.19,0.0,0.19,0.19,0.19,Matches,20.0,7.0,35.0,1.26,0.44,0.15,0.43,,62.0,49.5,76.0,4,7,31.0,4,0.65,8.0,21.0,-13.0,-0.82,-0.57,0.0,16.0,23.0,4.0,36.0,5.0,7.0,,,0.0
370.0,Jonathan Ægidius,dk DEN,GK,Lyngby,22.0,2002.0,6.0,6.0,535.0,5.9,0.0,0.0,0.0,0.0,0.0,0.0,0.0,0.0,0.0,0.0,0.0,0.0,0.0,Matches,0.0,0.0,,0.0,0.0,,,,89.0,18.6,89.0,5,0,,9,1.33,7.0,9.0,-2.0,-0.34,0.24,0.0,0.0,1.0,0.0,0.0,0.0,0.0,,,0.0
217.0,Jordan Larsson,se SWE,"MF,FW",FC Copenhagen,27.0,1997.0,19.0,18.0,1290.0,14.3,8.0,2.0,10.0,8.0,0.0,0.0,4.0,0.0,0.56,0.14,0.7,0.56,0.7,Matches,31.0,14.0,45.2,2.16,0.98,0.26,0.57,,68.0,44.8,71.0,1,1,6.0,5,2.21,25.0,14.0,11.0,0.77,-0.14,0.0,12.0,16.0,1.0,20.0,9.0,8.0,,,0.0
348.0,Jordi Vanlerberghe,be BEL,DF,Brøndby,28.0,1996.0,22.0,16.0,1430.0,15.9,2.0,0.0,2.0,2.0,0.0,0.0,5.0,0.0,0.13,0.0,0.13,0.13,0.13,Matches,16.0,3.0,18.8,1.01,0.19,0.13,0.67,,65.0,49.7,83.0,12,6,18.0,3,1.73,28.0,17.0,11.0,0.69,0.63,0.0,10.0,14.0,2.0,23.0,25.0,34.0,,,0.0
126.0,Jose Gallegos,us USA,"MF,FW",SønderjyskE,22.0,2001.0,15.0,4.0,452.0,5.0,1.0,0.0,1.0,1.0,0.0,0.0,1.0,0.0,0.2,0.0,0.2,0.2,0.2,Matches,5.0,1.0,20.0,1.0,0.2,0.2,1.0,,30.0,15.7,60.0,0,11,19.0,13,0.8,6.0,13.0,-7.0,-1.39,-1.02,0.0,4.0,6.0,0.0,8.0,3.0,10.0,,,0.0
294.0,Josip Radošević,hr CRO,MF,Brøndby,30.0,1994.0,15.0,11.0,862.0,9.6,0.0,0.0,0.0,0.0,0.0,0.0,1.0,0.0,0.0,0.0,0.0,0.0,0.0,Matches,3.0,0.0,0.0,0.31,0.0,0.0,,,57.0,29.9,74.0,4,4,13.0,2,1.73,18.0,12.0,6.0,0.63,0.36,0.0,10.0,5.0,0.0,9.0,8.0,13.0,,,0.0
6.0,Jubril Adedeji,ng NGA,"FW,MF",Aalborg,24.0,2000.0,8.0,3.0,295.0,3.3,0.0,0.0,0.0,0.0,0.0,0.0,1.0,0.0,0.0,0.0,0.0,0.0,0.0,Matches,9.0,0.0,0.0,2.75,0.0,0.0,,,37.0,10.2,60.0,0,5,23.0,4,0.75,5.0,5.0,0.0,0.0,1.15,0.0,6.0,12.0,1.0,2.0,2.0,1.0,,,0.0
213.0,Juho Lähteenmäki,fi FIN,DF,Nordsjælland,18.0,2006.0,15.0,13.0,1068.0,11.9,0.0,0.0,0.0,0.0,0.0,0.0,0.0,0.0,0.0,0.0,0.0,0.0,0.0,Matches,3.0,0.0,0.0,0.25,0.0,0.0,,,71.0,37.1,79.0,5,2,20.0,0,1.33,19.0,19.0,0.0,0.0,0.15,0.0,7.0,10.0,0.0,12.0,7.0,18.0,,,0.0
261.0,Julius Nielsen,dk DEN,"DF,MF",Silkeborg,18.0,2006.0,20.0,5.0,639.0,7.1,0.0,0.0,0.0,0.0,0.0,0.0,0.0,0.0,0.0,0.0,0.0,0.0,0.0,Matches,4.0,2.0,50.0,0.56,0.28,0.0,0.0,,32.0,22.2,69.0,2,15,19.0,12,1.6,9.0,10.0,-1.0,-0.14,-0.78,0.0,10.0,0.0,3.0,15.0,5.0,14.0,,,0.0
187.0,Juninho,br BRA,DF,Midtjylland,28.0,1995.0,9.0,4.0,419.0,4.7,1.0,0.0,1.0,1.0,0.0,0.0,1.0,0.0,0.21,0.0,0.21,0.21,0.21,Matches,9.0,3.0,33.3,1.93,0.64,0.11,0.33,,47.0,14.5,78.0,2,5,22.0,4,1.78,8.0,7.0,1.0,0.21,-0.55,0.0,5.0,1.0,0.0,2.0,5.0,3.0,,,0.0
227.0,Justin Lonwijk,sr SUR,MF,Viborg,24.0,1999.0,20.0,11.0,945.0,10.5,1.0,1.0,2.0,1.0,0.0,0.0,6.0,0.0,0.1,0.1,0.19,0.1,0.19,Matches,17.0,5.0,29.4,1.62,0.48,0.06,0.2,,47.0,32.8,70.0,1,9,20.0,3,1.45,19.0,19.0,0.0,0.0,-0.33,0.0,19.0,16.0,1.0,8.0,14.0,15.0,,,0.0
96.0,Kasper Davidsen,dk DEN,MF,Aalborg,19.0,2005.0,27.0,24.0,1770.0,19.7,0.0,1.0,1.0,0.0,0.0,0.0,6.0,0.0,0.0,0.05,0.05,0.0,0.05,Matches,13.0,4.0,30.8,0.66,0.2,0.0,0.0,,66.0,61.5,70.0,8,3,30.0,4,0.7,22.0,38.0,-16.0,-0.81,0.56,0.0,37.0,32.0,0.0,2.0,24.0,40.0,,,0.0
254.0,Kasper Mølgaard Jørgensen,dk DEN,DF,Aalborg,24.0,1999.0,30.0,30.0,2667.0,29.6,4.0,2.0,6.0,3.0,1.0,1.0,4.0,0.0,0.13,0.07,0.2,0.1,0.17,Matches,50.0,12.0,24.0,1.69,0.4,0.06,0.25,,89.0,92.6,89.0,28,0,,0,0.7,30.0,61.0,-31.0,-1.05,-0.2,0.0,14.0,20.0,1.0,110.0,32.0,22.0,,,0.0
184.0,Kelvin John,tz TAN,FW,Aalborg,21.0,2003.0,23.0,5.0,739.0,8.2,1.0,1.0,2.0,1.0,0.0,0.0,1.0,0.0,0.12,0.12,0.24,0.12,0.24,Matches,6.0,4.0,66.7,0.73,0.49,0.17,0.25,,32.0,25.7,70.0,0,18,22.0,8,0.87,4.0,24.0,-20.0,-2.44,-1.89,0.0,8.0,7.0,4.0,10.0,2.0,6.0,,,0.0
101.0,Kevin Diks,id IDN,DF,FC Copenhagen,27.0,1996.0,24.0,19.0,1644.0,18.3,5.0,2.0,7.0,0.0,5.0,5.0,2.0,0.0,0.27,0.11,0.38,0.0,0.11,Matches,20.0,8.0,40.0,1.09,0.44,0.0,0.0,,69.0,57.1,81.0,14,5,22.0,0,1.92,31.0,20.0,11.0,0.6,-0.56,0.0,9.0,20.0,0.0,23.0,20.0,22.0,,,0.0
244.0,Kevin Mbabu,ch SUI,DF,Midtjylland,29.0,1995.0,23.0,22.0,1745.0,19.4,2.0,1.0,3.0,2.0,0.0,0.0,7.0,0.0,0.1,0.05,0.15,0.1,0.15,Matches,12.0,4.0,33.3,0.62,0.21,0.17,0.5,,76.0,60.6,79.0,11,1,7.0,0,1.96,35.0,27.0,8.0,0.41,-0.7,0.0,29.0,17.0,2.0,92.0,23.0,31.0,,,0.0
144.0,Kian Hansen,dk DEN,DF,Nordsjælland,35.0,1989.0,16.0,15.0,1122.0,12.5,0.0,0.0,0.0,0.0,0.0,0.0,2.0,0.0,0.0,0.0,0.0,0.0,0.0,Matches,3.0,0.0,0.0,0.24,0.0,0.0,,,70.0,39.0,73.0,6,1,24.0,6,1.25,17.0,26.0,-9.0,-0.72,-1.03,0.0,6.0,5.0,0.0,4.0,10.0,7.0,,,0.0
119.0,Kolbeinn Finnsson,is ISL,"MF,DF",Lyngby,24.0,1999.0,5.0,5.0,450.0,5.0,0.0,0.0,0.0,0.0,0.0,0.0,0.0,0.0,0.0,0.0,0.0,0.0,0.0,Matches,5.0,1.0,20.0,1.0,0.2,0.0,0.0,,90.0,15.6,90.0,5,0,,0,0.4,3.0,8.0,-5.0,-1.0,-0.56,0.0,5.0,3.0,1.0,20.0,4.0,2.0,,,0.0
237.0,Kristall Máni Ingason,is ISL,"FW,MF",SønderjyskE,22.0,2002.0,20.0,16.0,1400.0,15.6,1.0,1.0,2.0,1.0,0.0,0.0,3.0,0.0,0.06,0.06,0.13,0.06,0.13,Matches,19.0,7.0,36.8,1.22,0.45,0.05,0.14,,70.0,48.6,78.0,5,4,38.0,0,1.05,18.0,35.0,-17.0,-1.09,-1.09,0.0,15.0,18.0,2.0,52.0,9.0,10.0,,,0.0
29.0,Kristian Arnstad,no NOR,MF,AGF,20.0,2003.0,24.0,18.0,1618.0,18.0,1.0,1.0,2.0,1.0,0.0,0.0,6.0,0.0,0.06,0.06,0.11,0.06,0.11,Matches,20.0,6.0,30.0,1.11,0.33,0.05,0.17,,67.0,56.2,79.0,6,6,33.0,0,0.88,22.0,30.0,-8.0,-0.44,-1.51,0.0,29.0,25.0,0.0,39.0,13.0,27.0,,,0.0
196.0,Kristian Kirkegaard,dk DEN,"MF,FW",Vejle BK,26.0,1997.0,29.0,19.0,1857.0,20.6,2.0,1.0,3.0,2.0,0.0,0.0,6.0,0.0,0.1,0.05,0.15,0.1,0.15,Matches,30.0,5.0,16.7,1.45,0.24,0.07,0.4,,64.0,64.5,83.0,10,10,28.0,0,0.86,29.0,37.0,-8.0,-0.39,1.28,0.0,35.0,38.0,3.0,34.0,21.0,21.0,,,0.0
31.0,Kristoffer Askildsen,no NOR,MF,Midtjylland,23.0,2001.0,12.0,6.0,543.0,6.0,0.0,0.0,0.0,0.0,0.0,0.0,1.0,0.0,0.0,0.0,0.0,0.0,0.0,Matches,5.0,1.0,20.0,0.83,0.17,0.0,0.0,,45.0,18.9,72.0,1,6,18.0,4,1.5,11.0,10.0,1.0,0.17,-0.64,0.0,7.0,10.0,0.0,5.0,12.0,8.0,,,0.0
205.0,Lars Kramer,nl NED,DF,Aalborg,25.0,1999.0,29.0,28.0,2524.0,28.0,0.0,1.0,1.0,0.0,0.0,0.0,5.0,0.0,0.0,0.04,0.04,0.0,0.04,Matches,20.0,3.0,15.0,0.71,0.11,0.0,0.0,,87.0,87.6,88.0,27,1,48.0,2,0.83,34.0,62.0,-28.0,-1.0,0.27,0.0,20.0,14.0,0.0,2.0,35.0,24.0,,,1.0
120.0,Lasse Flö,dk DEN,DF,Vejle BK,18.0,2005.0,11.0,10.0,708.0,7.9,0.0,0.0,0.0,0.0,0.0,0.0,1.0,0.0,0.0,0.0,0.0,0.0,0.0,Matches,1.0,0.0,0.0,0.13,0.0,0.0,,,64.0,24.6,69.0,2,1,23.0,1,1.36,10.0,13.0,-3.0,-0.38,0.61,0.0,5.0,10.0,0.0,15.0,12.0,9.0,,,0.0
312.0,Lauge Sandgrav,dk DEN,"MF,FW",Lyngby,19.0,2004.0,32.0,26.0,2203.0,24.5,1.0,3.0,4.0,1.0,0.0,0.0,1.0,0.0,0.04,0.12,0.16,0.04,0.16,Matches,20.0,1.0,5.0,0.82,0.04,0.05,1.0,,69.0,76.5,78.0,10,6,30.0,0,0.84,16.0,35.0,-19.0,-0.78,-1.04,0.0,22.0,32.0,2.0,17.0,24.0,31.0,,,0.0
283.0,Laurits Pedersen,dk DEN,MF,Randers,18.0,2006.0,17.0,4.0,566.0,6.3,0.0,1.0,1.0,0.0,0.0,0.0,3.0,0.0,0.0,0.16,0.16,0.0,0.16,Matches,1.0,0.0,0.0,0.16,0.0,0.0,,,33.0,19.7,66.0,0,13,23.0,8,1.41,12.0,14.0,-2.0,-0.32,-0.67,0.0,11.0,1.0,0.0,2.0,7.0,13.0,,,0.0
141.0,Lee Hanbeom,kr KOR,DF,Midtjylland,22.0,2002.0,11.0,8.0,733.0,8.1,0.0,1.0,1.0,0.0,0.0,0.0,0.0,0.0,0.0,0.12,0.12,0.0,0.12,Matches,5.0,1.0,20.0,0.61,0.12,0.0,0.0,,67.0,25.5,88.0,7,3,10.0,19,2.82,21.0,8.0,13.0,1.6,1.22,0.0,10.0,3.0,1.0,1.0,9.0,8.0,,,0.0
199.0,Leon Klassen,ru RUS,"DF,MF",Lyngby,24.0,2000.0,22.0,18.0,1667.0,18.5,1.0,3.0,4.0,1.0,0.0,0.0,7.0,1.0,0.05,0.16,0.22,0.05,0.22,Matches,11.0,4.0,36.4,0.59,0.22,0.09,0.25,,76.0,57.9,86.0,14,4,30.0,0,0.95,14.0,26.0,-12.0,-0.65,-0.28,1.0,15.0,22.0,0.0,121.0,32.0,19.0,,,0.0
357.0,Leopold Wahlstedt,se SWE,GK,AGF,25.0,1999.0,4.0,4.0,360.0,4.0,0.0,0.0,0.0,0.0,0.0,0.0,0.0,0.0,0.0,0.0,0.0,0.0,0.0,Matches,0.0,0.0,,0.0,0.0,,,,90.0,12.5,90.0,4,0,,20,0.0,5.0,12.0,-7.0,-1.75,-2.25,0.0,0.0,0.0,0.0,0.0,0.0,0.0,,,0.0
259.0,Levy Nene,gh GHA,FW,Nordsjælland,18.0,2006.0,19.0,6.0,589.0,6.5,3.0,1.0,4.0,3.0,0.0,0.0,1.0,0.0,0.46,0.15,0.61,0.46,0.61,Matches,24.0,14.0,58.3,3.67,2.14,0.13,0.21,,31.0,20.5,65.0,1,13,15.0,6,1.53,10.0,14.0,-4.0,-0.61,-0.65,0.0,13.0,13.0,5.0,2.0,3.0,3.0,,,0.0
292.0,Lirim Qamili,mk MKD,"FW,MF",SønderjyskE,26.0,1998.0,26.0,23.0,2059.0,22.9,11.0,5.0,16.0,9.0,2.0,3.0,3.0,0.0,0.48,0.22,0.7,0.39,0.61,Matches,55.0,26.0,47.3,2.4,1.14,0.16,0.35,,79.0,71.5,86.0,13,3,29.0,0,1.15,36.0,48.0,-12.0,-0.52,0.02,0.0,36.0,32.0,10.0,29.0,11.0,22.0,,,0.0
157.0,Lucas Hey,dk DEN,DF,Nordsjælland,21.0,2003.0,17.0,16.0,1438.0,16.0,1.0,2.0,3.0,1.0,0.0,0.0,3.0,0.0,0.06,0.13,0.19,0.06,0.19,Matches,4.0,2.0,50.0,0.25,0.13,0.25,0.5,,85.0,49.9,89.0,15,1,16.0,0,1.53,29.0,26.0,3.0,0.19,0.56,0.0,12.0,23.0,0.0,2.0,17.0,11.0,,,0.0
165.0,Lucas Høgsberg,dk DEN,DF,Nordsjælland,18.0,2006.0,28.0,23.0,2154.0,23.9,0.0,1.0,1.0,0.0,0.0,0.0,5.0,0.0,0.0,0.04,0.04,0.0,0.04,Matches,3.0,0.0,0.0,0.13,0.0,0.0,,,77.0,74.8,90.0,23,5,17.0,3,1.36,39.0,42.0,-3.0,-0.13,-0.13,0.0,17.0,25.0,0.0,14.0,24.0,24.0,,,1.0
226.0,Lucas Lissens,be BEL,DF,Lyngby,23.0,2001.0,28.0,27.0,2436.0,27.1,1.0,1.0,2.0,1.0,0.0,0.0,4.0,0.0,0.04,0.04,0.07,0.04,0.07,Matches,23.0,5.0,21.7,0.85,0.18,0.04,0.2,,87.0,84.6,89.0,26,1,45.0,0,0.93,23.0,37.0,-14.0,-0.52,0.09,0.0,23.0,20.0,1.0,11.0,50.0,36.0,,,0.0
230.0,Lucas Lund Pedersen,dk DEN,GK,Viborg,24.0,2000.0,18.0,18.0,1620.0,18.0,0.0,0.0,0.0,0.0,0.0,0.0,0.0,0.0,0.0,0.0,0.0,0.0,0.0,Matches,0.0,0.0,,0.0,0.0,,,,90.0,56.3,90.0,18,0,,14,1.33,34.0,34.0,0.0,0.0,-0.5,0.0,0.0,2.0,0.0,0.0,0.0,0.0,,,0.0
162.0,Luka Hujber,hr CRO,"DF,MF",Vejle BK,25.0,1999.0,19.0,9.0,936.0,10.4,0.0,1.0,1.0,0.0,0.0,0.0,2.0,0.0,0.0,0.1,0.1,0.0,0.1,Matches,3.0,0.0,0.0,0.29,0.0,0.0,,,49.0,32.5,76.0,4,10,26.0,8,0.74,12.0,23.0,-11.0,-1.06,-0.32,0.0,18.0,5.0,0.0,15.0,15.0,28.0,,,0.0
52.0,Lukas Björklund,se SWE,MF,SønderjyskE,20.0,2004.0,31.0,25.0,1797.0,20.0,2.0,2.0,4.0,2.0,0.0,0.0,6.0,0.0,0.1,0.1,0.2,0.1,0.2,Matches,14.0,8.0,57.1,0.7,0.4,0.14,0.25,,58.0,62.4,66.0,1,6,26.0,0,1.1,30.0,44.0,-14.0,-0.7,-0.45,0.0,46.0,20.0,2.0,18.0,15.0,8.0,,,0.0
222.0,Lukas Lerager,dk DEN,MF,FC Copenhagen,31.0,1993.0,24.0,16.0,1565.0,17.4,1.0,0.0,1.0,1.0,0.0,0.0,3.0,0.0,0.06,0.0,0.06,0.06,0.06,Matches,17.0,6.0,35.3,0.98,0.35,0.06,0.17,,65.0,54.3,85.0,12,8,27.0,4,2.25,33.0,16.0,17.0,0.98,0.29,0.0,35.0,15.0,4.0,8.0,16.0,37.0,,,0.0
156.0,Lundrim Hetemi,dk DEN,MF,Vejle BK,24.0,2000.0,32.0,30.0,2464.0,27.4,0.0,1.0,1.0,0.0,0.0,0.0,4.0,0.0,0.0,0.04,0.04,0.0,0.04,Matches,26.0,4.0,15.4,0.95,0.15,0.0,0.0,,77.0,85.6,81.0,19,2,20.0,0,0.88,33.0,53.0,-20.0,-0.73,0.78,0.0,28.0,40.0,0.0,6.0,27.0,37.0,,,0.0
7.0,Mads Agger,dk DEN,"FW,MF",SønderjyskE,24.0,1999.0,26.0,20.0,1589.0,17.7,8.0,3.0,11.0,8.0,0.0,0.0,3.0,0.0,0.45,0.17,0.62,0.45,0.62,Matches,38.0,20.0,52.6,2.15,1.13,0.21,0.4,,61.0,55.2,69.0,3,6,35.0,1,1.12,28.0,35.0,-7.0,-0.4,0.3,0.0,9.0,7.0,5.0,74.0,9.0,20.0,,,0.0
42.0,Mads Bech Sørensen,dk DEN,DF,Midtjylland,25.0,1999.0,31.0,30.0,2730.0,30.3,1.0,2.0,3.0,1.0,0.0,0.0,1.0,0.0,0.03,0.07,0.1,0.03,0.1,Matches,11.0,2.0,18.2,0.36,0.07,0.09,0.5,,88.0,94.8,90.0,30,1,30.0,1,1.97,62.0,40.0,22.0,0.73,0.73,0.0,19.0,31.0,1.0,16.0,28.0,20.0,,,0.0
56.0,Mads Bomholt,dk DEN,MF,Aalborg,18.0,2005.0,29.0,15.0,1457.0,16.2,3.0,0.0,3.0,3.0,0.0,0.0,2.0,0.0,0.19,0.0,0.19,0.19,0.19,Matches,22.0,9.0,40.9,1.36,0.56,0.14,0.33,,50.0,50.6,76.0,3,14,23.0,2,0.72,20.0,31.0,-11.0,-0.68,0.71,0.0,26.0,17.0,0.0,10.0,15.0,23.0,,,0.0
113.0,Mads Emil Madsen,dk DEN,MF,AGF,26.0,1998.0,31.0,30.0,2635.0,29.3,5.0,3.0,8.0,5.0,0.0,0.0,5.0,1.0,0.17,0.1,0.27,0.17,0.27,Matches,49.0,19.0,38.8,1.67,0.65,0.1,0.26,,85.0,91.5,87.0,22,1,29.0,0,1.19,45.0,44.0,1.0,0.03,-2.17,1.0,23.0,36.0,1.0,36.0,30.0,48.0,,,0.0
117.0,Mads Enggård,dk DEN,MF,Randers,20.0,2004.0,4.0,4.0,336.0,3.7,1.0,0.0,1.0,1.0,0.0,0.0,0.0,0.0,0.27,0.0,0.27,0.27,0.27,Matches,1.0,1.0,100.0,0.27,0.27,1.0,1.0,,84.0,11.7,84.0,2,0,,0,1.75,7.0,6.0,1.0,0.27,0.06,0.0,5.0,4.0,0.0,33.0,1.0,6.0,,,0.0
123.0,Mads Freundlich,dk DEN,MF,Silkeborg,21.0,2003.0,27.0,20.0,1646.0,18.3,1.0,1.0,2.0,1.0,0.0,0.0,3.0,0.0,0.05,0.05,0.11,0.05,0.11,Matches,5.0,2.0,40.0,0.27,0.11,0.2,0.5,,61.0,57.2,75.0,5,7,22.0,1,1.54,28.0,24.0,4.0,0.22,-0.58,0.0,22.0,31.0,0.0,9.0,25.0,15.0,,,0.0
215.0,Mads Larsen,dk DEN,MF,Silkeborg,22.0,2001.0,32.0,30.0,2377.0,26.4,1.0,3.0,4.0,1.0,0.0,0.0,0.0,0.0,0.04,0.11,0.15,0.04,0.15,Matches,18.0,3.0,16.7,0.68,0.11,0.06,0.33,,74.0,82.5,76.0,13,2,50.0,0,1.58,45.0,37.0,8.0,0.3,-0.95,0.0,13.0,29.0,0.0,13.0,39.0,17.0,,,0.0
332.0,Mads Søndergaard,dk DEN,MF,Viborg,21.0,2002.0,14.0,3.0,476.0,5.3,0.0,3.0,3.0,0.0,0.0,0.0,5.0,0.0,0.0,0.57,0.57,0.0,0.57,Matches,4.0,0.0,0.0,0.76,0.0,0.0,,,34.0,16.5,87.0,1,11,19.0,5,1.5,12.0,6.0,6.0,1.13,1.1,0.0,19.0,5.0,0.0,13.0,4.0,8.0,,,0.0
178.0,Magnus Jensen,dk DEN,DF,Lyngby,27.0,1996.0,28.0,24.0,2219.0,24.7,1.0,3.0,4.0,1.0,0.0,0.0,5.0,0.0,0.04,0.12,0.16,0.04,0.16,Matches,17.0,5.0,29.4,0.69,0.2,0.06,0.2,,79.0,77.0,88.0,23,4,27.0,0,0.86,21.0,31.0,-10.0,-0.41,0.55,0.0,17.0,16.0,2.0,11.0,26.0,20.0,,,0.0
242.0,Magnus Mattsson,dk DEN,"MF,FW",FC Copenhagen,25.0,1999.0,31.0,16.0,1290.0,14.3,3.0,1.0,4.0,2.0,1.0,1.0,2.0,0.0,0.21,0.07,0.28,0.14,0.21,Matches,39.0,16.0,41.0,2.72,1.12,0.05,0.13,,42.0,44.8,64.0,1,15,18.0,0,2.03,29.0,18.0,11.0,0.77,-0.14,0.0,21.0,19.0,1.0,58.0,7.0,19.0,,,0.0
358.0,Magnus Warming,dk DEN,FW,Lyngby,24.0,2000.0,11.0,4.0,449.0,5.0,0.0,0.0,0.0,0.0,0.0,0.0,1.0,0.0,0.0,0.0,0.0,0.0,0.0,Matches,10.0,4.0,40.0,2.0,0.8,0.0,0.0,,41.0,15.6,66.0,1,7,26.0,4,0.64,8.0,7.0,1.0,0.2,0.87,0.0,12.0,9.0,1.0,9.0,2.0,2.0,,,0.0
360.0,Magnus Westergaard,dk DEN,MF,Viborg,26.0,1998.0,15.0,15.0,1213.0,13.5,2.0,3.0,5.0,2.0,0.0,0.0,6.0,1.0,0.15,0.22,0.37,0.15,0.37,Matches,21.0,5.0,23.8,1.56,0.37,0.1,0.4,,81.0,42.1,81.0,6,0,,0,1.2,21.0,19.0,2.0,0.15,-0.12,1.0,23.0,26.0,2.0,7.0,18.0,18.0,,,0.0
2.0,Malik Abubakari,gh GHA,FW,Lyngby,24.0,2000.0,17.0,7.0,665.0,7.4,0.0,0.0,0.0,0.0,0.0,1.0,5.0,0.0,0.0,0.0,0.0,0.0,0.0,Matches,23.0,3.0,13.0,3.11,0.41,0.0,0.0,,39.0,23.1,74.0,4,10,15.0,4,0.71,7.0,9.0,-2.0,-0.27,0.34,0.0,17.0,5.0,1.0,4.0,1.0,1.0,,,0.0
90.0,Marc Dal Hende,dk DEN,DF,SønderjyskE,33.0,1990.0,17.0,12.0,1164.0,12.9,1.0,2.0,3.0,1.0,0.0,0.0,3.0,0.0,0.08,0.15,0.23,0.08,0.23,Matches,6.0,1.0,16.7,0.46,0.08,0.17,1.0,,68.0,40.4,90.0,11,5,17.0,11,1.59,24.0,20.0,4.0,0.31,1.41,0.0,8.0,7.0,0.0,14.0,17.0,16.0,,,0.0
262.0,Marc Nielsen,dk DEN,DF,Aalborg,23.0,2001.0,12.0,1.0,286.0,3.2,0.0,0.0,0.0,0.0,0.0,0.0,2.0,0.0,0.0,0.0,0.0,0.0,0.0,Matches,0.0,0.0,,0.0,0.0,,,,24.0,9.9,90.0,1,11,18.0,14,1.0,2.0,10.0,-8.0,-2.52,-1.65,0.0,3.0,6.0,0.0,9.0,3.0,3.0,,,0.0
308.0,Marcel Rømer,dk DEN,MF,Lyngby,32.0,1991.0,11.0,3.0,329.0,3.7,0.0,0.0,0.0,0.0,0.0,0.0,3.0,0.0,0.0,0.0,0.0,0.0,0.0,Matches,1.0,0.0,0.0,0.27,0.0,0.0,,,30.0,11.4,73.0,1,8,14.0,10,0.73,2.0,5.0,-3.0,-0.82,-0.33,0.0,10.0,10.0,0.0,5.0,4.0,3.0,,,0.0
228.0,Marcos López,pe PER,DF,FC Copenhagen,24.0,1999.0,17.0,15.0,1276.0,14.2,1.0,3.0,4.0,1.0,0.0,0.0,2.0,1.0,0.07,0.21,0.28,0.07,0.28,Matches,12.0,3.0,25.0,0.85,0.21,0.08,0.33,,75.0,44.3,80.0,9,2,40.0,4,2.18,31.0,13.0,18.0,1.27,0.76,0.0,13.0,25.0,0.0,63.0,20.0,20.0,,,0.0
68.0,Marcus Bundgaard Sørensen,dk DEN,GK,SønderjyskE,22.0,2001.0,14.0,14.0,1260.0,14.0,0.0,0.0,0.0,0.0,0.0,0.0,0.0,0.0,0.0,0.0,0.0,0.0,0.0,Matches,0.0,0.0,,0.0,0.0,,,,90.0,43.8,90.0,14,0,,0,1.29,23.0,25.0,-2.0,-0.14,0.69,0.0,0.0,2.0,0.0,0.0,1.0,0.0,,,0.0
169.0,Marcus Ingvartsen,dk DEN,FW,Nordsjælland,28.0,1996.0,17.0,17.0,1376.0,15.3,5.0,1.0,6.0,4.0,1.0,3.0,3.0,0.0,0.33,0.07,0.39,0.26,0.33,Matches,40.0,16.0,40.0,2.62,1.05,0.1,0.25,,81.0,47.8,81.0,10,0,,0,1.53,29.0,26.0,3.0,0.2,0.56,0.0,27.0,10.0,4.0,6.0,6.0,2.0,,,1.0
105.0,Mario Dorgeless,ci CIV,"MF,FW",Nordsjælland,19.0,2004.0,30.0,28.0,2225.0,24.7,2.0,4.0,6.0,2.0,0.0,0.0,3.0,0.0,0.08,0.16,0.24,0.08,0.24,Matches,42.0,12.0,28.6,1.7,0.49,0.05,0.17,,74.0,77.3,77.0,8,2,32.0,1,1.43,43.0,41.0,2.0,0.08,0.77,0.0,23.0,28.0,2.0,26.0,23.0,33.0,,,0.0
202.0,Marius Kolind,dk DEN,"MF,DF",Vejle BK,22.0,2002.0,21.0,8.0,1003.0,11.1,0.0,1.0,1.0,0.0,0.0,0.0,2.0,0.0,0.0,0.09,0.09,0.0,0.09,Matches,11.0,4.0,36.4,0.99,0.36,0.0,0.0,,48.0,34.8,85.0,6,13,25.0,6,0.71,10.0,23.0,-13.0,-1.17,-0.5,0.0,18.0,14.0,0.0,18.0,11.0,9.0,,,0.0
60.0,Mark Brink,dk DEN,MF,Nordsjælland,26.0,1998.0,24.0,24.0,2024.0,22.5,0.0,1.0,1.0,0.0,0.0,0.0,2.0,0.0,0.0,0.04,0.04,0.0,0.04,Matches,14.0,2.0,14.3,0.62,0.09,0.0,0.0,,84.0,70.3,84.0,12,0,,0,1.46,36.0,36.0,0.0,0.0,0.32,0.0,16.0,9.0,0.0,9.0,18.0,25.0,,,0.0
61.0,Mark Brink,dk DEN,MF,Silkeborg,26.0,1998.0,5.0,5.0,449.0,5.0,0.0,1.0,1.0,0.0,0.0,0.0,0.0,1.0,0.0,0.2,0.2,0.0,0.2,Matches,14.0,2.0,14.3,0.62,0.09,0.0,0.0,,84.0,70.3,84.0,12,0,,0,1.46,36.0,36.0,0.0,0.0,0.32,0.0,16.0,9.0,0.0,9.0,18.0,25.0,,,0.0
102.0,Marko Divkovic,hr CRO,"MF,DF",Brøndby,25.0,1999.0,27.0,13.0,1480.0,16.4,1.0,3.0,4.0,1.0,0.0,0.0,2.0,0.0,0.06,0.18,0.24,0.06,0.24,Matches,23.0,7.0,30.4,1.4,0.43,0.04,0.14,,55.0,51.4,85.0,9,14,27.0,0,1.41,27.0,26.0,1.0,0.06,-0.65,0.0,15.0,16.0,1.0,84.0,23.0,26.0,,,0.0
134.0,Mathias Greve,dk DEN,MF,Randers,29.0,1995.0,24.0,24.0,2013.0,22.4,5.0,5.0,10.0,5.0,0.0,0.0,0.0,0.0,0.22,0.22,0.45,0.22,0.45,Matches,3.0,1.0,33.3,2.14,0.71,0.33,1.0,,32.0,4.4,62.0,0,3,21.0,2,2.25,1.0,0.0,1.0,0.71,0.35,0.0,1.0,0.0,0.0,1.0,1.0,1.0,,,0.0
153.0,Mathias Hebo,dk DEN,MF,Lyngby,28.0,1995.0,21.0,12.0,1087.0,12.1,0.0,0.0,0.0,0.0,0.0,0.0,5.0,0.0,0.0,0.0,0.0,0.0,0.0,Matches,12.0,2.0,16.7,0.99,0.17,0.0,0.0,,52.0,37.7,77.0,7,9,18.0,1,0.86,11.0,14.0,-3.0,-0.25,0.45,0.0,8.0,14.0,0.0,3.0,8.0,4.0,,,0.0
190.0,Mathias Jørgensen,dk DEN,"FW,MF",Aalborg,23.0,2000.0,32.0,32.0,2880.0,32.0,10.0,5.0,15.0,9.0,1.0,2.0,0.0,0.0,0.31,0.16,0.47,0.28,0.44,Matches,79.0,28.0,35.4,2.47,0.87,0.11,0.32,,90.0,100.0,90.0,32,0,,0,0.75,34.0,67.0,-33.0,-1.03,,0.0,10.0,10.0,11.0,72.0,6.0,8.0,,,0.0
211.0,Mathias Kvistgaarden,dk DEN,"FW,MF",Brøndby,22.0,2002.0,29.0,26.0,2009.0,22.3,17.0,5.0,22.0,17.0,0.0,0.0,4.0,0.0,0.76,0.22,0.99,0.76,0.99,Matches,80.0,39.0,48.8,3.58,1.75,0.21,0.44,,69.0,69.8,74.0,9,3,27.0,0,1.59,44.0,31.0,13.0,0.58,0.69,0.0,40.0,47.0,17.0,17.0,4.0,8.0,,,0.0
270.0,Matti Olsen,dk DEN,DF,SønderjyskE,29.0,1995.0,7.0,4.0,370.0,4.1,0.0,0.0,0.0,0.0,0.0,0.0,0.0,0.0,0.0,0.0,0.0,0.0,0.0,Matches,2.0,0.0,0.0,0.49,0.0,0.0,,,53.0,12.8,82.0,2,3,15.0,8,0.71,7.0,11.0,-4.0,-0.97,-0.51,0.0,1.0,2.0,0.0,2.0,4.0,4.0,,,0.0
324.0,Maxime Soulas,fr FRA,DF,SønderjyskE,25.0,1999.0,31.0,31.0,2745.0,30.5,2.0,2.0,4.0,2.0,0.0,0.0,6.0,0.0,0.07,0.07,0.13,0.07,0.13,Matches,19.0,3.0,15.8,0.62,0.1,0.11,0.67,,89.0,95.3,89.0,30,0,,0,1.1,45.0,63.0,-18.0,-0.59,-1.26,0.0,24.0,10.0,0.0,2.0,30.0,33.0,,,0.0
361.0,Melker Widell,se SWE,MF,Aalborg,22.0,2002.0,27.0,25.0,2219.0,24.7,3.0,3.0,6.0,3.0,0.0,0.0,6.0,1.0,0.12,0.12,0.24,0.12,0.24,Matches,51.0,11.0,21.6,2.07,0.45,0.06,0.27,,82.0,77.0,86.0,16,2,40.0,0,0.78,27.0,48.0,-21.0,-0.85,0.78,1.0,27.0,58.0,2.0,167.0,16.0,31.0,,,0.0
9.0,Michael Akoto,de GER,DF,AGF,27.0,1997.0,8.0,3.0,276.0,3.1,0.0,0.0,0.0,0.0,0.0,0.0,0.0,0.0,0.0,0.0,0.0,0.0,0.0,Matches,1.0,1.0,100.0,0.33,0.33,0.0,0.0,,35.0,9.6,64.0,0,5,17.0,4,1.5,10.0,6.0,4.0,1.3,1.2,0.0,1.0,5.0,0.0,1.0,7.0,5.0,,,0.0
275.0,Michael Opoku,dk DEN,"MF,FW",Lyngby,19.0,2005.0,21.0,10.0,983.0,10.9,4.0,0.0,4.0,4.0,0.0,1.0,2.0,0.0,0.37,0.0,0.37,0.37,0.37,Matches,34.0,12.0,35.3,3.11,1.1,0.12,0.33,,47.0,34.1,70.0,2,11,26.0,9,0.52,10.0,18.0,-8.0,-0.73,-0.31,0.0,14.0,12.0,6.0,26.0,2.0,4.0,,,0.0
16.0,Mikael Anderson,is ISL,"MF,FW",AGF,26.0,1998.0,30.0,28.0,2514.0,27.9,6.0,6.0,12.0,6.0,0.0,0.0,5.0,0.0,0.21,0.21,0.43,0.21,0.43,Matches,73.0,29.0,39.7,2.61,1.04,0.08,0.21,,84.0,87.3,88.0,22,2,20.0,0,1.23,48.0,40.0,8.0,0.29,0.53,0.0,33.0,61.0,7.0,105.0,11.0,19.0,,,0.0
340.0,Mike Themsen,dk DEN,"MF,FW",Randers,18.0,2006.0,18.0,3.0,420.0,4.7,1.0,0.0,1.0,1.0,0.0,0.0,0.0,0.0,0.21,0.0,0.21,0.21,0.21,Matches,5.0,2.0,40.0,1.07,0.43,0.2,0.5,,23.0,14.6,65.0,0,15,15.0,9,1.26,5.0,7.0,-2.0,-0.43,-0.76,0.0,4.0,6.0,1.0,15.0,2.0,2.0,,,0.0
185.0,Mikel Johnsen,dk DEN,"MF,FW",Midtjylland,17.0,2006.0,20.0,11.0,885.0,9.8,3.0,3.0,6.0,3.0,0.0,0.0,1.0,0.0,0.31,0.31,0.61,0.31,0.61,Matches,15.0,7.0,46.7,1.53,0.71,0.2,0.43,,44.0,30.7,59.0,0,9,26.0,2,1.75,19.0,9.0,10.0,1.02,0.48,0.0,3.0,27.0,0.0,37.0,3.0,6.0,,,0.0
168.0,Milan Iloski,us USA,"FW,MF",Nordsjælland,25.0,1999.0,16.0,0.0,314.0,3.5,2.0,0.0,2.0,2.0,0.0,0.0,0.0,0.0,0.57,0.0,0.57,0.57,0.57,Matches,18.0,8.0,44.4,5.16,2.29,0.11,0.25,,20.0,10.9,,0,16,20.0,6,1.5,7.0,8.0,-1.0,-0.29,-0.22,0.0,11.0,10.0,3.0,6.0,0.0,1.0,,,0.0
296.0,Mileta Rajovic,dk DEN,FW,Brøndby,25.0,1999.0,24.0,10.0,1221.0,13.6,5.0,2.0,7.0,4.0,1.0,1.0,1.0,0.0,0.37,0.15,0.52,0.29,0.44,Matches,41.0,15.0,36.6,3.02,1.11,0.1,0.27,,51.0,42.4,88.0,8,14,24.0,1,1.63,23.0,19.0,4.0,0.29,-0.14,0.0,7.0,3.0,3.0,3.0,1.0,3.0,,,0.0
80.0,Mohamed Cherif Haidara,gn GUI,MF,SønderjyskE,18.0,2006.0,17.0,4.0,550.0,6.1,1.0,0.0,1.0,1.0,0.0,0.0,2.0,0.0,0.16,0.0,0.16,0.16,0.16,Matches,6.0,3.0,50.0,0.98,0.49,0.17,0.33,,32.0,19.1,75.0,2,13,19.0,11,1.24,8.0,16.0,-8.0,-1.31,-0.96,0.0,19.0,9.0,0.0,0.0,6.0,14.0,,,0.0
111.0,Mohamed Elyounoussi,no NOR,"MF,FW",FC Copenhagen,29.0,1994.0,27.0,21.0,2002.0,22.2,8.0,7.0,15.0,8.0,0.0,1.0,0.0,0.0,0.36,0.31,0.67,0.36,0.67,Matches,84.0,29.0,34.5,3.78,1.3,0.1,0.28,,74.0,69.5,87.0,15,6,30.0,0,1.89,43.0,21.0,22.0,0.99,0.48,0.0,21.0,32.0,6.0,99.0,16.0,14.0,,,0.0
342.0,Mohamed Toure,au AUS,FW,Randers,20.0,2004.0,27.0,14.0,1335.0,14.8,7.0,3.0,10.0,6.0,1.0,1.0,2.0,0.0,0.47,0.2,0.67,0.4,0.61,Matches,35.0,18.0,51.4,2.36,1.21,0.17,0.33,,49.0,46.4,73.0,2,13,24.0,0,1.46,30.0,22.0,8.0,0.54,0.6,0.0,17.0,21.0,12.0,5.0,1.0,3.0,,,0.0
129.0,Munashe Garan'anga,zw ZIM,DF,FC Copenhagen,23.0,2001.0,11.0,7.0,636.0,7.1,0.0,0.0,0.0,0.0,0.0,0.0,0.0,0.0,0.0,0.0,0.0,0.0,0.0,Matches,6.0,1.0,16.7,0.85,0.14,0.0,0.0,,58.0,22.1,80.0,5,4,19.0,14,1.91,13.0,7.0,6.0,0.85,0.01,0.0,5.0,3.0,0.0,0.0,15.0,7.0,,,0.0
189.0,Musa Juwara,gm GAM,"MF,FW",Vejle BK,22.0,2001.0,29.0,11.0,1297.0,14.4,4.0,3.0,7.0,4.0,0.0,0.0,4.0,0.0,0.28,0.21,0.49,0.28,0.49,Matches,43.0,16.0,37.2,2.98,1.11,0.09,0.25,,45.0,45.0,81.0,5,18,22.0,2,0.83,17.0,35.0,-18.0,-1.25,-0.74,0.0,15.0,16.0,4.0,110.0,15.0,25.0,,,0.0
182.0,Mylian Jimenez,nl NED,"MF,DF",Aalborg,21.0,2003.0,27.0,13.0,1304.0,14.5,0.0,1.0,1.0,0.0,0.0,0.0,7.0,0.0,0.0,0.07,0.07,0.0,0.07,Matches,11.0,2.0,18.2,0.76,0.14,0.0,0.0,,48.0,45.3,70.0,2,14,28.0,1,0.7,12.0,37.0,-25.0,-1.73,-1.27,0.0,20.0,12.0,0.0,66.0,16.0,22.0,,,0.0
344.0,Nathan Trott,eng ENG,GK,FC Copenhagen,25.0,1998.0,17.0,17.0,1530.0,17.0,0.0,0.0,0.0,0.0,0.0,0.0,0.0,0.0,0.0,0.0,0.0,0.0,0.0,Matches,0.0,0.0,,0.0,0.0,,,,90.0,53.1,90.0,17,0,,15,1.88,34.0,22.0,12.0,0.71,-0.29,0.0,0.0,1.0,0.0,0.0,0.0,0.0,,,0.0
155.0,Nicklas Helenius,dk DEN,FW,Aalborg,33.0,1991.0,16.0,4.0,569.0,6.3,3.0,3.0,6.0,3.0,0.0,0.0,0.0,0.0,0.47,0.47,0.95,0.47,0.95,Matches,11.0,3.0,27.3,1.74,0.47,0.27,1.0,,36.0,19.8,67.0,0,12,25.0,1,0.75,10.0,10.0,0.0,0.0,1.29,0.0,5.0,7.0,2.0,1.0,2.0,2.0,,,0.0
121.0,Nicolai Flø,dk DEN,GK,SønderjyskE,28.0,1995.0,5.0,5.0,398.0,4.4,0.0,0.0,0.0,0.0,0.0,0.0,0.0,0.0,0.0,0.0,0.0,0.0,0.0,Matches,0.0,0.0,,0.0,0.0,,,,80.0,13.8,80.0,4,0,,20,0.8,4.0,9.0,-5.0,-1.13,-0.7,0.0,0.0,1.0,0.0,0.0,0.0,0.0,,,0.0
216.0,Nicolai Larsen,dk DEN,GK,Silkeborg,33.0,1991.0,31.0,31.0,2745.0,30.5,0.0,0.0,0.0,0.0,0.0,0.0,1.0,0.0,0.0,0.0,0.0,0.0,0.0,Matches,0.0,0.0,,0.0,0.0,,,,89.0,95.3,89.0,30,0,,1,1.63,55.0,37.0,18.0,0.59,2.59,0.0,0.0,7.0,0.0,0.0,0.0,0.0,,,0.0
287.0,Nicolai Poulsen,dk DEN,MF,AGF,30.0,1993.0,28.0,24.0,1984.0,22.0,1.0,2.0,3.0,1.0,0.0,0.0,6.0,0.0,0.05,0.09,0.14,0.05,0.14,Matches,11.0,5.0,45.5,0.5,0.23,0.09,0.2,,71.0,68.9,77.0,10,4,36.0,0,1.29,36.0,29.0,7.0,0.32,0.32,0.0,37.0,24.0,0.0,9.0,28.0,26.0,,,0.0
347.0,Nicolai Vallys,dk DEN,"MF,FW",Brøndby,27.0,1996.0,25.0,18.0,1792.0,19.9,5.0,2.0,7.0,5.0,0.0,0.0,2.0,0.0,0.25,0.1,0.35,0.25,0.35,Matches,37.0,16.0,43.2,1.86,0.8,0.14,0.31,,72.0,62.2,88.0,11,7,31.0,0,1.52,34.0,28.0,6.0,0.3,-0.19,0.0,16.0,10.0,6.0,13.0,10.0,15.0,,,0.0
69.0,Nicolas Bürgy,ch SUI,DF,Viborg,28.0,1995.0,13.0,11.0,1036.0,11.5,1.0,0.0,1.0,1.0,0.0,0.0,3.0,0.0,0.09,0.0,0.09,0.09,0.09,Matches,11.0,4.0,36.4,0.96,0.35,0.09,0.25,,80.0,36.0,90.0,11,2,23.0,4,1.46,23.0,16.0,7.0,0.61,0.61,0.0,5.0,2.0,0.0,3.0,21.0,5.0,,,0.0
109.0,Nikolas Dyhr,dk DEN,DF,Randers,23.0,2001.0,26.0,23.0,2031.0,22.6,1.0,3.0,4.0,1.0,0.0,0.0,2.0,0.0,0.04,0.13,0.18,0.04,0.18,Matches,5.0,2.0,40.0,0.22,0.09,0.2,0.5,,78.0,70.5,83.0,8,3,38.0,0,1.37,40.0,33.0,7.0,0.31,0.31,0.0,7.0,9.0,3.0,47.0,17.0,20.0,,,0.0
238.0,Noah Markmann,dk DEN,DF,Nordsjælland,17.0,2007.0,10.0,3.0,339.0,3.8,0.0,0.0,0.0,0.0,0.0,0.0,1.0,0.0,0.0,0.0,0.0,0.0,0.0,Matches,2.0,0.0,0.0,0.53,0.0,0.0,,,34.0,11.8,74.0,0,7,17.0,14,1.3,4.0,7.0,-3.0,-0.8,-0.8,0.0,7.0,4.0,0.0,0.0,6.0,5.0,,,0.0
257.0,Noah Nartey,dk DEN,MF,Brøndby,18.0,2005.0,28.0,19.0,1752.0,19.5,3.0,5.0,8.0,3.0,0.0,0.0,7.0,1.0,0.15,0.26,0.41,0.15,0.41,Matches,29.0,7.0,24.1,1.49,0.36,0.1,0.43,,63.0,60.8,81.0,8,9,24.0,3,1.71,36.0,26.0,10.0,0.51,0.35,1.0,25.0,22.0,0.0,5.0,13.0,38.0,,,0.0
75.0,Norman Campbell,jm JAM,"MF,FW",Randers,24.0,1999.0,26.0,17.0,1475.0,16.4,7.0,1.0,8.0,7.0,0.0,0.0,6.0,1.0,0.43,0.06,0.49,0.43,0.49,Matches,35.0,14.0,40.0,2.14,0.85,0.2,0.5,,57.0,51.2,72.0,1,9,28.0,3,1.44,30.0,29.0,1.0,0.06,-0.32,1.0,34.0,17.0,8.0,47.0,11.0,13.0,,,0.0
28.0,Nóel Arnórsson,is ISL,DF,Aalborg,17.0,2006.0,16.0,11.0,872.0,9.7,0.0,2.0,2.0,0.0,0.0,0.0,1.0,0.0,0.0,0.21,0.21,0.0,0.21,Matches,4.0,0.0,0.0,0.41,0.0,0.0,,,55.0,30.3,63.0,2,5,36.0,3,0.44,8.0,24.0,-16.0,-1.65,-0.89,0.0,15.0,11.0,0.0,7.0,11.0,14.0,,,0.0
64.0,Ola Brynhildsen,no NOR,MF,Midtjylland,25.0,1999.0,6.0,3.0,279.0,3.1,2.0,0.0,2.0,2.0,0.0,0.0,0.0,0.0,0.65,0.0,0.65,0.65,0.65,Matches,11.0,5.0,45.5,3.55,1.61,0.18,0.4,,47.0,9.7,72.0,0,3,21.0,0,2.33,4.0,2.0,2.0,0.65,-0.05,0.0,4.0,2.0,0.0,3.0,1.0,1.0,,,0.0
67.0,Oliver Bundgaard,dk DEN,DF,Viborg,23.0,2001.0,9.0,6.0,406.0,4.5,1.0,0.0,1.0,1.0,0.0,0.0,0.0,0.0,0.22,0.0,0.22,0.22,0.22,Matches,4.0,2.0,50.0,0.89,0.44,0.25,0.5,,45.0,14.1,62.0,4,3,12.0,3,1.11,5.0,5.0,0.0,0.0,-0.25,0.0,8.0,5.0,0.0,10.0,5.0,8.0,,,1.0
179.0,Oliver Jensen,dk DEN,MF,Midtjylland,22.0,2002.0,28.0,26.0,2386.0,26.5,9.0,3.0,12.0,7.0,2.0,2.0,1.0,0.0,0.34,0.11,0.45,0.26,0.38,Matches,47.0,15.0,31.9,1.77,0.57,0.15,0.47,,85.0,82.8,89.0,25,2,38.0,0,1.96,58.0,36.0,22.0,0.83,0.83,0.0,15.0,19.0,5.0,33.0,15.0,18.0,,,0.0
263.0,Oliver Nielsen,dk DEN,DF,Vejle BK,21.0,2003.0,16.0,16.0,1440.0,16.0,0.0,0.0,0.0,0.0,0.0,0.0,2.0,0.0,0.0,0.0,0.0,0.0,0.0,Matches,11.0,2.0,18.2,0.69,0.12,0.0,0.0,,90.0,50.0,90.0,16,0,,0,0.38,16.0,39.0,-23.0,-1.44,-1.19,0.0,14.0,11.0,0.0,3.0,13.0,12.0,,,0.0
271.0,Oliver Olsen,dk DEN,DF,Randers,23.0,2000.0,31.0,31.0,2790.0,31.0,1.0,0.0,1.0,1.0,0.0,0.0,4.0,0.0,0.03,0.0,0.03,0.03,0.03,Matches,28.0,7.0,25.0,0.9,0.23,0.04,0.14,,90.0,96.9,90.0,31,0,,0,1.47,57.0,50.0,7.0,0.23,0.23,0.0,45.0,24.0,2.0,47.0,40.0,49.0,,,0.0
304.0,Oliver Ross,dk DEN,"FW,MF",Aalborg,19.0,2004.0,30.0,24.0,1852.0,20.6,2.0,1.0,3.0,2.0,0.0,1.0,3.0,0.0,0.1,0.05,0.15,0.1,0.15,Matches,37.0,12.0,32.4,1.8,0.58,0.05,0.17,,62.0,64.3,71.0,5,6,26.0,1,0.8,19.0,41.0,-22.0,-1.07,-0.11,0.0,19.0,26.0,8.0,44.0,4.0,12.0,,,0.0
323.0,Oliver Sonne,pe PER,DF,Silkeborg,23.0,2000.0,16.0,15.0,1394.0,15.5,3.0,4.0,7.0,3.0,0.0,0.0,4.0,0.0,0.19,0.26,0.45,0.19,0.45,Matches,13.0,6.0,46.2,0.84,0.39,0.23,0.5,,87.0,48.4,90.0,14,1,45.0,0,1.44,26.0,22.0,4.0,0.26,-0.41,0.0,9.0,10.0,1.0,61.0,15.0,22.0,,,1.0
369.0,Oliver Zandén,se SWE,DF,Randers,22.0,2001.0,4.0,4.0,321.0,3.6,0.0,0.0,0.0,0.0,0.0,0.0,0.0,0.0,0.0,0.0,0.0,0.0,0.0,Matches,1.0,0.0,0.0,0.28,0.0,0.0,,,80.0,11.1,80.0,2,0,,3,2.0,6.0,3.0,3.0,0.84,0.7,0.0,5.0,1.0,0.0,11.0,7.0,3.0,,,0.0
163.0,Olti Hyseni,dk DEN,"FW,MF",SønderjyskE,17.0,2007.0,20.0,13.0,978.0,10.9,2.0,2.0,4.0,2.0,0.0,0.0,2.0,0.0,0.18,0.18,0.37,0.18,0.37,Matches,30.0,9.0,30.0,2.76,0.83,0.07,0.22,,49.0,34.0,64.0,0,7,21.0,5,1.35,20.0,18.0,2.0,0.18,1.08,0.0,26.0,16.0,5.0,15.0,6.0,8.0,,,0.0
327.0,Orri Steinn Óskarsson,is ISL,FW,FC Copenhagen,19.0,2004.0,6.0,5.0,476.0,5.3,5.0,0.0,5.0,5.0,0.0,0.0,0.0,0.0,0.95,0.0,0.95,0.95,0.95,Matches,20.0,8.0,40.0,3.78,1.51,0.25,0.63,,79.0,16.5,86.0,2,1,45.0,0,1.83,11.0,7.0,4.0,0.76,-0.1,0.0,3.0,1.0,8.0,2.0,1.0,1.0,,,0.0
154.0,Oscar Hedvall,dk DEN,GK,Viborg,25.0,1998.0,14.0,14.0,1260.0,14.0,0.0,0.0,0.0,0.0,0.0,0.0,1.0,0.0,0.0,0.0,0.0,0.0,0.0,Matches,0.0,0.0,,0.0,0.0,,,,90.0,43.8,90.0,14,0,,18,1.64,23.0,16.0,7.0,0.5,0.5,0.0,0.0,3.0,0.0,0.0,0.0,2.0,,,0.0
54.0,Oskar Boesen,dk DEN,MF,Silkeborg,19.0,2005.0,17.0,2.0,412.0,4.6,0.0,1.0,1.0,0.0,0.0,0.0,0.0,0.0,0.0,0.22,0.22,0.0,0.22,Matches,5.0,1.0,20.0,1.09,0.22,0.0,0.0,,24.0,14.3,69.0,0,15,18.0,14,1.61,7.0,5.0,2.0,0.44,-0.04,0.0,6.0,2.0,1.0,3.0,1.0,9.0,,,0.0
72.0,Oskar Buur,dk DEN,DF,Lyngby,26.0,1998.0,13.0,11.0,865.0,9.6,0.0,1.0,1.0,0.0,0.0,0.0,0.0,0.0,0.0,0.1,0.1,0.0,0.1,Matches,3.0,2.0,66.7,0.31,0.21,0.0,0.0,,67.0,30.0,74.0,4,2,26.0,0,1.08,8.0,9.0,-1.0,-0.1,0.61,0.0,5.0,10.0,1.0,22.0,11.0,12.0,,,0.0
99.0,Oumar Diakhite,sn SEN,DF,Aalborg,30.0,1993.0,13.0,9.0,866.0,9.6,0.0,0.0,0.0,0.0,0.0,0.0,4.0,0.0,0.0,0.0,0.0,0.0,0.0,Matches,3.0,0.0,0.0,0.31,0.0,0.0,,,67.0,30.1,85.0,8,4,25.0,10,0.77,6.0,24.0,-18.0,-1.87,-1.2,0.0,6.0,3.0,1.0,0.0,17.0,10.0,,,1.0
100.0,Ousmane Diao,sn SEN,DF,Midtjylland,20.0,2004.0,25.0,24.0,2062.0,22.9,4.0,1.0,5.0,4.0,0.0,0.0,8.0,2.0,0.17,0.04,0.22,0.17,0.22,Matches,19.0,6.0,31.6,0.83,0.26,0.21,0.67,,82.0,71.6,85.0,19,1,13.0,5,1.72,40.0,33.0,7.0,0.31,-1.34,2.0,22.0,5.0,0.0,1.0,25.0,30.0,,,1.0
149.0,Pantelis Hatzidiakos,gr GRE,DF,FC Copenhagen,27.0,1997.0,24.0,24.0,2152.0,23.9,1.0,2.0,3.0,1.0,0.0,0.0,7.0,0.0,0.04,0.08,0.13,0.04,0.13,Matches,5.0,1.0,20.0,0.21,0.04,0.2,1.0,,90.0,74.7,90.0,23,0,,0,1.92,45.0,25.0,20.0,0.84,-0.03,0.0,20.0,10.0,2.0,1.0,19.0,23.0,,,0.0
132.0,Pascal Gregor,dk DEN,DF,Lyngby,30.0,1994.0,15.0,10.0,990.0,11.0,0.0,0.0,0.0,0.0,0.0,0.0,3.0,0.0,0.0,0.0,0.0,0.0,0.0,Matches,8.0,1.0,12.5,0.73,0.09,0.0,0.0,,66.0,34.4,86.0,9,5,27.0,1,0.6,7.0,15.0,-8.0,-0.73,-0.3,0.0,10.0,7.0,0.0,4.0,10.0,7.0,,,1.0
251.0,Patrick Mortensen,dk DEN,FW,AGF,35.0,1989.0,32.0,31.0,2705.0,30.1,20.0,0.0,20.0,17.0,3.0,4.0,2.0,0.0,0.67,0.0,0.67,0.57,0.57,Matches,69.0,39.0,56.5,2.3,1.3,0.25,0.44,,85.0,93.9,86.0,22,1,28.0,0,1.25,50.0,41.0,9.0,0.3,1.33,0.0,39.0,26.0,8.0,1.0,7.0,4.0,,,0.0
284.0,Patrick Pentz,at AUT,GK,Brøndby,27.0,1997.0,30.0,30.0,2699.0,30.0,0.0,0.0,0.0,0.0,0.0,0.0,2.0,1.0,0.0,0.0,0.0,0.0,0.0,Matches,0.0,0.0,,0.0,0.0,,,,90.0,93.7,90.0,29,0,,0,1.63,55.0,44.0,11.0,0.37,-0.13,1.0,0.0,5.0,0.0,0.0,0.0,0.0,,,0.0
171.0,Paul Izzo,au AUS,GK,Randers,29.0,1995.0,32.0,32.0,2880.0,32.0,0.0,0.0,0.0,0.0,0.0,0.0,2.0,0.0,0.0,0.0,0.0,0.0,0.0,Matches,0.0,0.0,,0.0,0.0,,,,90.0,100.0,90.0,32,0,,0,1.45,57.0,50.0,7.0,0.22,,0.0,0.0,5.0,0.0,0.0,0.0,0.0,,,0.0
280.0,Paulinho,br BRA,DF,Midtjylland,29.0,1995.0,12.0,3.0,445.0,4.9,0.0,0.0,0.0,0.0,0.0,0.0,1.0,0.0,0.0,0.0,0.0,0.0,0.0,Matches,1.0,0.0,0.0,0.2,0.0,0.0,,,37.0,15.5,74.0,0,9,25.0,3,1.67,10.0,7.0,3.0,0.61,-0.1,0.0,5.0,11.0,3.0,26.0,8.0,7.0,,,0.0
59.0,Pedro Bravo,co COL,MF,Midtjylland,19.0,2004.0,23.0,14.0,1328.0,14.8,1.0,2.0,3.0,1.0,0.0,0.0,4.0,0.0,0.07,0.14,0.2,0.07,0.2,Matches,4.0,2.0,50.0,0.27,0.14,0.25,0.5,,58.0,46.1,81.0,8,9,22.0,2,1.83,32.0,22.0,10.0,0.68,-0.02,0.0,22.0,11.0,0.0,4.0,17.0,46.0,,,0.0
128.0,Pedro Ganchas,pt POR,DF,Silkeborg,24.0,2000.0,25.0,25.0,2250.0,25.0,1.0,0.0,1.0,1.0,0.0,0.0,3.0,0.0,0.04,0.0,0.04,0.04,0.04,Matches,8.0,4.0,50.0,0.32,0.16,0.13,0.25,,90.0,78.1,90.0,25,0,,5,1.62,44.0,32.0,12.0,0.48,0.05,0.0,23.0,17.0,0.0,2.0,38.0,12.0,,,0.0
243.0,Pelle Mattsson,dk DEN,MF,Silkeborg,22.0,2001.0,25.0,25.0,2113.0,23.5,1.0,3.0,4.0,1.0,0.0,0.0,7.0,0.0,0.04,0.13,0.17,0.04,0.17,Matches,22.0,8.0,36.4,0.94,0.34,0.05,0.13,,85.0,73.4,85.0,20,0,,0,1.54,39.0,27.0,12.0,0.51,0.16,0.0,35.0,75.0,0.0,7.0,35.0,34.0,,,0.0
25.0,Peter Ankersen,dk DEN,DF,Nordsjælland,33.0,1990.0,29.0,29.0,2601.0,28.9,3.0,4.0,7.0,3.0,0.0,0.0,9.0,0.0,0.1,0.14,0.24,0.1,0.24,Matches,35.0,14.0,40.0,1.21,0.48,0.09,0.21,,90.0,90.3,90.0,26,0,,0,1.59,50.0,45.0,5.0,0.17,2.75,0.0,19.0,27.0,4.0,118.0,16.0,31.0,,,0.0
214.0,Peter Langhoff,dk DEN,MF,Lyngby,20.0,2004.0,17.0,14.0,1300.0,14.4,0.0,0.0,0.0,0.0,0.0,0.0,3.0,0.0,0.0,0.0,0.0,0.0,0.0,Matches,3.0,2.0,66.7,0.21,0.14,0.0,0.0,,76.0,45.1,89.0,13,3,17.0,9,1.24,14.0,17.0,-3.0,-0.21,0.59,0.0,23.0,17.0,0.0,10.0,16.0,24.0,,,0.0
301.0,Pontus Rödin,se SWE,DF,Silkeborg,23.0,2000.0,14.0,14.0,1247.0,13.9,2.0,0.0,2.0,2.0,0.0,0.0,0.0,0.0,0.14,0.0,0.14,0.14,0.14,Matches,9.0,4.0,44.4,0.65,0.29,0.22,0.5,,89.0,43.3,89.0,13,0,,1,1.79,28.0,15.0,13.0,0.94,0.83,0.0,5.0,2.0,0.0,3.0,15.0,14.0,,,0.0
276.0,Ramazan Orazov,kz KAZ,"MF,FW",Silkeborg,26.0,1998.0,16.0,4.0,448.0,5.0,2.0,0.0,2.0,2.0,0.0,0.0,0.0,0.0,0.4,0.0,0.4,0.4,0.4,Matches,6.0,3.0,50.0,1.21,0.6,0.33,0.67,,28.0,15.6,66.0,1,12,15.0,13,2.19,12.0,5.0,7.0,1.41,1.11,0.0,5.0,2.0,1.0,8.0,4.0,5.0,,,0.0
118.0,Rasmus Falk,dk DEN,MF,FC Copenhagen,32.0,1992.0,12.0,4.0,490.0,5.4,0.0,1.0,1.0,0.0,0.0,0.0,0.0,0.0,0.0,0.18,0.18,0.0,0.18,Matches,7.0,2.0,28.6,1.29,0.37,0.0,0.0,,41.0,17.0,82.0,2,8,20.0,8,1.83,11.0,3.0,8.0,1.47,0.75,0.0,2.0,9.0,0.0,4.0,4.0,11.0,,,0.0
219.0,Rasmus Lauritsen,dk DEN,DF,Brøndby,28.0,1996.0,16.0,13.0,1185.0,13.2,0.0,0.0,0.0,0.0,0.0,0.0,3.0,1.0,0.0,0.0,0.0,0.0,0.0,Matches,12.0,3.0,25.0,0.91,0.23,0.0,0.0,,74.0,41.1,87.0,11,3,18.0,11,1.88,20.0,17.0,3.0,0.23,-0.25,0.0,17.0,9.0,0.0,0.0,5.0,5.0,,,0.0
338.0,Rasmus Thelander,dk DEN,DF,Lyngby,33.0,1991.0,12.0,10.0,955.0,10.6,1.0,0.0,1.0,1.0,0.0,0.0,4.0,0.0,0.09,0.0,0.09,0.09,0.09,Matches,7.0,2.0,28.6,0.66,0.19,0.14,0.5,,80.0,33.2,90.0,10,2,28.0,2,1.08,11.0,16.0,-5.0,-0.47,0.09,0.0,9.0,3.0,1.0,0.0,13.0,5.0,,,0.0
339.0,Rasmus Thelander,dk DEN,DF,Silkeborg,33.0,1991.0,9.0,9.0,810.0,9.0,0.0,0.0,0.0,0.0,0.0,0.0,1.0,0.0,0.0,0.0,0.0,0.0,0.0,Matches,7.0,2.0,28.6,0.66,0.19,0.14,0.5,,80.0,33.2,90.0,10,2,28.0,2,1.08,11.0,16.0,-5.0,-0.47,0.09,0.0,9.0,3.0,1.0,0.0,13.0,5.0,,,0.0
355.0,Rasmus Vinderslev,dk DEN,MF,SønderjyskE,26.0,1997.0,23.0,22.0,1891.0,21.0,0.0,2.0,2.0,0.0,0.0,0.0,4.0,0.0,0.0,0.1,0.1,0.0,0.1,Matches,6.0,3.0,50.0,0.29,0.14,0.0,0.0,,82.0,65.7,85.0,16,1,19.0,0,0.87,27.0,46.0,-19.0,-0.9,-1.09,0.0,36.0,23.0,0.0,5.0,31.0,23.0,,,0.0
188.0,Renato Junior,br BRA,FW,Viborg,22.0,2002.0,29.0,24.0,1820.0,20.2,4.0,4.0,8.0,4.0,0.0,0.0,8.0,0.0,0.2,0.2,0.4,0.2,0.4,Matches,49.0,13.0,26.5,2.42,0.64,0.08,0.31,,63.0,63.2,73.0,4,5,16.0,1,1.48,40.0,27.0,13.0,0.64,1.15,0.0,21.0,44.0,4.0,5.0,13.0,6.0,,,0.0
180.0,Richard Jensen,fi FIN,DF,Vejle BK,28.0,1996.0,11.0,6.0,602.0,6.7,1.0,0.0,1.0,1.0,0.0,0.0,1.0,0.0,0.15,0.0,0.15,0.15,0.15,Matches,1.0,1.0,100.0,0.15,0.15,1.0,1.0,,55.0,20.9,88.0,5,5,15.0,11,1.0,6.0,16.0,-10.0,-1.5,-0.82,0.0,2.0,1.0,1.0,0.0,10.0,7.0,,,0.0
300.0,Robert,br BRA,MF,FC Copenhagen,19.0,2005.0,14.0,9.0,612.0,6.8,1.0,3.0,4.0,1.0,0.0,0.0,0.0,0.0,0.15,0.44,0.59,0.15,0.59,Matches,16.0,8.0,50.0,2.35,1.18,0.06,0.13,,44.0,21.3,56.0,0,5,22.0,9,2.07,14.0,3.0,11.0,1.62,0.98,0.0,8.0,9.0,4.0,7.0,5.0,7.0,,,0.0
89.0,Robin Dahl Østrøm,no NOR,DF,Silkeborg,21.0,2002.0,31.0,26.0,2231.0,24.8,0.0,3.0,3.0,0.0,0.0,0.0,2.0,0.0,0.0,0.12,0.12,0.0,0.12,Matches,11.0,3.0,27.3,0.44,0.12,0.0,0.0,,72.0,77.5,84.0,18,5,12.0,1,1.63,41.0,33.0,8.0,0.32,-0.65,0.0,15.0,4.0,1.0,17.0,16.0,22.0,,,1.0
161.0,Rodrigo Huescas,mx MEX,"DF,MF",FC Copenhagen,20.0,2003.0,19.0,16.0,1504.0,16.7,1.0,2.0,3.0,1.0,0.0,0.0,5.0,0.0,0.06,0.12,0.18,0.06,0.18,Matches,19.0,6.0,31.6,1.14,0.36,0.05,0.17,,79.0,52.2,90.0,16,3,21.0,7,2.11,31.0,14.0,17.0,1.02,0.36,0.0,13.0,17.0,3.0,66.0,24.0,26.0,,,0.0
146.0,Sabil Hansen,no NOR,"DF,MF",Randers,18.0,2005.0,14.0,6.0,539.0,6.0,0.0,0.0,0.0,0.0,0.0,0.0,1.0,0.0,0.0,0.0,0.0,0.0,0.0,Matches,2.0,0.0,0.0,0.33,0.0,0.0,,,39.0,18.7,65.0,0,8,19.0,12,1.36,10.0,15.0,-5.0,-0.83,-1.3,0.0,9.0,5.0,0.0,7.0,9.0,21.0,,,0.0
198.0,Sean Klaiber,sr SUR,"DF,MF",Brøndby,30.0,1994.0,26.0,21.0,1765.0,19.6,0.0,3.0,3.0,0.0,0.0,0.0,2.0,0.0,0.0,0.15,0.15,0.0,0.15,Matches,24.0,9.0,37.5,1.22,0.46,0.0,0.0,,68.0,61.3,79.0,11,5,19.0,1,1.46,35.0,38.0,-3.0,-0.15,-1.36,0.0,19.0,10.0,1.0,57.0,23.0,22.0,,,1.0
278.0,Sebastian Otoa,dk DEN,DF,Aalborg,20.0,2004.0,10.0,9.0,718.0,8.0,0.0,1.0,1.0,0.0,0.0,0.0,0.0,0.0,0.0,0.13,0.13,0.0,0.13,Matches,6.0,1.0,16.7,0.75,0.13,0.0,0.0,,72.0,24.9,76.0,5,1,34.0,2,1.0,5.0,16.0,-11.0,-1.38,-0.46,0.0,13.0,10.0,0.0,3.0,8.0,11.0,,,0.0
314.0,Sebastian Sebulonsen,no NOR,"MF,DF",Brøndby,24.0,2000.0,28.0,24.0,2110.0,23.4,1.0,4.0,5.0,1.0,0.0,0.0,1.0,0.0,0.04,0.17,0.21,0.04,0.21,Matches,29.0,6.0,20.7,1.24,0.26,0.03,0.17,,75.0,73.3,84.0,16,4,26.0,0,1.64,45.0,28.0,17.0,0.73,1.31,0.0,25.0,9.0,2.0,69.0,22.0,30.0,,,0.0
114.0,Sefer Emini,mk MKD,MF,SønderjyskE,24.0,2000.0,28.0,26.0,2180.0,24.2,1.0,3.0,4.0,1.0,0.0,0.0,4.0,1.0,0.04,0.12,0.17,0.04,0.17,Matches,62.0,11.0,17.7,2.56,0.45,0.02,0.09,,78.0,75.7,81.0,16,2,35.0,0,1.07,33.0,46.0,-13.0,-0.54,-0.02,0.0,31.0,30.0,3.0,32.0,43.0,33.0,,,0.0
315.0,Serginho,,FW,Viborg,23.0,2001.0,24.0,22.0,1792.0,19.9,5.0,11.0,16.0,5.0,0.0,0.0,4.0,1.0,0.25,0.55,0.8,0.25,0.8,Matches,61.0,27.0,44.3,3.06,1.36,0.08,0.19,,75.0,62.2,78.0,4,2,35.0,0,1.42,39.0,33.0,6.0,0.3,0.22,1.0,17.0,43.0,10.0,167.0,4.0,9.0,,,0.0
55.0,Simen Bolkan Nordli,no NOR,MF,Randers,24.0,1999.0,31.0,31.0,2415.0,26.8,14.0,12.0,26.0,9.0,5.0,6.0,2.0,0.0,0.52,0.45,0.97,0.34,0.78,Matches,64.0,22.0,34.4,2.39,0.82,0.14,0.41,,78.0,83.9,78.0,5,0,,0,1.5,49.0,36.0,13.0,0.48,1.65,0.0,28.0,33.0,7.0,145.0,21.0,17.0,,,0.0
110.0,Sindre Egeli,no NOR,"FW,MF",Nordsjælland,18.0,2006.0,31.0,28.0,2384.0,26.5,9.0,5.0,14.0,8.0,1.0,1.0,6.0,0.0,0.34,0.19,0.53,0.3,0.49,Matches,99.0,40.0,40.4,3.74,1.51,0.08,0.2,,77.0,82.8,83.0,9,3,18.0,0,1.48,42.0,45.0,-3.0,-0.11,-0.11,0.0,35.0,27.0,6.0,91.0,7.0,11.0,,,0.0
210.0,Srđan Kuzmić,si SVN,DF,Viborg,20.0,2004.0,21.0,14.0,1496.0,16.6,1.0,2.0,3.0,1.0,0.0,0.0,3.0,0.0,0.06,0.12,0.18,0.06,0.18,Matches,13.0,3.0,23.1,0.78,0.18,0.08,0.33,,71.0,51.9,86.0,8,7,42.0,8,1.48,32.0,29.0,3.0,0.18,-0.08,0.0,16.0,21.0,1.0,8.0,23.0,24.0,,,0.0
351.0,Stefan Velkov,bg BUL,DF,Vejle BK,27.0,1996.0,23.0,23.0,1998.0,22.2,3.0,0.0,3.0,3.0,0.0,0.0,5.0,0.0,0.14,0.0,0.14,0.14,0.14,Matches,15.0,4.0,26.7,0.68,0.18,0.2,0.75,,87.0,69.4,87.0,20,0,,4,0.96,24.0,43.0,-19.0,-0.86,-0.04,0.0,26.0,9.0,1.0,0.0,28.0,14.0,,,0.0
267.0,Stephen Odey,ng NGA,"MF,FW",Randers,26.0,1998.0,23.0,9.0,931.0,10.3,1.0,1.0,2.0,1.0,0.0,0.0,3.0,0.0,0.1,0.1,0.19,0.1,0.19,Matches,24.0,9.0,37.5,2.32,0.87,0.04,0.11,,40.0,32.3,68.0,0,14,23.0,7,1.75,17.0,18.0,-1.0,-0.1,-0.47,0.0,15.0,16.0,6.0,6.0,3.0,6.0,,,0.0
325.0,Stijn Spierings,nl NED,MF,Brøndby,28.0,1996.0,12.0,4.0,389.0,4.3,0.0,0.0,0.0,0.0,0.0,0.0,2.0,0.0,0.0,0.0,0.0,0.0,0.0,Matches,2.0,0.0,0.0,0.46,0.0,0.0,,,32.0,13.5,72.0,1,8,13.0,13,1.42,6.0,7.0,-1.0,-0.23,-0.7,0.0,12.0,1.0,0.0,0.0,8.0,6.0,,,0.0
293.0,Stipe Radić,hr CRO,DF,Viborg,24.0,2000.0,20.0,18.0,1669.0,18.5,3.0,1.0,4.0,3.0,0.0,0.0,1.0,0.0,0.16,0.05,0.22,0.16,0.22,Matches,9.0,3.0,33.3,0.49,0.16,0.33,1.0,,83.0,58.0,88.0,17,2,47.0,11,1.7,38.0,30.0,8.0,0.43,0.51,0.0,10.0,9.0,0.0,0.0,16.0,5.0,,,0.0
234.0,Sævar Magnússon,is ISL,"MF,FW",Lyngby,24.0,2000.0,31.0,30.0,2540.0,28.2,4.0,2.0,6.0,4.0,0.0,1.0,5.0,0.0,0.14,0.07,0.21,0.14,0.21,Matches,44.0,11.0,25.0,1.56,0.39,0.09,0.36,,82.0,88.2,82.0,16,1,68.0,0,0.87,21.0,35.0,-14.0,-0.5,0.3,0.0,54.0,54.0,3.0,125.0,26.0,49.0,,,0.0
37.0,Tammer Bany,dk DEN,"MF,FW",Randers,20.0,2003.0,15.0,8.0,726.0,8.1,2.0,4.0,6.0,2.0,0.0,0.0,3.0,0.0,0.25,0.5,0.74,0.25,0.74,Matches,24.0,3.0,12.5,2.98,0.37,0.08,0.67,,48.0,25.2,66.0,0,7,29.0,1,1.87,15.0,7.0,8.0,0.99,1.03,0.0,24.0,20.0,1.0,3.0,6.0,20.0,,,0.0
311.0,Theo Sander,dk DEN,GK,FC Copenhagen,19.0,2005.0,3.0,3.0,270.0,3.0,0.0,0.0,0.0,0.0,0.0,0.0,0.0,0.0,0.0,0.0,0.0,0.0,0.0,Matches,0.0,0.0,,0.0,0.0,,,,90.0,9.4,90.0,3,0,,0,2.33,6.0,3.0,3.0,1.0,0.17,0.0,0.0,0.0,0.0,0.0,0.0,0.0,,,0.0
97.0,Thomas Delaney,dk DEN,MF,FC Copenhagen,32.0,1991.0,24.0,20.0,1649.0,18.3,5.0,3.0,8.0,5.0,0.0,0.0,8.0,0.0,0.27,0.16,0.44,0.27,0.44,Matches,23.0,10.0,43.5,1.26,0.55,0.22,0.5,,69.0,57.3,76.0,12,4,31.0,0,1.92,30.0,17.0,13.0,0.71,-0.31,0.0,41.0,30.0,0.0,14.0,34.0,25.0,,,0.0
136.0,Thomas Gundelund,dk DEN,"MF,DF",Vejle BK,22.0,2001.0,22.0,20.0,1690.0,18.8,1.0,1.0,2.0,1.0,0.0,0.0,2.0,0.0,0.05,0.05,0.11,0.05,0.11,Matches,10.0,3.0,30.0,0.53,0.16,0.1,0.33,,77.0,58.7,83.0,13,2,16.0,1,1.27,25.0,30.0,-5.0,-0.27,1.4,0.0,12.0,27.0,1.0,27.0,14.0,22.0,,,0.0
191.0,Thomas Jørgensen,dk DEN,MF,Viborg,18.0,2005.0,27.0,22.0,1741.0,19.3,3.0,3.0,6.0,3.0,0.0,0.0,0.0,0.0,0.16,0.16,0.31,0.16,0.31,Matches,25.0,10.0,40.0,1.29,0.52,0.12,0.3,,,,,0,0,,2,,,,,,,0.0,13.0,24.0,0.0,52.0,19.0,33.0,,,0.0
32.0,Tobias Bach,ru RUS,"DF,MF",AGF,21.0,2003.0,16.0,3.0,296.0,3.3,0.0,1.0,1.0,0.0,0.0,0.0,1.0,0.0,0.0,0.3,0.3,0.0,0.3,Matches,4.0,2.0,50.0,1.22,0.61,0.0,0.0,,19.0,10.3,65.0,0,13,8.0,10,1.31,7.0,10.0,-3.0,-0.91,-1.26,0.0,6.0,4.0,0.0,12.0,4.0,6.0,,,0.0
43.0,Tobias Bech,dk DEN,FW,AGF,22.0,2002.0,30.0,27.0,2262.0,25.1,8.0,2.0,10.0,8.0,0.0,0.0,6.0,1.0,0.32,0.08,0.4,0.32,0.4,Matches,70.0,24.0,34.3,2.79,0.95,0.11,0.33,,75.0,78.5,82.0,12,3,17.0,0,1.33,43.0,32.0,11.0,0.44,1.02,1.0,17.0,23.0,6.0,28.0,3.0,8.0,,,0.0
201.0,Tobias Klysner,dk DEN,"DF,FW",SønderjyskE,23.0,2001.0,20.0,9.0,892.0,9.9,1.0,2.0,3.0,1.0,0.0,0.0,0.0,0.0,0.1,0.2,0.3,0.1,0.3,Matches,3.0,1.0,33.3,0.3,0.1,0.33,1.0,,45.0,31.0,72.0,3,11,22.0,2,1.25,17.0,16.0,1.0,0.1,0.92,0.0,4.0,3.0,0.0,22.0,18.0,13.0,,,0.0
220.0,Tobias Lauritsen,dk DEN,MF,Vejle BK,20.0,2004.0,17.0,14.0,1165.0,12.9,2.0,2.0,4.0,2.0,0.0,0.0,3.0,0.0,0.15,0.15,0.31,0.15,0.31,Matches,20.0,6.0,30.0,1.55,0.46,0.1,0.33,,69.0,40.5,76.0,2,3,34.0,5,0.71,16.0,24.0,-8.0,-0.62,0.38,0.0,34.0,9.0,1.0,11.0,10.0,14.0,,,0.0
255.0,Tobias Mølgaard,dk DEN,DF,AGF,28.0,1996.0,16.0,10.0,1044.0,11.6,1.0,0.0,1.0,1.0,0.0,0.0,2.0,0.0,0.09,0.0,0.09,0.09,0.09,Matches,2.0,1.0,50.0,0.17,0.09,0.5,1.0,,65.0,36.3,82.0,5,6,37.0,0,0.63,13.0,25.0,-12.0,-1.03,-1.97,0.0,16.0,4.0,1.0,16.0,18.0,25.0,,,0.0
310.0,Tobias Salquist,dk DEN,DF,Nordsjælland,29.0,1995.0,11.0,8.0,762.0,8.5,0.0,0.0,0.0,0.0,0.0,0.0,0.0,0.0,0.0,0.0,0.0,0.0,0.0,Matches,3.0,1.0,33.3,0.35,0.12,0.0,0.0,,69.0,26.5,84.0,5,3,31.0,0,1.0,12.0,15.0,-3.0,-0.35,-0.35,0.0,1.0,3.0,0.0,0.0,9.0,5.0,,,0.0
322.0,Tobias Sommer,dk DEN,"MF,DF",SønderjyskE,22.0,2001.0,25.0,16.0,1603.0,17.8,3.0,3.0,6.0,3.0,0.0,0.0,3.0,0.0,0.17,0.17,0.34,0.17,0.34,Matches,11.0,6.0,54.5,0.62,0.34,0.27,0.5,,64.0,55.7,87.0,12,9,24.0,7,1.4,28.0,33.0,-5.0,-0.28,0.57,0.0,20.0,21.0,2.0,5.0,30.0,15.0,,,0.0
329.0,Tobias Storm,dk DEN,"MF,DF",Lyngby,20.0,2004.0,10.0,9.0,720.0,8.0,0.0,1.0,1.0,0.0,0.0,0.0,0.0,0.0,0.0,0.12,0.12,0.0,0.12,Matches,6.0,2.0,33.3,0.75,0.25,0.0,0.0,,72.0,25.0,79.0,4,1,12.0,2,0.8,5.0,10.0,-5.0,-0.62,-0.13,0.0,5.0,2.0,0.0,13.0,3.0,6.0,,,0.0
5.0,Tonni Adamsen,dk DEN,FW,Silkeborg,29.0,1994.0,32.0,30.0,2575.0,28.6,15.0,4.0,19.0,10.0,5.0,5.0,2.0,0.0,0.52,0.14,0.66,0.35,0.49,Matches,82.0,38.0,46.3,2.87,1.33,0.12,0.26,,80.0,89.4,83.0,16,2,40.0,0,1.58,52.0,38.0,14.0,0.49,0.19,0.0,18.0,26.0,6.0,78.0,6.0,8.0,,,0.0
152.0,Travis Hearnes,no NOR,MF,Aalborg,18.0,2005.0,12.0,9.0,767.0,8.5,0.0,0.0,0.0,0.0,0.0,0.0,1.0,0.0,0.0,0.0,0.0,0.0,0.0,Matches,0.0,0.0,,0.0,0.0,,,,64.0,26.6,76.0,2,3,27.0,3,0.5,7.0,16.0,-9.0,-1.06,-0.03,0.0,8.0,9.0,0.0,1.0,17.0,4.0,,,0.0
22.0,Valdemar Andreasen,dk DEN,MF,Midtjylland,19.0,2005.0,22.0,10.0,925.0,10.3,2.0,2.0,4.0,2.0,0.0,0.0,0.0,1.0,0.19,0.19,0.39,0.19,0.39,Matches,23.0,8.0,34.8,2.24,0.78,0.09,0.25,,42.0,32.1,67.0,1,12,21.0,4,1.86,21.0,12.0,9.0,0.88,0.28,0.0,8.0,17.0,2.0,54.0,15.0,15.0,,,0.0
124.0,Victor Froholdt,dk DEN,MF,FC Copenhagen,18.0,2006.0,30.0,21.0,2022.0,22.5,3.0,2.0,5.0,3.0,0.0,0.0,4.0,0.0,0.13,0.09,0.22,0.13,0.22,Matches,17.0,7.0,41.2,0.76,0.31,0.18,0.43,,67.0,70.2,87.0,17,9,22.0,1,2.03,44.0,25.0,19.0,0.85,0.01,0.0,16.0,29.0,1.0,18.0,39.0,39.0,,,0.0
181.0,Victor Jensen,dk DEN,DF,Midtjylland,20.0,2003.0,21.0,18.0,1447.0,16.1,1.0,3.0,4.0,1.0,0.0,0.0,0.0,0.0,0.06,0.19,0.25,0.06,0.25,Matches,7.0,5.0,71.4,0.44,0.31,0.14,0.2,,69.0,50.2,74.0,7,3,36.0,5,1.9,30.0,19.0,11.0,0.68,-0.01,0.0,18.0,7.0,1.0,35.0,24.0,27.0,,,0.0
83.0,Viktor Claesson,se SWE,"MF,FW",FC Copenhagen,32.0,1992.0,28.0,15.0,1465.0,16.3,6.0,4.0,10.0,6.0,0.0,0.0,1.0,0.0,0.37,0.25,0.61,0.37,0.61,Matches,38.0,13.0,34.2,2.33,0.8,0.16,0.46,,52.0,50.9,79.0,7,13,22.0,2,2.0,32.0,15.0,17.0,1.04,0.41,0.0,19.0,8.0,3.0,6.0,6.0,14.0,,,0.0
252.0,Vincent Müller,de GER,GK,Aalborg,23.0,2000.0,30.0,30.0,2700.0,30.0,0.0,0.0,0.0,0.0,0.0,0.0,1.0,0.0,0.0,0.0,0.0,0.0,0.0,Matches,0.0,0.0,,0.0,0.0,,,,90.0,93.8,90.0,30,0,,1,0.8,33.0,62.0,-29.0,-0.97,1.03,0.0,0.0,7.0,0.0,0.0,0.0,1.0,,,0.0
94.0,Wessel Dammers,nl NED,DF,Randers,29.0,1995.0,31.0,31.0,2790.0,31.0,6.0,0.0,6.0,6.0,0.0,0.0,3.0,0.0,0.19,0.0,0.19,0.19,0.19,Matches,15.0,9.0,60.0,0.48,0.29,0.4,0.67,,90.0,96.9,90.0,31,0,,0,1.47,56.0,49.0,7.0,0.23,0.23,0.0,12.0,16.0,0.0,1.0,31.0,15.0,,,0.0
84.0,William Clem,dk DEN,MF,FC Copenhagen,20.0,2004.0,13.0,6.0,631.0,7.0,0.0,1.0,1.0,0.0,0.0,0.0,1.0,0.0,0.0,0.14,0.14,0.0,0.14,Matches,14.0,2.0,14.3,2.0,0.29,0.0,0.0,,49.0,21.9,79.0,2,7,22.0,9,1.85,16.0,11.0,5.0,0.71,-0.17,0.0,13.0,10.0,0.0,4.0,14.0,17.0,,,0.0
209.0,Willy Kumado,gh GHA,"MF,DF",Lyngby,21.0,2002.0,17.0,12.0,1096.0,12.2,0.0,0.0,0.0,0.0,0.0,0.0,2.0,0.0,0.0,0.0,0.0,0.0,0.0,Matches,3.0,1.0,33.3,0.25,0.08,0.0,0.0,,64.0,38.1,82.0,9,5,22.0,0,0.59,7.0,15.0,-8.0,-0.66,-0.2,0.0,11.0,11.0,2.0,34.0,5.0,7.0,,,0.0
260.0,Yeni Ngbakoto,cd COD,"MF,FW",Vejle BK,32.0,1992.0,21.0,6.0,670.0,7.4,1.0,0.0,1.0,1.0,0.0,0.0,1.0,0.0,0.13,0.0,0.13,0.13,0.13,Matches,15.0,3.0,20.0,2.01,0.4,0.07,0.33,,32.0,23.3,68.0,0,15,17.0,10,0.48,7.0,17.0,-10.0,-1.34,-0.65,0.0,11.0,6.0,1.0,16.0,3.0,3.0,,,0.0
265.0,Yonis Njoh,fr FRA,FW,Viborg,20.0,2004.0,14.0,9.0,808.0,9.0,6.0,0.0,6.0,6.0,0.0,0.0,0.0,0.0,0.67,0.0,0.67,0.67,0.67,Matches,22.0,8.0,36.4,2.45,0.89,0.27,0.75,,58.0,28.1,79.0,3,5,19.0,0,1.79,20.0,10.0,10.0,1.11,1.24,0.0,4.0,9.0,0.0,10.0,5.0,4.0,,,0.0
35.0,Younes Bakiz,dk DEN,"FW,MF",Silkeborg,25.0,1999.0,25.0,24.0,1881.0,20.9,10.0,7.0,17.0,10.0,0.0,0.0,4.0,0.0,0.48,0.33,0.81,0.48,0.81,Matches,58.0,26.0,44.8,2.78,1.24,0.17,0.38,,75.0,65.3,77.0,5,1,33.0,0,1.52,40.0,20.0,20.0,0.96,1.41,0.0,29.0,43.0,2.0,38.0,6.0,13.0,,,0.0
34.0,Youssouph Badji,sn SEN,FW,AGF,22.0,2001.0,15.0,2.0,365.0,4.1,1.0,3.0,4.0,1.0,0.0,0.0,0.0,0.0,0.25,0.74,0.99,0.25,0.99,Matches,8.0,3.0,37.5,1.97,0.74,0.13,0.33,,24.0,12.7,71.0,0,13,17.0,4,1.0,10.0,7.0,3.0,0.74,0.6,0.0,7.0,4.0,0.0,3.0,1.0,5.0,,,0.0
330.0,Yuito Suzuki,jp JPN,"MF,FW",Brøndby,22.0,2001.0,32.0,30.0,2597.0,28.9,12.0,4.0,16.0,11.0,1.0,2.0,3.0,0.0,0.42,0.14,0.55,0.38,0.52,Matches,70.0,29.0,41.4,2.43,1.01,0.16,0.38,,81.0,90.2,84.0,12,2,35.0,0,1.59,54.0,45.0,9.0,0.31,-0.64,0.0,34.0,21.0,3.0,102.0,10.0,25.0,,,0.0
316.0,Zidan Sertdemir,dk DEN,"MF,FW",Nordsjælland,19.0,2005.0,31.0,10.0,1116.0,12.4,1.0,1.0,2.0,1.0,0.0,0.0,1.0,0.0,0.08,0.08,0.16,0.08,0.16,Matches,9.0,2.0,22.2,0.73,0.16,0.11,0.5,,36.0,38.8,69.0,2,21,20.0,1,1.48,24.0,27.0,-3.0,-0.24,-0.24,0.0,17.0,17.0,0.0,3.0,7.0,14.0,,,0.0
368.0,Žan Zaletel,si SVN,DF,Viborg,24.0,1999.0,5.0,5.0,374.0,4.2,0.0,0.0,0.0,0.0,0.0,0.0,0.0,0.0,0.0,0.0,0.0,0.0,0.0,Matches,1.0,0.0,0.0,0.24,0.0,0.0,,,75.0,13.0,75.0,4,0,,0,0.4,8.0,12.0,-4.0,-0.96,-1.36,0.0,1.0,1.0,1.0,0.0,5.0,2.0,,,0.0
