Rk;Player;Nation;Pos;Squad;Age;Born;90s;Gls.1;Ast.1;G+A.1;G-PK.1;G+A-PK;Matches;SoT%;Sh/90;SoT/90;G/Sh;G/SoT;Min%;PPM;+/-90;On-Off;MP_per90;Starts_per90;Min_per90;Gls_per90;Ast_per90;G+A_per90;G-PK_per90;PK_per90;PKatt_per90;CrdY_per90;CrdR_per90;Sh_per90;SoT_per90;Dist_per90;Mn/MP_per90;Mn/Start_per90;Compl_per90;Subs_per90;Mn/Sub_per90;unSub_per90;onG_per90;onGA_per90;+/-_per90;2CrdY_per90;Fls_per90;Fld_per90;Off_per90;Crs_per90;Int_per90;TklW_per90;PKwon_per90;PKcon_per90;OG_per90
17,0;Adam Andersson;se SWE;DF;Lyngby;27,0;1996,0;4,1;0,0;0,0;0,0;0,0;0,0;Matches;0,0;0,25;0,0;0,0;;12,7;1,0;-0,74;-0,24;2,44;0,49;89,02;0,0;0,0;0,0;0,0;0,0;0,0;0,49;0,0;0,24;0,0;;9,02;21,95;0,49;1,95;5,61;0,73;0,49;1,22;-0,73;0,0;0,98;0,0;0,0;2,44;1,22;1,71;;;0,0
65,0;Adam Buksa;pl POL;FW;Midtjylland;28,0;1996,0;18,9;0,63;0,05;0,69;0,48;0,53;Matches;37,7;3,65;1,37;0,13;0,35;59,1;1,88;0,74;0,13;1,27;0,95;90,05;0,63;0,05;0,69;0,48;0,16;0,16;0,26;0,0;3,65;1,38;;3,76;4,44;0,69;0,32;1,64;0,05;1,9;1,16;0,74;0,0;1,48;1,27;0,16;0,0;0,26;0,48;;;0,0
125,0;Adam Gabriel;cz CZE;DF;Midtjylland;23,0;2001,0;5,1;0,2;0,39;0,59;0,2;0,59;Matches;44,4;1,76;0,78;0,11;0,25;16,0;2,73;1,76;1,27;2,16;0,78;90,39;0,2;0,39;0,59;0,2;0,0;0,0;0,0;0,0;1,76;0,78;;8,24;15,69;0,39;1,37;3,92;1,57;2,75;0,98;1,76;0,0;1,76;0,2;0,0;0,78;0,2;0,78;;;0,0
70,0;Alexander Busch;dk DEN;DF;Silkeborg;21,0;2003,0;7,0;0,0;0,0;0,0;0,0;0,0;Matches;;0,0;0,0;;;21,9;1,56;0,28;-0,24;1,14;1,0;90,29;0,0;0,0;0,0;0,0;0,0;0,0;0,14;0,0;0,0;0,0;;11,29;12,86;1,0;0,14;0,29;0,0;1,71;1,43;0,29;0,0;0,71;1,14;0,0;0,0;1,86;1,0;;;0,0
232,0;Alexander Lyng;dk DEN;FW,MF;SønderjyskE;19,0;2004,0;11,3;0,26;0,0;0,26;0,26;0,26;Matches;30,4;2,03;0,62;0,13;0,43;35,5;1,22;0,0;0,82;2,04;0,97;90,35;0,27;0,0;0,27;0,27;0,0;0,0;0,18;0,0;2,04;0,62;;3,89;5,84;0,09;1,06;2,12;0,8;1,59;1,59;0,0;0,0;1,06;1,24;0,35;0,88;0,27;1,5;;;0,0
319,0;Alexander Simmelhack;dk DEN;FW;Silkeborg;18,0;2005,0;4,6;1,09;0,22;1,31;1,09;1,31;Matches;75,0;2,62;1,96;0,42;0,56;14,3;1,42;0,65;0,22;5,0;0,43;89,78;1,09;0,22;1,3;1,09;0,0;0,0;0,0;0,0;2,61;1,96;;3,91;17,17;0,0;4,57;2,61;0,87;1,74;1,09;0,65;0,0;2,17;0,87;0,22;0,22;0,22;0,65;;;0,0
81,0;Amin Chiakha;dz ALG;FW;FC Copenhagen;18,0;2006,0;5,1;0,39;0,0;0,39;0,39;0,39;Matches;36,4;2,15;0,78;0,18;0,5;16,0;2,12;0,59;-0,31;3,33;0,78;90,2;0,39;0,0;0,39;0,39;0,0;0,0;0,39;0,0;2,16;0,78;;5,29;12,55;0,0;2,55;3,14;1,96;1,37;0,78;0,59;0,0;2,35;0,78;0,39;0,2;0,39;0,39;;;0,0
192,0;Anders K. Jacobsen;dk DEN;FW,MF;Vejle BK;34,0;1989,0;9,9;0,2;0,3;0,5;0,2;0,5;Matches;61,5;1,31;0,8;0,15;0,25;31,1;1,0;-0,2;0,93;2,53;1,01;90,4;0,2;0,3;0,51;0,2;0,0;0,1;0,0;0,0;1,31;0,81;;3,64;6,67;0,2;1,52;1,62;0,71;1,41;1,62;-0,2;0,0;0,91;0,4;0,1;0,1;0,4;0,2;;;0,0
200,0;Anders Klynge;dk DEN;MF,FW;Silkeborg;23,0;2000,0;13,5;0,07;0,52;0,59;0,07;0,59;Matches;22,2;1,34;0,3;0,06;0,25;42,1;1,68;0,59;0,22;1,33;1,04;89,85;0,07;0,52;0,59;0,07;0,0;0,0;0,07;0,0;1,33;0,3;;4,96;5,93;0,59;0,3;1,78;0,0;1,85;1,26;0,59;0,0;1,04;0,67;0,0;2,0;1,41;1,48;;;0,0
63,0;Andreas Bruus;dk DEN;DF,MF;Aalborg;25,0;1999,0;17,0;0,0;0,0;0,0;0,0;0,0;Matches;18,2;0,65;0,12;0,0;0,0;53,3;0,7;-0,59;0,95;1,18;1,12;90,24;0,0;0,0;0,0;0,0;0,0;0,0;0,12;0,0;0,65;0,12;;4,53;4,59;0,47;0,06;2,65;0,0;1,12;1,71;-0,59;0,0;0,29;0,82;0,06;3,12;0,94;0,35;;;0,0
87,0;Andreas Cornelius;dk DEN;FW;FC Copenhagen;31,0;1993,0;12,4;0,24;0,32;0,56;0,24;0,56;Matches;35,5;2,5;0,89;0,1;0,27;38,8;2,0;0,97;0,2;1,53;0,97;90,16;0,24;0,32;0,56;0,24;0,0;0,0;0,32;0,0;2,5;0,89;;4,76;6,53;0,48;0,56;1,69;0,0;2,1;1,13;0,97;0,0;2,58;0,89;0,73;0,08;0,24;0,32;;;0,0
142,0;Andreas Hansen;dk DEN;GK;Nordsjælland;28,0;1995,0;30,0;0,0;0,0;0,0;0,0;0,0;Matches;;0,0;0,0;;;93,8;1,53;0,0;1,5;1,0;1,0;90,0;0,0;0,0;0,0;0,0;0,0;0,0;0,0;0,0;0,0;0,0;;3,0;3,0;1,0;0,0;;0,07;1,77;1,77;0,0;0,0;0,0;0,03;0,0;0,0;0,03;0,03;;;0,03
269,0;Andreas Oggesen;dk DEN;DF,MF;SønderjyskE;30,0;1994,0;27,4;0,0;0,22;0,22;0,0;0,22;Matches;0,0;0,11;0,0;0,0;;85,6;1,23;-0,55;-0,11;1,09;0,99;90,0;0,0;0,22;0,22;0,0;0,0;0,0;0,15;0,0;0,11;0,0;;2,99;3,21;0,73;0,11;1,13;0,0;1,5;2,04;-0,55;0,0;0,58;0,33;0,0;2,92;0,51;0,88;;;0,0
286,0;Andreas Poulsen;dk DEN;DF;Silkeborg;24,0;1999,0;16,5;0,0;0,12;0,12;0,0;0,12;Matches;0,0;1,46;0,0;0,0;;51,5;1,77;0,55;0,16;1,27;0,97;89,94;0,0;0,12;0,12;0,0;0,0;0,0;0,12;0,0;1,45;0,0;;4,3;5,09;0,36;0,3;1,7;0,48;1,76;1,21;0,55;0,0;0,67;0,55;0,24;4,12;1,15;1,09;;;0,0
175,0;Andres Jasson;us USA;MF,FW;Aalborg;22,0;2002,0;16,9;0,06;0,18;0,24;0,06;0,24;Matches;16,0;1,48;0,24;0,04;0,25;52,7;0,74;-0,95;0,17;1,83;0,95;89,76;0,06;0,18;0,24;0,06;0,0;0,0;0,3;0,0;1,48;0,24;;2,9;4,5;0,24;0,89;1,18;0,0;1,07;2,01;-0,95;0,0;1,66;2,84;0,06;1,54;0,95;1,42;;;0,0
307,0;André Rømer;dk DEN;MF;Randers;31,0;1993,0;21,2;0,05;0,09;0,14;0,05;0,14;Matches;0,0;1,39;0,0;0,0;;6,7;2,0;1,86;1,25;1,23;1,04;89,91;0,05;0,09;0,14;0,05;0,0;0,0;0,24;0,0;0,14;0,0;;2,31;4,25;0,05;0,14;1,65;0,05;0,19;0,0;0,19;0,0;0,05;0,09;0,0;0,0;0,09;0,09;;;0,0
112,0;Anosike Ementa;dk DEN;FW;Viborg;22,0;2002,0;12,3;0,24;0,08;0,32;0,24;0,32;Matches;37,0;2,19;0,81;0,11;0,3;38,5;1,42;-0,41;-1,02;2,52;0,65;90,24;0,24;0,08;0,33;0,24;0,0;0,0;0,16;0,0;2,2;0,81;;2,93;6,67;0,41;1,87;1,63;0,08;1,46;1,87;-0,41;0,0;2,2;1,79;0,16;0,16;0,49;0,33;;;0,0
321,0;Aral Şimşir;dk DEN;MF,FW;Midtjylland;22,0;2002,0;15,5;0,19;0,39;0,58;0,13;0,52;Matches;33,3;2,33;0,78;0,06;0,17;48,3;2,0;0,52;-0,33;1,48;0,97;89,81;0,19;0,39;0,58;0,13;0,06;0,06;0,0;0,0;2,32;0,77;;3,94;4,9;0,39;0,52;2,0;0,0;2,0;1,48;0,52;0,0;0,45;2,0;0,0;3,81;0,13;0,13;;;0,0
44,0;Asker Beck;dk DEN;MF;Viborg;21,0;2003,0;5,8;0,0;0,0;0,0;0,0;0,0;Matches;26,7;2,58;0,69;0,0;0,0;18,2;1,67;-0,34;-0,69;2,07;0,86;90,34;0,0;0,0;0,0;0,0;0,0;0,0;0,17;0,0;2,59;0,69;;7,59;14,14;0,17;1,21;2,93;0,17;1,38;1,72;-0,34;0,0;1,38;1,03;0,0;0,69;0,17;1,55;;;0,0
39,0;Atli Barkarson;is ISL;DF,MF;SønderjyskE;23,0;2001,0;4,0;0,0;0,0;0,0;0,0;0,0;Matches;0,0;1,0;0,0;0,0;;12,5;0,25;-1,75;-1,39;1,0;1,0;90,0;0,0;0,0;0,0;0,0;0,0;0,0;0,0;0,0;1,0;0,0;;22,5;22,5;1,0;0,0;;0,0;0,25;2,0;-1,75;0,0;1,5;0,5;0,25;8,0;0,75;0,75;;;0,0
302,0;Baptiste Rolland;fr FRA;DF;Lyngby;21,0;2003,0;3,6;0,0;0,0;0,0;0,0;0,0;Matches;25,0;1,1;0,28;0,0;0,0;11,4;1,0;0,55;1,22;1,94;1,39;90,83;0,0;0,0;0,0;0,0;0,0;0,0;0,28;0,0;1,11;0,28;;13,06;15,28;0,0;0,56;7,5;3,61;1,39;0,83;0,56;0,0;1,39;1,39;0,0;1,11;1,94;2,22;;;0,0
266,0;Benjamin Nygren;se SWE;FW,MF;Nordsjælland;23,0;2001,0;28,3;0,53;0,07;0,6;0,53;0,6;Matches;48,8;2,89;1,41;0,18;0,38;88,6;1,4;-0,32;-1,96;1,06;0,99;90,14;0,53;0,07;0,6;0,53;0,0;0,04;0,04;0,0;2,9;1,41;;3,0;3,11;0,74;0,07;1,34;0,0;1,55;1,87;-0,32;0,0;1,06;0,88;0,0;1,1;0,35;0,85;;;0,0
336,0;Benjamin Tahirovic;ba BIH;MF;Brøndby;21,0;2003,0;9,5;0,0;0,11;0,11;0,0;0,11;Matches;33,3;0,63;0,21;0,0;0,0;29,5;1,6;0,0;-0,53;1,58;1,05;89,58;0,0;0,11;0,11;0,0;0,0;0,0;0,21;0,0;0,63;0,21;;6,0;8,42;0,63;0,53;1,16;0,0;1,68;1,68;0,0;0,0;0,84;1,37;0,0;2,0;0,84;1,16;;;0,0
247,0;Birger Meling;no NOR;DF,MF;FC Copenhagen;29,0;1994,0;6,0;0,0;0,0;0,0;0,0;0,0;Matches;33,3;0,5;0,17;0,0;0,0;18,7;2,1;0,67;-0,21;1,67;1,17;89,67;0,0;0,0;0,0;0,0;0,0;0,0;0,0;0,0;0,5;0,17;;9,0;11,83;0,67;0,5;2,5;1,0;1,33;0,67;0,67;0,0;0,5;1,0;0,0;3,33;1,0;1,33;;;0,0
290,0;Bjarne Pudel;de GER;DF;Aalborg;23,0;2001,0;18,8;0,05;0,05;0,11;0,05;0,11;Matches;100,0;0,05;0,05;1,0;1,0;58,7;0,71;-0,37;1,59;1,12;1,01;89,89;0,05;0,05;0,11;0,05;0,0;0,0;0,32;0,05;0,05;0,05;;4,26;4,63;0,85;0,11;0,96;0,27;1,38;1,76;-0,37;0,0;1,01;0,9;0,05;0,16;1,65;0,53;;;0,0
140,0;Brian Hamalainen;dk DEN;DF;Lyngby;35,0;1989,0;8,9;0,0;0,0;0,0;0,0;0,0;Matches;12,5;0,9;0,11;0,0;0,0;27,8;0,77;-0,56;-0,04;1,46;1,12;90,0;0,0;0,0;0,0;0,0;0,0;0,0;0,11;0,0;0,9;0,11;;6,97;8,65;0,45;0,34;1,12;0,67;0,79;1,35;-0,56;0,0;0,22;0,45;0,0;3,26;0,79;0,22;;;0,0
367,0;Caleb Yirenkyi;gh GHA;MF;Nordsjælland;18,0;2006,0;13,4;0,15;0,15;0,3;0,15;0,3;Matches;60,0;0,75;0,45;0,2;0,33;41,8;1,35;-0,07;0,03;1,27;1,04;89,85;0,15;0,15;0,3;0,15;0,0;0,0;0,3;0,0;0,75;0,45;;5,3;6,27;0,67;0,22;0,52;0,6;1,64;1,72;-0,07;0,0;2,46;0,82;0,15;0,07;1,34;1,19;;;0,0
246,0;Callum McCowatt;nz NZL;MF,FW;Silkeborg;25,0;1999,0;13,4;0,37;0,22;0,6;0,37;0,6;Matches;32,6;3,21;1,04;0,12;0,36;41,9;1,57;0,6;0,22;1,64;0,97;90,0;0,37;0,22;0,6;0,37;0,0;0,0;0,07;0,0;3,21;1,04;;4,1;5,52;0,22;0,67;2,01;0,15;1,79;1,19;0,6;0,0;1,57;0,6;0,3;3,51;0,3;0,67;;;0,0
364,0;Casper Winther;dk DEN;MF;Lyngby;21,0;2003,0;21,8;0,05;0,05;0,09;0,05;0,09;Matches;21,4;1,29;0,28;0,04;0,17;68,1;0,85;-0,6;-0,21;1,19;1,1;89,91;0,05;0,05;0,09;0,05;0,0;0,0;0,23;0,0;1,28;0,28;;3,44;3,67;0,55;0,09;1,1;0,14;0,64;1,24;-0,6;0,0;0,64;0,46;0,0;1,88;0,96;0,73;;;0,0
160,0;Charly Horneman;dk DEN;FW;Viborg;20,0;2004,0;6,4;0,47;0,16;0,62;0,47;0,62;Matches;52,4;3,28;1,72;0,14;0,27;20,0;1,69;0,94;0,9;4,06;0,62;90,16;0,47;0,16;0,62;0,47;0,0;0,0;0,16;0,0;3,28;1,72;;3,44;9,84;0,0;3,44;2,34;0,62;1,88;0,94;0,94;0,0;1,09;1,25;0,16;1,09;0,78;0,16;;;0,0
127,0;Christian Gammelgaard;dk DEN;FW,MF;Vejle BK;21,0;2003,0;17,6;0,06;0,34;0,4;0,06;0,4;Matches;24,2;1,88;0,46;0,03;0,13;54,9;0,87;-0,51;0,74;1,7;1,14;89,89;0,06;0,34;0,4;0,06;0,0;0,0;0,06;0,0;1,87;0,45;;3,01;3,86;0,17;0,57;1,31;0,06;1,42;1,93;-0,51;0,0;0,8;0,4;0,17;5,34;0,28;0,57;;;0,0
49,0;Clement Bischoff;dk DEN;MF;Brøndby;18,0;2005,0;19,2;0,1;0,16;0,26;0,1;0,26;Matches;45,0;2,09;0,94;0,05;0,11;59,9;1,59;0,31;-0,16;1,51;1,09;89,9;0,1;0,16;0,26;0,1;0,0;0,0;0,16;0,05;2,08;0,94;;3,12;3,85;0,26;0,42;1,09;0,05;1,67;1,35;0,31;0,0;1,15;1,61;0,1;3,28;0,47;1,25;;;0,0
148,0;Conrad Harder;dk DEN;FW;Nordsjælland;19,0;2005,0;6,5;0,31;0,46;0,77;0,31;0,77;Matches;26,7;4,62;1,23;0,07;0,25;20,3;1,57;-0,15;-0,08;1,08;1,08;89,85;0,31;0,46;0,77;0,31;0,0;0,0;0,0;0,0;4,62;1,23;;12,77;12,77;0,46;0,0;;0,0;1,85;2,0;-0,15;0,0;1,38;0,77;0,77;2,15;0,62;0,77;;;0,0
363,0;Dalton Wilkins;nz NZL;DF;SønderjyskE;25,0;1999,0;3,2;0,0;0,0;0,0;0,0;0,0;Matches;0,0;0,32;0,0;0,0;;9,9;0,89;0,32;0,94;2,81;0,94;88,75;0,0;0,0;0,0;0,0;0,0;0,0;0,62;0,0;0,31;0,0;;10,0;22,5;0,31;1,88;3,44;0,62;1,88;1,56;0,31;0,0;0,94;1,88;0,31;2,5;1,25;1,25;;;0,0
62,0;Damian van Bruggen;nl NED;DF;Vejle BK;28,0;1996,0;25,2;0,04;0,0;0,04;0,04;0,04;Matches;50,0;0,24;0,12;0,17;0,33;78,9;0,97;-0,79;0,24;1,15;1,03;90,12;0,04;0,0;0,04;0,04;0,0;0,0;0,16;0,0;0,24;0,12;;3,1;3,45;0,87;0,12;0,28;0,12;1,15;1,94;-0,79;0,0;1,11;0,28;0,0;0,0;1,11;0,83;;;0,0
27,0;Daniel Anyembe;ke KEN;DF;Viborg;26,0;1998,0;30,0;0,03;0,07;0,1;0,03;0,1;Matches;50,0;0,07;0,03;0,5;1,0;93,8;1,52;0,33;1,84;1,03;1,0;90,03;0,03;0,07;0,1;0,03;0,0;0,0;0,13;0,0;0,07;0,03;;2,9;2,97;0,93;0,03;0,7;0,0;1,8;1,47;0,33;0,0;0,27;0,57;0,03;0,83;1,0;1,0;;;0,03
36,0;Daniel Bandeira;pt POR;MF;Midtjylland;24,0;2000,0;9,4;0,11;0,0;0,11;0,11;0,11;Matches;36,4;1,17;0,43;0,09;0,25;29,4;1,77;0,32;-0,52;1,38;1,06;90,0;0,11;0,0;0,11;0,11;0,0;0,0;0,21;0,0;1,17;0,43;;6,91;7,98;0,32;0,32;3,3;0,21;1,81;1,49;0,32;0,0;1,38;1,38;0,0;2,34;1,81;0,96;;;0,0
164,0;Daniel Høegh;dk DEN;DF;Randers;33,0;1991,0;32,0;0,03;0,03;0,06;0,03;0,06;Matches;46,7;0,47;0,22;0,07;0,14;100,0;1,45;0,22;;1,0;1,0;90,0;0,03;0,03;0,06;0,03;0,0;0,0;0,06;0,0;0,47;0,22;;2,81;2,81;1,0;0,0;;0,0;1,78;1,56;0,22;0,0;0,41;0,47;0,0;0,12;1,06;0,75;;;0,0
331,0;Daniel Svensson;se SWE;DF,MF;Nordsjælland;22,0;2002,0;17,0;0,0;0,06;0,06;0,0;0,06;Matches;25,0;0,71;0,18;0,0;0,0;53,1;1,53;0,06;0,33;1,0;1,0;90,0;0,0;0,06;0,06;0,0;0,0;0,0;0,12;0,0;0,71;0,18;;5,29;5,29;1,0;0,0;;0,0;1,76;1,71;0,06;0,0;0,65;1,29;0,06;6,76;1,41;1,24;;;0,0
359,0;Daniel Wass;dk DEN;MF;Brøndby;35,0;1989,0;24,2;0,08;0,12;0,21;0,0;0,12;Matches;46,2;1,08;0,5;0,0;0,0;75,5;1,57;0,37;-0,01;1,24;1,07;89,83;0,08;0,12;0,21;0,0;0,08;0,12;0,12;0,0;1,07;0,5;;2,98;3,35;0,58;0,17;0,74;0,04;1,94;1,57;0,37;0,0;0,83;1,49;0,0;5,41;1,36;0,83;;;0,04
221,0;Daníel Leó Grétarsson;is ISL;DF;SønderjyskE;28,0;1995,0;20,6;0,05;0,0;0,05;0,05;0,05;Matches;20,0;0,49;0,1;0,1;0,5;64,3;1,32;-0,29;0,67;1,07;1,02;89,9;0,05;0,0;0,05;0,05;0,0;0,0;0,19;0,0;0,49;0,1;;4,08;4,22;0,83;0,05;1,46;0,0;1,46;1,75;-0,29;0,0;0,78;1,6;0,15;0,1;1,46;0,63;;;0,0
277,0;Darío Osorio;cl CHI;MF,FW;Midtjylland;20,0;2004,0;16,7;0,18;0,12;0,3;0,18;0,3;Matches;26,7;3,59;0,96;0,05;0,19;52,2;1,92;0,54;-0,31;1,44;1,02;90,0;0,18;0,12;0,3;0,18;0,0;0,0;0,3;0,06;3,59;0,96;;3,77;4,55;0,12;0,42;1,8;0,06;2,1;1,56;0,54;0,0;1,26;1,56;0,48;3,71;0,96;1,62;;;0,0
85,0;David Čolina;hr CRO;DF,MF;Vejle BK;24,0;2000,0;24,1;0,0;0,12;0,12;0,0;0,12;Matches;20,0;0,21;0,04;0,0;0,0;75,2;1,08;-0,79;0,22;1,08;1,0;89,92;0,0;0,12;0,12;0,0;0,0;0,0;0,08;0,0;0,21;0,04;;3,44;3,65;0,83;0,08;1,33;0,04;1,04;1,83;-0,79;0,0;1,04;0,71;0,08;3,82;1,08;1,16;;;0,0
78,0;Denil Castillo;ec ECU;MF;Midtjylland;20,0;2004,0;9,6;0,0;0,0;0,0;0,0;0,0;Matches;57,1;0,73;0,42;0,0;0,0;29,9;2,09;0,52;-0,24;2,29;1,15;89,79;0,0;0,0;0,0;0,0;0,0;0,0;0,42;0,0;0,73;0,42;;4,06;6,04;0,1;1,15;2,08;0,94;1,77;1,25;0,52;0,0;0,94;3,02;0,1;0,62;1,15;0,52;;;0,0
349,0;Denis Vavro;sk SVK;DF;FC Copenhagen;28,0;1996,0;3,3;0,0;0,0;0,0;0,0;0,0;Matches;50,0;0,61;0,31;0,0;0,0;10,2;1,6;0,0;-0,94;1,52;0,91;89,39;0,0;0,0;0,0;0,0;0,0;0,0;0,3;0,0;0,61;0,3;;17,88;25,45;0,61;0,61;6,67;0,3;1,21;1,21;0,0;0,0;0,91;0,0;0,0;0,3;1,82;0,91;;;0,0
297,0;Diant Ramaj;de GER;GK;FC Copenhagen;22,0;2001,0;12,0;0,0;0,0;0,0;0,0;0,0;Matches;;0,0;0,0;;;37,5;2,0;1,08;0,38;1,0;1,0;89,92;0,0;0,0;0,0;0,0;0,0;0,0;0,17;0,08;0,0;0,0;;7,5;7,5;0,92;0,0;;0,0;1,67;0,58;1,08;0,0;0,0;0,08;0,0;0,0;0,0;0,0;;;0,0
115,0;Dimitrios Emmanouilidis;gr GRE;MF,FW;Vejle BK;23,0;2000,0;19,5;0,26;0,05;0,31;0,26;0,31;Matches;40,8;2,51;1,03;0,1;0,25;60,9;0,86;-1,08;-0,6;1,49;1,18;90,0;0,26;0,05;0,31;0,26;0,0;0,0;0,05;0,0;2,51;1,03;;3,13;3,49;0,0;0,31;1,64;0,15;1,08;2,15;-1,08;0,0;0,82;0,62;0,87;2,97;0,36;0,41;;;0,0
108,0;Ebube Duru;ng NGA;DF;SønderjyskE;25,0;1999,0;13,8;0,07;0,0;0,07;0,07;0,07;Matches;25,0;0,29;0,07;0,25;1,0;43,0;1,5;-0,65;-0,22;1,45;1,09;89,71;0,07;0,0;0,07;0,07;0,0;0,0;0,0;0,0;0,29;0,07;;4,49;5,51;0,29;0,36;1,52;0,29;1,52;2,17;-0,65;0,0;1,01;1,01;0,07;1,88;1,16;1,74;;;0,0
82,0;Edward Chilufya;zm ZAM;FW;Midtjylland;24,0;1999,0;7,5;0,4;0,67;1,07;0,4;1,07;Matches;38,9;2,4;0,93;0,17;0,43;23,4;2,05;1,6;1,19;2,67;0,67;89,87;0,4;0,67;1,07;0,4;0,0;0,0;0,13;0,0;2,4;0,93;;4,53;8,4;0,0;2,0;3,2;0,53;2,67;1,07;1,6;0,0;2,4;0,93;1,6;1,6;0,93;0,67;;;0,0
3,0;Elias Achouri;tn TUN;MF,FW;FC Copenhagen;25,0;1999,0;16,4;0,12;0,3;0,43;0,12;0,43;Matches;39,4;2,01;0,79;0,06;0,15;51,4;1,74;0,85;0,02;1,4;0,91;90,24;0,12;0,3;0,43;0,12;0,0;0,0;0,3;0,0;2,01;0,79;;3,9;4,76;0,3;0,49;2,38;0,06;1,89;1,04;0,85;0,0;1,28;1,4;0,49;3,29;0,3;1,28;;;0,0
18,0;Elias Andersson;se SWE;DF;Viborg;28,0;1996,0;4,4;0,0;0,0;0,0;0,0;0,0;Matches;;0,0;0,0;;;13,6;1,33;-0,69;-1,05;1,36;1,14;89,09;0,0;0,0;0,0;0,0;0,0;0,0;0,23;0,23;0,0;0,0;;14,77;17,73;0,45;0,23;0,45;0,45;1,59;2,27;-0,68;0,0;0,45;0,91;0,0;4,09;1,36;1,14;;;0,23
235,0;Elies Mahmoud;fr FRA;MF;Randers;23,0;2001,0;3,9;0,26;0,0;0,26;0,26;0,26;Matches;40,0;1,29;0,51;0,2;0,5;12,2;1,08;-1,54;-2,01;3,08;0,77;89,74;0,26;0,0;0,26;0,26;0,0;0,0;0,77;0,0;1,28;0,51;;7,44;14,62;0,0;2,31;5,13;0,51;1,03;2,56;-1,54;0,0;3,08;1,79;0,0;5,64;1,03;2,82;;;0,0
295,0;Elías Rafn Ólafsson;is ISL;GK;Midtjylland;24,0;2000,0;22,0;0,0;0,0;0,0;0,0;0,0;Matches;;0,0;0,0;;;68,8;1,91;0,45;-0,75;1,0;1,0;90,0;0,0;0,0;0,0;0,0;0,0;0,0;0,0;0,0;0,0;0,0;;4,09;4,09;1,0;0,0;;0,41;1,82;1,36;0,45;0,0;0,0;0,05;0,0;0,0;0,09;0,0;;;0,0
240,0;Emiliano Martínez;uy URU;MF;Midtjylland;24,0;1999,0;12,1;0,0;0,08;0,08;0,0;0,08;Matches;11,1;0,74;0,08;0,0;0,0;37,8;2,13;0,58;-0,17;1,24;1,07;89,92;0,0;0,08;0,08;0,0;0,0;0,0;0,33;0,0;0,74;0,08;;6,03;6,53;0,41;0,17;2,64;0,0;1,74;1,16;0,58;0,0;1,16;0,91;0,0;0,41;1,65;2,31;;;0,0
366,0;Emmanuel Yeboah;gh GHA;FW;Vejle BK;21,0;2003,0;4,6;0,0;0,0;0,0;0,0;0,0;Matches;40,0;8,04;3,21;0,4;1,0;1,9;1,4;1,61;1,26;1,96;0,65;89,13;0,0;0,0;0,0;0,0;0,0;0,0;0,43;0,0;1,09;0,43;;2,39;;0,0;1,09;2,39;0,43;0,43;0,22;0,22;0,0;0,87;0,0;0,22;0,43;0,0;0,22;;;0,0
194,0;Eric Kahl;se SWE;DF;AGF;22,0;2001,0;20,7;0,0;0,1;0,1;0,0;0,1;Matches;20,0;0,48;0,1;0,0;0,0;64,7;1,44;0,58;1,02;1,21;1,01;89,95;0,0;0,1;0,1;0,0;0,0;0,0;0,19;0,0;0,48;0,1;;3,57;4,01;0,63;0,19;1,35;0,1;1,69;1,11;0,58;0,0;0,82;0,72;0,0;2,9;0,97;1,16;;;0,0
241,0;Erik Marxen;dk DEN;DF;Nordsjælland;33,0;1990,0;3,7;0,0;0,0;0,0;0,0;0,0;Matches;;0,0;0,0;;;11,6;1,88;0,27;0,41;2,16;1,08;90,27;0,0;0,0;0,0;0,0;0,0;0,0;0,0;0,0;0,0;0,0;;11,35;20,54;0,54;1,08;1,89;2,43;1,89;1,62;0,27;0,0;0,27;0,81;0,0;0,0;0,81;0,27;;;0,0
45,0;Felix Beijmo;se SWE;MF,DF;AGF;26,0;1998,0;28,1;0,07;0,11;0,18;0,07;0,18;Matches;48,0;0,89;0,43;0,08;0,17;87,7;1,29;0,39;1,41;1,1;1,07;89,86;0,07;0,11;0,18;0,07;0,0;0,0;0,14;0,04;0,89;0,43;;2,88;2,95;0,6;0,04;1,14;0,0;1,78;1,39;0,39;0,04;0,6;0,39;0,04;6,87;0,6;0,75;;;0,0
66,0;Filip Bundgaard;dk DEN;MF,FW;Brøndby;20,0;2004,0;7,6;0,26;0,13;0,4;0,26;0,4;Matches;26,1;3,03;0,79;0,09;0,33;23,7;1,29;1,05;0,89;3,16;1,05;89,87;0,26;0,13;0,39;0,26;0,0;0,0;0,26;0,0;3,03;0,79;;3,68;8,03;0,0;2,11;1,58;0,92;1,84;0,79;1,05;0,0;1,32;0,66;0,13;1,71;0,66;1,32;;;0,0
95,0;Florian Danho Seke;fr FRA;FW;Randers;24,0;2000,0;11,4;0,18;0,26;0,44;0,18;0,44;Matches;39,4;2,9;1,14;0,06;0,15;35,6;1,63;0,44;0,34;1,67;1,32;89,91;0,18;0,26;0,44;0,18;0,0;0,0;0,26;0,09;2,89;1,14;;4,74;5,53;0,0;0,35;1,93;0,26;1,93;1,49;0,44;0,0;1,67;2,11;0,96;0,26;0,09;0,35;;;0,0
104,0;Franculino Djú;gw GNB;FW;Midtjylland;20,0;2004,0;18,7;0,59;0,16;0,75;0,53;0,7;Matches;45,2;3,32;1,5;0,16;0,36;58,4;2,0;0,64;-0,11;1,5;1,18;90,0;0,59;0,16;0,75;0,53;0,05;0,05;0,16;0,0;3,32;1,5;;3,21;3,8;0,27;0,32;1,12;0,0;2,03;1,39;0,64;0,0;0,53;0,64;0,37;0,7;0,27;0,59;;;0,0
58,0;Frederik Brandhof;dk DEN;MF;AGF;28,0;1996,0;6,9;0,0;0,0;0,0;0,0;0,0;Matches;33,3;0,44;0,15;0,0;0,0;21,5;1,27;0,58;0,46;3,19;0,72;89,57;0,0;0,0;0,0;0,0;0,0;0,0;0,29;0,0;0,43;0,14;;4,06;10,72;0,0;2,46;2,17;1,45;1,88;1,3;0,58;0,0;1,74;2,17;0,0;1,3;1,01;1,59;;;0,0
138,0;Frederik Gytkjær;dk DEN;FW;Lyngby;31,0;1993,0;16,0;0,5;0,12;0,62;0,44;0,56;Matches;38,7;1,93;0,75;0,23;0,58;50,1;0,85;-0,44;0,19;1,69;0,88;90,19;0,5;0,12;0,62;0,44;0,06;0,06;0,31;0,0;1,94;0,75;;3,31;4,88;0,19;0,81;1,75;0,06;1,06;1,5;-0,44;0,0;3,06;1,88;1,12;0,75;0,25;0,38;;;0,0
167,0;Frederik Ibsen;dk DEN;DF;Brøndby;24,0;1999,0;18,2;0,11;0,0;0,11;0,11;0,11;Matches;57,1;0,38;0,22;0,29;0,5;56,9;1,5;0,38;0,02;1,21;0,99;90,11;0,11;0,0;0,11;0,11;0,0;0,0;0,11;0,0;0,38;0,22;;4,12;4,78;0,88;0,22;0,93;0,22;1,87;1,48;0,38;0,0;0,55;0,27;0,0;0,0;1,15;1,04;;;0,0
218,0;Frederik Lauenborg;dk DEN;MF,DF;Randers;27,0;1997,0;3,9;0,52;0,0;0,52;0,52;0,52;Matches;50,0;1,03;0,52;0,5;1,0;12,1;1,47;-0,52;-0,84;3,59;1,03;89,23;0,51;0,0;0,51;0,51;0,0;0,0;0,51;0,0;1,03;0,51;;6,41;10,51;0,0;2,56;4,87;1,54;1,79;2,31;-0,51;0,0;0,77;0,51;0,0;0,26;1,03;1,54;;;0,0
341,0;Frederik Tingager;dk DEN;DF;AGF;31,0;1993,0;28,7;0,07;0,0;0,07;0,07;0,07;Matches;40,0;0,7;0,28;0,1;0,25;89,7;1,33;0,49;2,6;1,05;1,05;89,97;0,07;0,0;0,07;0,07;0,0;0,0;0,0;0,0;0,7;0,28;;3,0;3,0;0,94;0,0;;0,0;1,71;1,22;0,49;0,0;0,63;0,73;0,0;0,03;0,73;0,87;;;0,03
285,0;Gabriel Pereira;br BRA;DF;FC Copenhagen;24,0;2000,0;23,8;0,13;0,04;0,17;0,13;0,17;Matches;33,3;0,63;0,21;0,2;0,6;74,5;1,81;0,67;-0,68;1,09;1,05;90,17;0,13;0,04;0,17;0,13;0,0;0,0;0,21;0,0;0,63;0,21;;3,49;3,57;0,84;0,04;1,05;0,08;1,85;1,18;0,67;0,0;0,5;0,46;0,04;0,25;1,3;0,63;;;0,0
274,0;German Onugkha;ru RUS;FW;Vejle BK;28,0;1996,0;20,3;0,64;0,05;0,69;0,59;0,64;Matches;27,3;4,67;1,27;0,0;0,0;7,4;1,75;-0,42;-1,37;1,03;1,03;90,0;0,64;0,05;0,69;0,59;0,05;0,05;0,05;0,0;0,54;0,15;;2,61;3,35;0,05;0,05;0,34;0,2;0,1;0,15;-0,05;0,0;0,15;0,05;0,05;0,05;0,0;0,1;;;0,0
225,0;Gift Links;za RSA;MF,DF;AGF;25,0;1998,0;21,4;0,09;0,14;0,23;0,09;0,23;Matches;29,5;2,06;0,61;0,05;0,15;66,8;1,48;0,65;1,31;1,17;1,12;89,95;0,09;0,14;0,23;0,09;0,0;0,0;0,09;0,0;2,06;0,61;;3,6;3,64;0,23;0,05;2,1;0,0;1,87;1,21;0,65;0,0;1,26;1,45;0,33;9,81;1,03;1,12;;;0,0
130,0;Giorgi Gocholeishvili;ge GEO;DF;FC Copenhagen;23,0;2001,0;15,5;0,06;0,06;0,13;0,06;0,13;Matches;21,1;1,22;0,26;0,05;0,25;48,5;1,81;0,52;-0,64;1,35;0,97;90,13;0,06;0,06;0,13;0,06;0,0;0,0;0,19;0,0;1,23;0,26;;4,32;5,03;0,45;0,39;2,45;0,45;1,81;1,29;0,52;0,0;0,52;2,0;0,13;4,58;0,97;2,26;;;0,0
122,0;Gustav Fraulo;dk DEN;MF,DF;Lyngby;19,0;2005,0;3,4;0,0;0,0;0,0;0,0;0,0;Matches;25,0;1,19;0,3;0,0;0,0;10,5;1,1;-1,19;-0,73;2,94;0,88;89,12;0,0;0,0;0,0;0,0;0,0;0,0;0,29;0,0;1,18;0,29;;8,82;25,59;0,59;2,06;1,76;2,94;1,47;2,65;-1,18;0,0;0,88;2,65;0,0;2,35;0,88;1,18;;;0,0
362,0;Gustav Wikheim;no NOR;FW;Nordsjælland;31,0;1993,0;5,1;0,2;0,0;0,2;0,2;0,2;Matches;60,0;0,98;0,59;0,2;0,33;15,9;1,67;-0,59;-0,59;2,35;0,98;89,61;0,2;0,0;0,2;0,2;0,0;0,0;0,0;0,0;0,98;0,59;;7,45;11,37;0,0;1,37;4,71;0,2;1,76;2,35;-0,59;0,0;0,78;1,37;0,2;1,37;0,2;0,98;;;0,0
40,0;Hamza Barry;gm GAM;MF;Vejle BK;29,0;1994,0;15,8;0,06;0,32;0,38;0,06;0,38;Matches;20,0;0,63;0,13;0,1;0,5;49,4;0,73;-1,33;-0,96;1,39;1,01;90,06;0,06;0,32;0,38;0,06;0,0;0,0;0,25;0,0;0,63;0,13;;4,11;4,94;0,44;0,38;1,9;0,19;1,01;2,34;-1,33;0,0;1,65;1,33;0,06;2,91;0,89;0,63;;;0,0
91,0;Henrik Dalsgaard;dk DEN;DF;AGF;35,0;1989,0;20,1;0,05;0,0;0,05;0,05;0,05;Matches;44,4;0,45;0,2;0,11;0,25;62,9;1,27;0,3;0,21;1,29;1,04;90,15;0,05;0,0;0,05;0,05;0,0;0,0;0,1;0,0;0,45;0,2;;3,48;4,08;0,75;0,25;0,85;0,05;1,69;1,39;0,3;0,0;1,09;0,95;0,05;0,95;1,04;0,8;;;0,0
309,0;Ibrahim Said;ng NGA;FW;Viborg;22,0;2002,0;4,6;0,0;0,0;0,0;0,0;0,0;Matches;18,2;2,41;0,44;0,0;0,0;14,2;1,14;-1,1;-1,53;3,04;0,65;89,13;0,0;0,0;0,0;0,0;0,0;0,0;0,0;0,0;2,39;0,43;;6,3;15,22;0,0;2,39;3,91;1,3;0,87;1,96;-1,09;0,0;0,87;0,87;0,43;3,48;0,65;1,09;;;0,0
350,0;Igor Vekič;si SVN;GK;Vejle BK;26,0;1998,0;31,0;0,0;0,0;0,0;0,0;0,0;Matches;;0,0;0,0;;;96,9;0,9;-0,84;0,16;1,0;1,0;90,0;0,0;0,0;0,0;0,0;0,0;0,0;0,0;0,0;0,0;0,0;;2,9;2,9;1,0;0,0;;0,03;1,13;1,97;-0,84;0,0;0,0;0,1;0,0;0,0;0,0;0,0;;;0,0
147,0;Isak Hansen-Aarøen;no NOR;MF,FW;Aalborg;19,0;2004,0;8,5;0,0;0,0;0,0;0,0;0,0;Matches;11,1;1,06;0,12;0,0;0,0;26,6;0,5;-1,17;-0,19;1,65;1,06;90,24;0,0;0,0;0,0;0,0;0,0;0,12;0,12;0,0;1,06;0,12;;6,47;9,06;0,12;0,59;1,65;0,12;1,18;2,35;-1,18;0,0;1,18;0,59;0,0;2,82;0,82;0,47;;;0,0
177,0;Isak Jensen;dk DEN;FW;Viborg;20,0;2003,0;21,7;0,41;0,09;0,51;0,32;0,41;Matches;37,0;2,49;0,92;0,13;0,35;67,8;1,26;0,0;-0,68;1,24;1,06;90,0;0,41;0,09;0,51;0,32;0,09;0,09;0,05;0,0;2,49;0,92;;3,32;3,64;0,37;0,18;1,47;0,05;1,66;1,66;0,0;0,0;0,6;1,47;0,23;5,16;0,23;0,37;;;0,0
103,0;Ivan Djantou;cm CMR;FW;SønderjyskE;22,0;2002,0;9,5;0,42;0,0;0,42;0,42;0,42;Matches;47,1;1,8;0,85;0,24;0,5;29,5;1,1;-0,53;0,0;3,16;0,63;89,58;0,42;0,0;0,42;0,42;0,0;0,0;0,42;0,0;1,79;0,84;;2,95;7,05;0,11;2,53;2,0;0,21;1,47;2,0;-0,53;0,0;2,84;1,68;0,53;0,11;0,21;0,53;;;0,0
264,0;Ivan Nikolov;mk MKD;MF,FW;SønderjyskE;22,0;2002,0;3,7;0,0;0,0;0,0;0,0;0,0;Matches;0,0;0,54;0,0;0,0;;11,5;0,9;-0,82;-0,32;2,7;0,81;89,46;0,0;0,0;0,0;0,0;0,0;0,0;0,0;0,0;0,54;0,0;;8,92;15,95;0,0;1,89;5,95;1,89;0,54;1,35;-0,81;0,0;1,35;0,54;0,27;0,27;0,27;1,62;;;0,0
258,0;Ivan Näsberg;no NOR;DF;Viborg;28,0;1996,0;12,5;0,24;0,0;0,24;0,24;0,24;Matches;21,4;1,12;0,24;0,21;1,0;39,2;1,43;-0,32;-0,88;1,12;1,04;90,24;0,24;0,0;0,24;0,24;0,0;0,0;0,08;0,0;1,12;0,24;;6,48;6,88;0,8;0,08;0,32;0,48;1,2;1,52;-0,32;0,0;0,48;0,4;0,0;0,08;0,56;0,16;;;0,08
13,0;Jacob Andersen;dk DEN;MF;AGF;20,0;2004,0;4,6;0,0;0,22;0,22;0,0;0,22;Matches;50,0;0,43;0,22;0,0;0,0;14,5;1,69;0,0;-0,26;3,48;0,65;90,87;0,0;0,22;0,22;0,0;0,0;0,0;0,65;0,0;0,43;0,22;;5,65;13,26;0,0;2,83;3,91;0,22;1,3;1,3;0,0;0,0;2,61;2,61;0,43;3,04;0,65;0,65;;;0,0
298,0;Jacob Rasmussen;dk DEN;DF;Brøndby;27,0;1997,0;28,0;0,0;0,04;0,04;0,0;0,04;Matches;18,8;0,57;0,11;0,0;0,0;87,5;1,54;0,36;-0,14;1,0;1,0;90,0;0,0;0,04;0,04;0,0;0,0;0,0;0,14;0,0;0,57;0,11;;3,21;3,21;1,0;0,0;;0,0;1,86;1,5;0,36;0,0;0,64;0,54;0,04;0,36;0,86;1,04;;;0,0
71,0;Jakob Busk;dk DEN;GK;SønderjyskE;30,0;1993,0;13,6;0,0;0,0;0,0;0,0;0,0;Matches;;0,0;0,0;;;42,4;1,07;-0,74;-0,36;1,03;0,96;89,85;0,0;0,0;0,0;0,0;0,0;0,0;0,07;0,0;0,0;0,0;;6,4;6,62;0,96;0,07;3,82;0,22;1,47;2,21;-0,74;0,0;0,0;0,29;0,0;0,0;0,0;0,0;;;0,0
353,0;Jakob Vester;dk DEN;MF,FW;Viborg;19,0;2004,0;12,2;0,33;0,0;0,33;0,33;0,33;Matches;40,0;1,64;0,66;0,2;0,5;38,0;1,46;0,33;0,18;2,13;0,9;89,75;0,33;0,0;0,33;0,33;0,0;0,0;0,16;0,0;1,64;0,66;;3,44;5,57;0,16;1,23;1,89;0,16;1,97;1,64;0,33;0,0;0,82;1,31;0,08;0,41;0,33;1,23;;;0,0
208,0;Jan Kuchta;cz CZE;FW;Midtjylland;27,0;1997,0;6,0;0,17;0,17;0,33;0,17;0,33;Matches;50,0;1,34;0,67;0,13;0,25;18,7;1,44;-0,84;-1,87;1,5;1,17;89,67;0,17;0,17;0,33;0,17;0,0;0,0;0,0;0,0;1,33;0,67;;10,0;11,17;0,17;0,33;5,5;0,33;1,17;2,0;-0,83;0,0;0,17;0,17;1,0;0,5;0,17;0,33;;;0,0
328,0;Jannich Storch;dk DEN;GK;Lyngby;31,0;1993,0;22,4;0,0;0,04;0,04;0,0;0,04;Matches;;0,0;0,0;;;69,9;0,79;-0,63;-0,31;1,07;1,03;89,87;0,0;0,04;0,04;0,0;0,0;0,0;0,09;0,0;0,0;0,0;;3,75;3,88;0,98;0,04;0,22;0,36;0,76;1,38;-0,62;0,0;0,13;0,13;0,0;0,0;0,0;0,0;;;0,0
245,0;Jean-Manuel Mbom;de GER;DF;Viborg;24,0;2000,0;25,4;0,04;0,08;0,12;0,04;0,12;Matches;14,3;0,55;0,08;0,07;0,5;79,3;1,41;0,2;-0,1;1,14;0,98;89,88;0,04;0,08;0,12;0,04;0,0;0,0;0,04;0,0;0,55;0,08;;3,11;3,43;0,79;0,16;1,02;0,04;1,73;1,54;0,2;0,0;0,55;0,67;0,0;1,54;0,91;1,02;;;0,0
239,0;Jens Martin Gammelby;dk DEN;DF;Silkeborg;29,0;1995,0;11,6;0,17;0,17;0,35;0,17;0,35;Matches;43,8;1,38;0,6;0,13;0,29;36,2;1,47;0,78;0,48;1,55;1,03;89,83;0,17;0,17;0,34;0,17;0,0;0,0;0,17;0,0;1,38;0,6;;5,0;7,16;0,78;0,52;0,6;1,03;2,07;1,29;0,78;0,0;0,95;0,17;0,17;1,81;0,43;0,52;;;0,0
14,0;Jeppe Andersen;dk DEN;MF,FW;Silkeborg;31,0;1992,0;19,3;0,16;0,05;0,21;0,16;0,21;Matches;32,0;1,3;0,41;0,12;0,38;60,3;1,53;0,31;-0,4;1,61;0,88;89,95;0,16;0,05;0,21;0,16;0,0;0,0;0,21;0,0;1,3;0,41;;2,9;4,09;0,21;0,73;1,45;0,05;1,66;1,35;0,31;0,0;1,04;1,04;0,16;0,57;0,41;0,47;;;0,0
135,0;Jeppe Grønning;dk DEN;MF;Viborg;33,0;1991,0;22,9;0,13;0,0;0,13;0,04;0,04;Matches;22,2;0,79;0,17;0,06;0,25;71,5;1,42;0,0;-0,77;1,14;1,14;89,87;0,13;0,0;0,13;0,04;0,09;0,13;0,44;0,0;0,79;0,17;;3,45;3,45;0,7;0,0;;0,09;1,62;1,62;0,0;0,0;2,14;1,22;0,04;0,35;1,7;1,4;;;0,04
320,0;Jeppe Simonsen;ht HAI;DF,MF;SønderjyskE;28,0;1995,0;3,3;0,0;0,0;0,0;0,0;0,0;Matches;0,0;0,31;0,0;0,0;;10,2;1,0;-0,92;-0,43;1,21;1,21;89,39;0,0;0,0;0,0;0,0;0,0;0,0;0,3;0,0;0,3;0,0;;22,42;22,42;0,3;0,0;;0,61;0,91;1,82;-0,91;0,0;0,61;0,3;0,0;0,91;1,52;1,52;;;0,0
346,0;Jeppe Tverskov;dk DEN;MF,DF;Nordsjælland;31,0;1993,0;14,8;0,07;0,27;0,34;0,07;0,34;Matches;28,6;0,47;0,13;0,14;0,5;46,4;1,53;0,27;0,68;1,01;1,01;90,27;0,07;0,27;0,34;0,07;0,0;0,0;0,27;0,0;0,47;0,14;;6,01;6,01;0,95;0,0;;0,0;1,76;1,49;0,27;0,0;0,61;1,22;0,0;0,41;1,62;1,22;;;0,0
88,0;Jesper Cornelius;dk DEN;FW,MF;Lyngby;23,0;2001,0;10,2;0,1;0,0;0,1;0,1;0,1;Matches;27,3;2,16;0,59;0,05;0,17;31,8;1,21;0,1;0,92;1,37;1,08;89,9;0,1;0,0;0,1;0,1;0,0;0,0;0,1;0,0;2,16;0,59;;6,47;7,16;0,1;0,29;3,63;0,0;1,18;1,08;0,1;0,0;1,08;1,18;0,29;0,49;0,49;0,49;;;0,0
143,0;Jesper Hansen;dk DEN;GK;AGF;39,0;1985,0;28,0;0,0;0,0;0,0;0,0;0,0;Matches;;0,0;0,0;;;87,5;1,43;0,5;2,25;1,0;1,0;90,0;0,0;0,0;0,0;0,0;0,0;0,0;0,0;0,0;0,0;0,0;;3,21;3,21;1,0;0,0;;0,14;1,71;1,21;0,5;0,0;0,0;0,14;0,0;0,0;0,0;0,04;;;0,0
20,0;Joel Andersson;se SWE;DF,MF;Midtjylland;27,0;1996,0;16,8;0,06;0,18;0,24;0,06;0,24;Matches;50,0;0,24;0,12;0,25;0,5;52,5;1,92;0,77;0,18;1,49;0,89;90,0;0,06;0,18;0,24;0,06;0,0;0,0;0,12;0,0;0,24;0,12;;3,57;5,06;0,71;0,6;1,37;0,24;2,02;1,25;0,77;0,0;0,48;0,48;0,06;4,82;0,77;1,07;;;0,0
51,0;John Björkengren;se SWE;MF;Randers;25,0;1998,0;31,0;0,03;0,06;0,1;0,03;0,1;Matches;16,7;0,19;0,03;0,17;1,0;96,7;1,5;0,32;3,2;1,0;1,0;89,87;0,03;0,06;0,1;0,03;0,0;0,0;0,19;0,0;0,19;0,03;;2,9;2,9;0,97;0,0;;0,0;1,77;1,45;0,32;0,0;0,97;1,26;0,0;0,39;1,16;1,65;;;0,0
170,0;John Iredale;au AUS;FW;Aalborg;24,0;1999,0;8,0;0,37;0,0;0,37;0,37;0,37;Matches;38,1;2,61;1,0;0,14;0,38;25,1;0,79;-0,5;0,71;1,75;1,25;90,38;0,38;0,0;0,38;0,38;0,0;0,0;0,0;0,0;2,62;1,0;;6,5;8,0;0,12;0,5;2,62;0,25;1,5;2,0;-0,5;0,0;0,62;0,25;0,88;0,12;0,12;0,25;;;0,0
1,0;Jonas Abbew;dk DEN;DF;AGF;22,0;2002,0;9,6;0,0;0,0;0,0;0,0;0,0;Matches;0,0;0,1;0,0;0,0;;30,0;1,41;-0,52;-1,06;1,77;1,04;90,1;0,0;0,0;0,0;0,0;0,0;0,0;0,0;0,1;0,1;0,0;;5,31;7,6;0,1;0,73;1,98;1,15;1,25;1,77;-0,52;0,0;0,83;0,1;0,1;0,21;0,94;0,52;;;0,0
207,0;Jonas Krumrey;de GER;GK;Lyngby;20,0;2003,0;3,0;0,0;0,0;0,0;0,0;0,0;Matches;;0,0;0,0;;;9,4;1,0;-0,33;0,22;1,0;1,0;90,0;0,0;0,0;0,0;0,0;0,0;0,0;0,0;0,0;0,0;0,0;;30,0;30,0;1,0;0,0;;0,67;0,67;1,0;-0,33;0,0;0,0;0,0;0,0;0,0;0,0;0,0;;;0,0
229,0;Jonas Lössl;dk DEN;GK;Midtjylland;35,0;1989,0;10,0;0,0;0,0;0,0;0,0;0,0;Matches;;0,0;0,0;;;31,3;2,0;1,2;0,75;1,0;1,0;90,0;0,0;0,0;0,0;0,0;0,0;0,0;0,0;0,0;0,0;0,0;;9,0;9,0;1,0;0,0;;2,2;2,4;1,2;1,2;0,0;0,0;0,1;0,0;0,0;0,0;0,0;;;0,0
12,0;Jonathan Amon;us USA;FW,MF;Lyngby;25,0;1999,0;15,8;0,19;0,0;0,19;0,19;0,19;Matches;35,0;1,26;0,44;0,15;0,43;49,5;0,65;-0,82;-0,57;1,46;1,01;90,25;0,19;0,0;0,19;0,19;0,0;0,0;0,06;0,0;1,27;0,44;;3,92;4,81;0,25;0,44;1,96;0,25;0,51;1,33;-0,82;0,0;1,01;1,46;0,25;2,28;0,32;0,44;;;0,0
370,0;Jonathan Ægidius;dk DEN;GK;Lyngby;22,0;2002,0;5,9;0,0;0,0;0,0;0,0;0,0;Matches;;0,0;0,0;;;18,6;1,33;-0,34;0,24;1,02;1,02;90,68;0,0;0,0;0,0;0,0;0,0;0,0;0,0;0,0;0,0;0,0;;15,08;15,08;0,85;0,0;;1,53;1,19;1,53;-0,34;0,0;0,0;0,17;0,0;0,0;0,0;0,0;;;0,0
217,0;Jordan Larsson;se SWE;MF,FW;FC Copenhagen;27,0;1997,0;14,3;0,56;0,14;0,7;0,56;0,7;Matches;45,2;2,16;0,98;0,26;0,57;44,8;2,21;0,77;-0,14;1,33;1,26;90,21;0,56;0,14;0,7;0,56;0,0;0,0;0,28;0,0;2,17;0,98;;4,76;4,97;0,07;0,07;0,42;0,35;1,75;0,98;0,77;0,0;0,84;1,12;0,07;1,4;0,63;0,56;;;0,0
348,0;Jordi Vanlerberghe;be BEL;DF;Brøndby;28,0;1996,0;15,9;0,13;0,0;0,13;0,13;0,13;Matches;18,8;1,01;0,19;0,13;0,67;49,7;1,73;0,69;0,63;1,38;1,01;89,94;0,13;0,0;0,13;0,13;0,0;0,0;0,31;0,0;1,01;0,19;;4,09;5,22;0,75;0,38;1,13;0,19;1,76;1,07;0,69;0,0;0,63;0,88;0,13;1,45;1,57;2,14;;;0,0
126,0;Jose Gallegos;us USA;MF,FW;SønderjyskE;22,0;2001,0;5,0;0,2;0,0;0,2;0,2;0,2;Matches;20,0;1,0;0,2;0,2;1,0;15,7;0,8;-1,39;-1,02;3,0;0,8;90,4;0,2;0,0;0,2;0,2;0,0;0,0;0,2;0,0;1,0;0,2;;6,0;12,0;0,0;2,2;3,8;2,6;1,2;2,6;-1,4;0,0;0,8;1,2;0,0;1,6;0,6;2,0;;;0,0
294,0;Josip Radošević;hr CRO;MF;Brøndby;30,0;1994,0;9,6;0,0;0,0;0,0;0,0;0,0;Matches;0,0;0,31;0,0;0,0;;29,9;1,73;0,63;0,36;1,56;1,15;89,79;0,0;0,0;0,0;0,0;0,0;0,0;0,1;0,0;0,31;0,0;;5,94;7,71;0,42;0,42;1,35;0,21;1,88;1,25;0,62;0,0;1,04;0,52;0,0;0,94;0,83;1,35;;;0,0
6,0;Jubril Adedeji;ng NGA;FW,MF;Aalborg;24,0;2000,0;3,3;0,0;0,0;0,0;0,0;0,0;Matches;0,0;2,75;0,0;0,0;;10,2;0,75;0,0;1,15;2,42;0,91;89,39;0,0;0,0;0,0;0,0;0,0;0,0;0,3;0,0;2,73;0,0;;11,21;18,18;0,0;1,52;6,97;1,21;1,52;1,52;0,0;0,0;1,82;3,64;0,3;0,61;0,61;0,3;;;0,0
213,0;Juho Lähteenmäki;fi FIN;DF;Nordsjælland;18,0;2006,0;11,9;0,0;0,0;0,0;0,0;0,0;Matches;0,0;0,25;0,0;0,0;;37,1;1,33;0,0;0,15;1,26;1,09;89,75;0,0;0,0;0,0;0,0;0,0;0,0;0,0;0,0;0,25;0,0;;5,97;6,64;0,42;0,17;1,68;0,0;1,6;1,6;0,0;0,0;0,59;0,84;0,0;1,01;0,59;1,51;;;0,0
261,0;Julius Nielsen;dk DEN;DF,MF;Silkeborg;18,0;2006,0;7,1;0,0;0,0;0,0;0,0;0,0;Matches;50,0;0,56;0,28;0,0;0,0;22,2;1,6;-0,14;-0,78;2,82;0,7;90,0;0,0;0,0;0,0;0,0;0,0;0,0;0,0;0,0;0,56;0,28;;4,51;9,72;0,28;2,11;2,68;1,69;1,27;1,41;-0,14;0,0;1,41;0,0;0,42;2,11;0,7;1,97;;;0,0
187,0;Juninho;br BRA;DF;Midtjylland;28,0;1995,0;4,7;0,21;0,0;0,21;0,21;0,21;Matches;33,3;1,93;0,64;0,11;0,33;14,5;1,78;0,21;-0,55;1,91;0,85;89,15;0,21;0,0;0,21;0,21;0,0;0,0;0,21;0,0;1,91;0,64;;10,0;16,6;0,43;1,06;4,68;0,85;1,7;1,49;0,21;0,0;1,06;0,21;0,0;0,43;1,06;0,64;;;0,0
227,0;Justin Lonwijk;sr SUR;MF;Viborg;24,0;1999,0;10,5;0,1;0,1;0,19;0,1;0,19;Matches;29,4;1,62;0,48;0,06;0,2;32,8;1,45;0,0;-0,33;1,9;1,05;90,0;0,1;0,1;0,19;0,1;0,0;0,0;0,57;0,0;1,62;0,48;;4,48;6,67;0,1;0,86;1,9;0,29;1,81;1,81;0,0;0,0;1,81;1,52;0,1;0,76;1,33;1,43;;;0,0
96,0;Kasper Davidsen;dk DEN;MF;Aalborg;19,0;2005,0;19,7;0,0;0,05;0,05;0,0;0,05;Matches;30,8;0,66;0,2;0,0;0,0;61,5;0,7;-0,81;0,56;1,37;1,22;89,85;0,0;0,05;0,05;0,0;0,0;0,0;0,3;0,0;0,66;0,2;;3,35;3,55;0,41;0,15;1,52;0,2;1,12;1,93;-0,81;0,0;1,88;1,62;0,0;0,1;1,22;2,03;;;0,0
254,0;Kasper Mølgaard Jørgensen;dk DEN;DF;Aalborg;24,0;1999,0;29,6;0,13;0,07;0,2;0,1;0,17;Matches;24,0;1,69;0,4;0,06;0,25;92,6;0,7;-1,05;-0,2;1,01;1,01;90,1;0,14;0,07;0,2;0,1;0,03;0,03;0,14;0,0;1,69;0,41;;3,01;3,01;0,95;0,0;;0,0;1,01;2,06;-1,05;0,0;0,47;0,68;0,03;3,72;1,08;0,74;;;0,0
184,0;Kelvin John;tz TAN;FW;Aalborg;21,0;2003,0;8,2;0,12;0,12;0,24;0,12;0,24;Matches;66,7;0,73;0,49;0,17;0,25;25,7;0,87;-2,44;-1,89;2,8;0,61;90,12;0,12;0,12;0,24;0,12;0,0;0,0;0,12;0,0;0,73;0,49;;3,9;8,54;0,0;2,2;2,68;0,98;0,49;2,93;-2,44;0,0;0,98;0,85;0,49;1,22;0,24;0,73;;;0,0
101,0;Kevin Diks;id IDN;DF;FC Copenhagen;27,0;1996,0;18,3;0,27;0,11;0,38;0,0;0,11;Matches;40,0;1,09;0,44;0,0;0,0;57,1;1,92;0,6;-0,56;1,31;1,04;89,84;0,27;0,11;0,38;0,0;0,27;0,27;0,11;0,0;1,09;0,44;;3,77;4,43;0,77;0,27;1,2;0,0;1,69;1,09;0,6;0,0;0,49;1,09;0,0;1,26;1,09;1,2;;;0,0
244,0;Kevin Mbabu;ch SUI;DF;Midtjylland;29,0;1995,0;19,4;0,1;0,05;0,15;0,1;0,15;Matches;33,3;0,62;0,21;0,17;0,5;60,6;1,96;0,41;-0,7;1,19;1,13;89,95;0,1;0,05;0,15;0,1;0,0;0,0;0,36;0,0;0,62;0,21;;3,92;4,07;0,57;0,05;0,36;0,0;1,8;1,39;0,41;0,0;1,49;0,88;0,1;4,74;1,19;1,6;;;0,0
144,0;Kian Hansen;dk DEN;DF;Nordsjælland;35,0;1989,0;12,5;0,0;0,0;0,0;0,0;0,0;Matches;0,0;0,24;0,0;0,0;;39,0;1,25;-0,72;-1,03;1,28;1,2;89,76;0,0;0,0;0,0;0,0;0,0;0,0;0,16;0,0;0,24;0,0;;5,6;5,84;0,48;0,08;1,92;0,48;1,36;2,08;-0,72;0,0;0,48;0,4;0,0;0,32;0,8;0,56;;;0,0
119,0;Kolbeinn Finnsson;is ISL;MF,DF;Lyngby;24,0;1999,0;5,0;0,0;0,0;0,0;0,0;0,0;Matches;20,0;1,0;0,2;0,0;0,0;15,6;0,4;-1,0;-0,56;1,0;1,0;90,0;0,0;0,0;0,0;0,0;0,0;0,0;0,0;0,0;1,0;0,2;;18,0;18,0;1,0;0,0;;0,0;0,6;1,6;-1,0;0,0;1,0;0,6;0,2;4,0;0,8;0,4;;;0,0
237,0;Kristall Máni Ingason;is ISL;FW,MF;SønderjyskE;22,0;2002,0;15,6;0,06;0,06;0,13;0,06;0,13;Matches;36,8;1,22;0,45;0,05;0,14;48,6;1,05;-1,09;-1,09;1,28;1,03;89,74;0,06;0,06;0,13;0,06;0,0;0,0;0,19;0,0;1,22;0,45;;4,49;5,0;0,32;0,26;2,44;0,0;1,15;2,24;-1,09;0,0;0,96;1,15;0,13;3,33;0,58;0,64;;;0,0
29,0;Kristian Arnstad;no NOR;MF;AGF;20,0;2003,0;18,0;0,06;0,06;0,11;0,06;0,11;Matches;30,0;1,11;0,33;0,05;0,17;56,2;0,88;-0,44;-1,51;1,33;1,0;89,89;0,06;0,06;0,11;0,06;0,0;0,0;0,33;0,0;1,11;0,33;;3,72;4,39;0,33;0,33;1,83;0,0;1,22;1,67;-0,44;0,0;1,61;1,39;0,0;2,17;0,72;1,5;;;0,0
196,0;Kristian Kirkegaard;dk DEN;MF,FW;Vejle BK;26,0;1997,0;20,6;0,1;0,05;0,15;0,1;0,15;Matches;16,7;1,45;0,24;0,07;0,4;64,5;0,86;-0,39;1,28;1,41;0,92;90,15;0,1;0,05;0,15;0,1;0,0;0,0;0,29;0,0;1,46;0,24;;3,11;4,03;0,49;0,49;1,36;0,0;1,41;1,8;-0,39;0,0;1,7;1,84;0,15;1,65;1,02;1,02;;;0,0
31,0;Kristoffer Askildsen;no NOR;MF;Midtjylland;23,0;2001,0;6,0;0,0;0,0;0,0;0,0;0,0;Matches;20,0;0,83;0,17;0,0;0,0;18,9;1,5;0,17;-0,64;2,0;1,0;90,5;0,0;0,0;0,0;0,0;0,0;0,0;0,17;0,0;0,83;0,17;;7,5;12,0;0,17;1,0;3,0;0,67;1,83;1,67;0,17;0,0;1,17;1,67;0,0;0,83;2,0;1,33;;;0,0
205,0;Lars Kramer;nl NED;DF;Aalborg;25,0;1999,0;28,0;0,0;0,04;0,04;0,0;0,04;Matches;15,0;0,71;0,11;0,0;0,0;87,6;0,83;-1,0;0,27;1,04;1,0;90,14;0,0;0,04;0,04;0,0;0,0;0,0;0,18;0,0;0,71;0,11;;3,11;3,14;0,96;0,04;1,71;0,07;1,21;2,21;-1,0;0,0;0,71;0,5;0,0;0,07;1,25;0,86;;;0,04
120,0;Lasse Flö;dk DEN;DF;Vejle BK;18,0;2005,0;7,9;0,0;0,0;0,0;0,0;0,0;Matches;0,0;0,13;0,0;0,0;;24,6;1,36;-0,38;0,61;1,39;1,27;89,62;0,0;0,0;0,0;0,0;0,0;0,0;0,13;0,0;0,13;0,0;;8,1;8,73;0,25;0,13;2,91;0,13;1,27;1,65;-0,38;0,0;0,63;1,27;0,0;1,9;1,52;1,14;;;0,0
312,0;Lauge Sandgrav;dk DEN;MF,FW;Lyngby;19,0;2004,0;24,5;0,04;0,12;0,16;0,04;0,16;Matches;5,0;0,82;0,04;0,05;1,0;76,5;0,84;-0,78;-1,04;1,31;1,06;89,92;0,04;0,12;0,16;0,04;0,0;0,0;0,04;0,0;0,82;0,04;;2,82;3,18;0,41;0,24;1,22;0,0;0,65;1,43;-0,78;0,0;0,9;1,31;0,08;0,69;0,98;1,27;;;0,0
283,0;Laurits Pedersen;dk DEN;MF;Randers;18,0;2006,0;6,3;0,0;0,16;0,16;0,0;0,16;Matches;0,0;0,16;0,0;0,0;;19,7;1,41;-0,32;-0,67;2,7;0,63;89,84;0,0;0,16;0,16;0,0;0,0;0,0;0,48;0,0;0,16;0,0;;5,24;10,48;0,0;2,06;3,65;1,27;1,9;2,22;-0,32;0,0;1,75;0,16;0,0;0,32;1,11;2,06;;;0,0
141,0;Lee Hanbeom;kr KOR;DF;Midtjylland;22,0;2002,0;8,1;0,0;0,12;0,12;0,0;0,12;Matches;20,0;0,61;0,12;0,0;0,0;25,5;2,82;1,6;1,22;1,36;0,99;90,49;0,0;0,12;0,12;0,0;0,0;0,0;0,0;0,0;0,62;0,12;;8,27;10,86;0,86;0,37;1,23;2,35;2,59;0,99;1,6;0,0;1,23;0,37;0,12;0,12;1,11;0,99;;;0,0
199,0;Leon Klassen;ru RUS;DF,MF;Lyngby;24,0;2000,0;18,5;0,05;0,16;0,22;0,05;0,22;Matches;36,4;0,59;0,22;0,09;0,25;57,9;0,95;-0,65;-0,28;1,19;0,97;90,11;0,05;0,16;0,22;0,05;0,0;0,0;0,38;0,05;0,59;0,22;;4,11;4,65;0,76;0,22;1,62;0,0;0,76;1,41;-0,65;0,05;0,81;1,19;0,0;6,54;1,73;1,03;;;0,0
357,0;Leopold Wahlstedt;se SWE;GK;AGF;25,0;1999,0;4,0;0,0;0,0;0,0;0,0;0,0;Matches;;0,0;0,0;;;12,5;0,0;-1,75;-2,25;1,0;1,0;90,0;0,0;0,0;0,0;0,0;0,0;0,0;0,0;0,0;0,0;0,0;;22,5;22,5;1,0;0,0;;5,0;1,25;3,0;-1,75;0,0;0,0;0,0;0,0;0,0;0,0;0,0;;;0,0
259,0;Levy Nene;gh GHA;FW;Nordsjælland;18,0;2006,0;6,5;0,46;0,15;0,61;0,46;0,61;Matches;58,3;3,67;2,14;0,13;0,21;20,5;1,53;-0,61;-0,65;2,92;0,92;90,62;0,46;0,15;0,62;0,46;0,0;0,0;0,15;0,0;3,69;2,15;;4,77;10,0;0,15;2,0;2,31;0,92;1,54;2,15;-0,62;0,0;2,0;2,0;0,77;0,31;0,46;0,46;;;0,0
292,0;Lirim Qamili;mk MKD;FW,MF;SønderjyskE;26,0;1998,0;22,9;0,48;0,22;0,7;0,39;0,61;Matches;47,3;2,4;1,14;0,16;0,35;71,5;1,15;-0,52;0,02;1,14;1,0;89,91;0,48;0,22;0,7;0,39;0,09;0,13;0,13;0,0;2,4;1,14;;3,45;3,76;0,57;0,13;1,27;0,0;1,57;2,1;-0,52;0,0;1,57;1,4;0,44;1,27;0,48;0,96;;;0,0
157,0;Lucas Hey;dk DEN;DF;Nordsjælland;21,0;2003,0;16,0;0,06;0,13;0,19;0,06;0,19;Matches;50,0;0,25;0,13;0,25;0,5;49,9;1,53;0,19;0,56;1,06;1,0;89,88;0,06;0,12;0,19;0,06;0,0;0,0;0,19;0,0;0,25;0,12;;5,31;5,56;0,94;0,06;1,0;0,0;1,81;1,62;0,19;0,0;0,75;1,44;0,0;0,12;1,06;0,69;;;0,0
165,0;Lucas Høgsberg;dk DEN;DF;Nordsjælland;18,0;2006,0;23,9;0,0;0,04;0,04;0,0;0,04;Matches;0,0;0,13;0,0;0,0;;74,8;1,36;-0,13;-0,13;1,17;0,96;90,13;0,0;0,04;0,04;0,0;0,0;0,0;0,21;0,0;0,13;0,0;;3,22;3,77;0,96;0,21;0,71;0,13;1,63;1,76;-0,13;0,0;0,71;1,05;0,0;0,59;1,0;1,0;;;0,04
226,0;Lucas Lissens;be BEL;DF;Lyngby;23,0;2001,0;27,1;0,04;0,04;0,07;0,04;0,07;Matches;21,7;0,85;0,18;0,04;0,2;84,6;0,93;-0,52;0,09;1,03;1,0;89,89;0,04;0,04;0,07;0,04;0,0;0,0;0,15;0,0;0,85;0,18;;3,21;3,28;0,96;0,04;1,66;0,0;0,85;1,37;-0,52;0,0;0,85;0,74;0,04;0,41;1,85;1,33;;;0,0
230,0;Lucas Lund Pedersen;dk DEN;GK;Viborg;24,0;2000,0;18,0;0,0;0,0;0,0;0,0;0,0;Matches;;0,0;0,0;;;56,3;1,33;0,0;-0,5;1,0;1,0;90,0;0,0;0,0;0,0;0,0;0,0;0,0;0,0;0,0;0,0;0,0;;5,0;5,0;1,0;0,0;;0,78;1,89;1,89;0,0;0,0;0,0;0,11;0,0;0,0;0,0;0,0;;;0,0
162,0;Luka Hujber;hr CRO;DF,MF;Vejle BK;25,0;1999,0;10,4;0,0;0,1;0,1;0,0;0,1;Matches;0,0;0,29;0,0;0,0;;32,5;0,74;-1,06;-0,32;1,83;0,87;90,0;0,0;0,1;0,1;0,0;0,0;0,0;0,19;0,0;0,29;0,0;;4,71;7,31;0,38;0,96;2,5;0,77;1,15;2,21;-1,06;0,0;1,73;0,48;0,0;1,44;1,44;2,69;;;0,0
52,0;Lukas Björklund;se SWE;MF;SønderjyskE;20,0;2004,0;20,0;0,1;0,1;0,2;0,1;0,2;Matches;57,1;0,7;0,4;0,14;0,25;62,4;1,1;-0,7;-0,45;1,55;1,25;89,85;0,1;0,1;0,2;0,1;0,0;0,0;0,3;0,0;0,7;0,4;;2,9;3,3;0,05;0,3;1,3;0,0;1,5;2,2;-0,7;0,0;2,3;1,0;0,1;0,9;0,75;0,4;;;0,0
222,0;Lukas Lerager;dk DEN;MF;FC Copenhagen;31,0;1993,0;17,4;0,06;0,0;0,06;0,06;0,06;Matches;35,3;0,98;0,35;0,06;0,17;54,3;2,25;0,98;0,29;1,38;0,92;89,94;0,06;0,0;0,06;0,06;0,0;0,0;0,17;0,0;0,98;0,34;;3,74;4,89;0,69;0,46;1,55;0,23;1,9;0,92;0,98;0,0;2,01;0,86;0,23;0,46;0,92;2,13;;;0,0
156,0;Lundrim Hetemi;dk DEN;MF;Vejle BK;24,0;2000,0;27,4;0,0;0,04;0,04;0,0;0,04;Matches;15,4;0,95;0,15;0,0;0,0;85,6;0,88;-0,73;0,78;1,17;1,09;89,93;0,0;0,04;0,04;0,0;0,0;0,0;0,15;0,0;0,95;0,15;;2,81;2,96;0,69;0,07;0,73;0,0;1,2;1,93;-0,73;0,0;1,02;1,46;0,0;0,22;0,99;1,35;;;0,0
7,0;Mads Agger;dk DEN;FW,MF;SønderjyskE;24,0;1999,0;17,7;0,45;0,17;0,62;0,45;0,62;Matches;52,6;2,15;1,13;0,21;0,4;55,2;1,12;-0,4;0,3;1,47;1,13;89,77;0,45;0,17;0,62;0,45;0,0;0,0;0,17;0,0;2,15;1,13;;3,45;3,9;0,17;0,34;1,98;0,06;1,58;1,98;-0,4;0,0;0,51;0,4;0,28;4,18;0,51;1,13;;;0,0
42,0;Mads Bech Sørensen;dk DEN;DF;Midtjylland;25,0;1999,0;30,3;0,03;0,07;0,1;0,03;0,1;Matches;18,2;0,36;0,07;0,09;0,5;94,8;1,97;0,73;0,73;1,02;0,99;90,1;0,03;0,07;0,1;0,03;0,0;0,0;0,03;0,0;0,36;0,07;;2,9;2,97;0,99;0,03;0,99;0,03;2,05;1,32;0,73;0,0;0,63;1,02;0,03;0,53;0,92;0,66;;;0,0
56,0;Mads Bomholt;dk DEN;MF;Aalborg;18,0;2005,0;16,2;0,19;0,0;0,19;0,19;0,19;Matches;40,9;1,36;0,56;0,14;0,33;50,6;0,72;-0,68;0,71;1,79;0,93;89,94;0,19;0,0;0,19;0,19;0,0;0,0;0,12;0,0;1,36;0,56;;3,09;4,69;0,19;0,86;1,42;0,12;1,23;1,91;-0,68;0,0;1,6;1,05;0,0;0,62;0,93;1,42;;;0,0
113,0;Mads Emil Madsen;dk DEN;MF;AGF;26,0;1998,0;29,3;0,17;0,1;0,27;0,17;0,27;Matches;38,8;1,67;0,65;0,1;0,26;91,5;1,19;0,03;-2,17;1,06;1,02;89,93;0,17;0,1;0,27;0,17;0,0;0,0;0,17;0,03;1,67;0,65;;2,9;2,97;0,75;0,03;0,99;0,0;1,54;1,5;0,03;0,03;0,78;1,23;0,03;1,23;1,02;1,64;;;0,0
117,0;Mads Enggård;dk DEN;MF;Randers;20,0;2004,0;3,7;0,27;0,0;0,27;0,27;0,27;Matches;100,0;0,27;0,27;1,0;1,0;11,7;1,75;0,27;0,06;1,08;1,08;90,81;0,27;0,0;0,27;0,27;0,0;0,0;0,0;0,0;0,27;0,27;;22,7;22,7;0,54;0,0;;0,0;1,89;1,62;0,27;0,0;1,35;1,08;0,0;8,92;0,27;1,62;;;0,0
123,0;Mads Freundlich;dk DEN;MF;Silkeborg;21,0;2003,0;18,3;0,05;0,05;0,11;0,05;0,11;Matches;40,0;0,27;0,11;0,2;0,5;57,2;1,54;0,22;-0,58;1,48;1,09;89,95;0,05;0,05;0,11;0,05;0,0;0,0;0,16;0,0;0,27;0,11;;3,33;4,1;0,27;0,38;1,2;0,05;1,53;1,31;0,22;0,0;1,2;1,69;0,0;0,49;1,37;0,82;;;0,0
215,0;Mads Larsen;dk DEN;MF;Silkeborg;22,0;2001,0;26,4;0,04;0,11;0,15;0,04;0,15;Matches;16,7;0,68;0,11;0,06;0,33;82,5;1,58;0,3;-0,95;1,21;1,14;90,04;0,04;0,11;0,15;0,04;0,0;0,0;0,0;0,0;0,68;0,11;;2,8;2,88;0,49;0,08;1,89;0,0;1,7;1,4;0,3;0,0;0,49;1,1;0,0;0,49;1,48;0,64;;;0,0
332,0;Mads Søndergaard;dk DEN;MF;Viborg;21,0;2002,0;5,3;0,0;0,57;0,57;0,0;0,57;Matches;0,0;0,76;0,0;0,0;;16,5;1,5;1,13;1,1;2,64;0,57;89,81;0,0;0,57;0,57;0,0;0,0;0,0;0,94;0,0;0,75;0,0;;6,42;16,42;0,19;2,08;3,58;0,94;2,26;1,13;1,13;0,0;3,58;0,94;0,0;2,45;0,75;1,51;;;0,0
178,0;Magnus Jensen;dk DEN;DF;Lyngby;27,0;1996,0;24,7;0,04;0,12;0,16;0,04;0,16;Matches;29,4;0,69;0,2;0,06;0,2;77,0;0,86;-0,41;0,55;1,13;0,97;89,84;0,04;0,12;0,16;0,04;0,0;0,0;0,2;0,0;0,69;0,2;;3,2;3,56;0,93;0,16;1,09;0,0;0,85;1,26;-0,4;0,0;0,69;0,65;0,08;0,45;1,05;0,81;;;0,0
242,0;Magnus Mattsson;dk DEN;MF,FW;FC Copenhagen;25,0;1999,0;14,3;0,21;0,07;0,28;0,14;0,21;Matches;41,0;2,72;1,12;0,05;0,13;44,8;2,03;0,77;-0,14;2,17;1,12;90,21;0,21;0,07;0,28;0,14;0,07;0,07;0,14;0,0;2,73;1,12;;2,94;4,48;0,07;1,05;1,26;0,0;2,03;1,26;0,77;0,0;1,47;1,33;0,07;4,06;0,49;1,33;;;0,0
358,0;Magnus Warming;dk DEN;FW;Lyngby;24,0;2000,0;5,0;0,0;0,0;0,0;0,0;0,0;Matches;40,0;2,0;0,8;0,0;0,0;15,6;0,64;0,2;0,87;2,2;0,8;89,8;0,0;0,0;0,0;0,0;0,0;0,0;0,2;0,0;2,0;0,8;;8,2;13,2;0,2;1,4;5,2;0,8;1,6;1,4;0,2;0,0;2,4;1,8;0,2;1,8;0,4;0,4;;;0,0
360,0;Magnus Westergaard;dk DEN;MF;Viborg;26,0;1998,0;13,5;0,15;0,22;0,37;0,15;0,37;Matches;23,8;1,56;0,37;0,1;0,4;42,1;1,2;0,15;-0,12;1,11;1,11;89,85;0,15;0,22;0,37;0,15;0,0;0,0;0,44;0,07;1,56;0,37;;6,0;6,0;0,44;0,0;;0,0;1,56;1,41;0,15;0,07;1,7;1,93;0,15;0,52;1,33;1,33;;;0,0
2,0;Malik Abubakari;gh GHA;FW;Lyngby;24,0;2000,0;7,4;0,0;0,0;0,0;0,0;0,0;Matches;13,0;3,11;0,41;0,0;0,0;23,1;0,71;-0,27;0,34;2,3;0,95;89,86;0,0;0,0;0,0;0,0;0,0;0,14;0,68;0,0;3,11;0,41;;5,27;10,0;0,54;1,35;2,03;0,54;0,95;1,22;-0,27;0,0;2,3;0,68;0,14;0,54;0,14;0,14;;;0,0
90,0;Marc Dal Hende;dk DEN;DF;SønderjyskE;33,0;1990,0;12,9;0,08;0,15;0,23;0,08;0,23;Matches;16,7;0,46;0,08;0,17;1,0;40,4;1,59;0,31;1,41;1,32;0,93;90,23;0,08;0,16;0,23;0,08;0,0;0,0;0,23;0,0;0,47;0,08;;5,27;6,98;0,85;0,39;1,32;0,85;1,86;1,55;0,31;0,0;0,62;0,54;0,0;1,09;1,32;1,24;;;0,0
262,0;Marc Nielsen;dk DEN;DF;Aalborg;23,0;2001,0;3,2;0,0;0,0;0,0;0,0;0,0;Matches;;0,0;0,0;;;9,9;1,0;-2,52;-1,65;3,75;0,31;89,38;0,0;0,0;0,0;0,0;0,0;0,0;0,62;0,0;0,0;0,0;;7,5;28,12;0,31;3,44;5,62;4,38;0,62;3,12;-2,5;0,0;0,94;1,88;0,0;2,81;0,94;0,94;;;0,0
308,0;Marcel Rømer;dk DEN;MF;Lyngby;32,0;1991,0;3,7;0,0;0,0;0,0;0,0;0,0;Matches;0,0;0,27;0,0;0,0;;11,4;0,73;-0,82;-0,33;2,97;0,81;88,92;0,0;0,0;0,0;0,0;0,0;0,0;0,81;0,0;0,27;0,0;;8,11;19,73;0,27;2,16;3,78;2,7;0,54;1,35;-0,81;0,0;2,7;2,7;0,0;1,35;1,08;0,81;;;0,0
228,0;Marcos López;pe PER;DF;FC Copenhagen;24,0;1999,0;14,2;0,07;0,21;0,28;0,07;0,28;Matches;25,0;0,85;0,21;0,08;0,33;44,3;2,18;1,27;0,76;1,2;1,06;89,86;0,07;0,21;0,28;0,07;0,0;0,0;0,14;0,07;0,85;0,21;;5,28;5,63;0,63;0,14;2,82;0,28;2,18;0,92;1,27;0,0;0,92;1,76;0,0;4,44;1,41;1,41;;;0,0
68,0;Marcus Bundgaard Sørensen;dk DEN;GK;SønderjyskE;22,0;2001,0;14,0;0,0;0,0;0,0;0,0;0,0;Matches;;0,0;0,0;;;43,8;1,29;-0,14;0,69;1,0;1,0;90,0;0,0;0,0;0,0;0,0;0,0;0,0;0,0;0,0;0,0;0,0;;6,43;6,43;1,0;0,0;;0,0;1,64;1,79;-0,14;0,0;0,0;0,14;0,0;0,0;0,07;0,0;;;0,0
169,0;Marcus Ingvartsen;dk DEN;FW;Nordsjælland;28,0;1996,0;15,3;0,33;0,07;0,39;0,26;0,33;Matches;40,0;2,62;1,05;0,1;0,25;47,8;1,53;0,2;0,56;1,11;1,11;89,93;0,33;0,07;0,39;0,26;0,07;0,2;0,2;0,0;2,61;1,05;;5,29;5,29;0,65;0,0;;0,0;1,9;1,7;0,2;0,0;1,76;0,65;0,26;0,39;0,39;0,13;;;0,07
105,0;Mario Dorgeless;ci CIV;MF,FW;Nordsjælland;19,0;2004,0;24,7;0,08;0,16;0,24;0,08;0,24;Matches;28,6;1,7;0,49;0,05;0,17;77,3;1,43;0,08;0,77;1,21;1,13;90,08;0,08;0,16;0,24;0,08;0,0;0,0;0,12;0,0;1,7;0,49;;3,0;3,12;0,32;0,08;1,3;0,04;1,74;1,66;0,08;0,0;0,93;1,13;0,08;1,05;0,93;1,34;;;0,0
202,0;Marius Kolind;dk DEN;MF,DF;Vejle BK;22,0;2002,0;11,1;0,0;0,09;0,09;0,0;0,09;Matches;36,4;0,99;0,36;0,0;0,0;34,8;0,71;-1,17;-0,5;1,89;0,72;90,36;0,0;0,09;0,09;0,0;0,0;0,0;0,18;0,0;0,99;0,36;;4,32;7,66;0,54;1,17;2,25;0,54;0,9;2,07;-1,17;0,0;1,62;1,26;0,0;1,62;0,99;0,81;;;0,0
60,0;Mark Brink;dk DEN;MF;Nordsjælland;26,0;1998,0;22,5;0,0;0,04;0,04;0,0;0,04;Matches;14,3;0,62;0,09;0,0;0,0;70,3;1,46;0,0;0,32;1,07;1,07;89,96;0,0;0,04;0,04;0,0;0,0;0,0;0,09;0,0;0,62;0,09;;3,73;3,73;0,53;0,0;;0,0;1,6;1,6;0,0;0,0;0,71;0,4;0,0;0,4;0,8;1,11;;;0,0
61,0;Mark Brink;dk DEN;MF;Silkeborg;26,0;1998,0;5,0;0,0;0,2;0,2;0,0;0,2;Matches;14,3;0,62;0,09;0,0;0,0;70,3;1,46;0,0;0,32;1,0;1,0;89,8;0,0;0,2;0,2;0,0;0,0;0,0;0,0;0,2;2,8;0,4;;16,8;16,8;2,4;0,0;;0,0;7,2;7,2;0,0;0,0;3,2;1,8;0,0;1,8;3,6;5,0;;;0,0
102,0;Marko Divkovic;hr CRO;MF,DF;Brøndby;25,0;1999,0;16,4;0,06;0,18;0,24;0,06;0,24;Matches;30,4;1,4;0,43;0,04;0,14;51,4;1,41;0,06;-0,65;1,65;0,79;90,24;0,06;0,18;0,24;0,06;0,0;0,0;0,12;0,0;1,4;0,43;;3,35;5,18;0,55;0,85;1,65;0,0;1,65;1,59;0,06;0,0;0,91;0,98;0,06;5,12;1,4;1,59;;;0,0
134,0;Mathias Greve;dk DEN;MF;Randers;29,0;1995,0;22,4;0,22;0,22;0,45;0,22;0,45;Matches;33,3;2,14;0,71;0,33;1,0;4,4;2,25;0,71;0,35;1,07;1,07;89,87;0,22;0,22;0,45;0,22;0,0;0,0;0,0;0,0;0,13;0,04;;1,43;2,77;0,0;0,13;0,94;0,09;0,04;0,0;0,04;0,0;0,04;0,0;0,0;0,04;0,04;0,04;;;0,0
153,0;Mathias Hebo;dk DEN;MF;Lyngby;28,0;1995,0;12,1;0,0;0,0;0,0;0,0;0,0;Matches;16,7;0,99;0,17;0,0;0,0;37,7;0,86;-0,25;0,45;1,74;0,99;89,83;0,0;0,0;0,0;0,0;0,0;0,0;0,41;0,0;0,99;0,17;;4,3;6,36;0,58;0,74;1,49;0,08;0,91;1,16;-0,25;0,0;0,66;1,16;0,0;0,25;0,66;0,33;;;0,0
190,0;Mathias Jørgensen;dk DEN;FW,MF;Aalborg;23,0;2000,0;32,0;0,31;0,16;0,47;0,28;0,44;Matches;35,4;2,47;0,87;0,11;0,32;100,0;0,75;-1,03;;1,0;1,0;90,0;0,31;0,16;0,47;0,28;0,03;0,06;0,0;0,0;2,47;0,88;;2,81;2,81;1,0;0,0;;0,0;1,06;2,09;-1,03;0,0;0,31;0,31;0,34;2,25;0,19;0,25;;;0,0
211,0;Mathias Kvistgaarden;dk DEN;FW,MF;Brøndby;22,0;2002,0;22,3;0,76;0,22;0,99;0,76;0,99;Matches;48,8;3,58;1,75;0,21;0,44;69,8;1,59;0,58;0,69;1,3;1,17;90,09;0,76;0,22;0,99;0,76;0,0;0,0;0,18;0,0;3,59;1,75;;3,09;3,32;0,4;0,13;1,21;0,0;1,97;1,39;0,58;0,0;1,79;2,11;0,76;0,76;0,18;0,36;;;0,0
270,0;Matti Olsen;dk DEN;DF;SønderjyskE;29,0;1995,0;4,1;0,0;0,0;0,0;0,0;0,0;Matches;0,0;0,49;0,0;0,0;;12,8;0,71;-0,97;-0,51;1,71;0,98;90,24;0,0;0,0;0,0;0,0;0,0;0,0;0,0;0,0;0,49;0,0;;12,93;20,0;0,49;0,73;3,66;1,95;1,71;2,68;-0,98;0,0;0,24;0,49;0,0;0,49;0,98;0,98;;;0,0
324,0;Maxime Soulas;fr FRA;DF;SønderjyskE;25,0;1999,0;30,5;0,07;0,07;0,13;0,07;0,13;Matches;15,8;0,62;0,1;0,11;0,67;95,3;1,1;-0,59;-1,26;1,02;1,02;90,0;0,07;0,07;0,13;0,07;0,0;0,0;0,2;0,0;0,62;0,1;;2,92;2,92;0,98;0,0;;0,0;1,48;2,07;-0,59;0,0;0,79;0,33;0,0;0,07;0,98;1,08;;;0,0
361,0;Melker Widell;se SWE;MF;Aalborg;22,0;2002,0;24,7;0,12;0,12;0,24;0,12;0,24;Matches;21,6;2,07;0,45;0,06;0,27;77,0;0,78;-0,85;0,78;1,09;1,01;89,84;0,12;0,12;0,24;0,12;0,0;0,0;0,24;0,04;2,06;0,45;;3,32;3,48;0,65;0,08;1,62;0,0;1,09;1,94;-0,85;0,04;1,09;2,35;0,08;6,76;0,65;1,26;;;0,0
9,0;Michael Akoto;de GER;DF;AGF;27,0;1997,0;3,1;0,0;0,0;0,0;0,0;0,0;Matches;100,0;0,33;0,33;0,0;0,0;9,6;1,5;1,3;1,2;2,58;0,97;89,03;0,0;0,0;0,0;0,0;0,0;0,0;0,0;0,0;0,32;0,32;;11,29;20,65;0,0;1,61;5,48;1,29;3,23;1,94;1,29;0,0;0,32;1,61;0,0;0,32;2,26;1,61;;;0,0
275,0;Michael Opoku;dk DEN;MF,FW;Lyngby;19,0;2005,0;10,9;0,37;0,0;0,37;0,37;0,37;Matches;35,3;3,11;1,1;0,12;0,33;34,1;0,52;-0,73;-0,31;1,93;0,92;90,18;0,37;0,0;0,37;0,37;0,0;0,09;0,18;0,0;3,12;1,1;;4,31;6,42;0,18;1,01;2,39;0,83;0,92;1,65;-0,73;0,0;1,28;1,1;0,55;2,39;0,18;0,37;;;0,0
16,0;Mikael Anderson;is ISL;MF,FW;AGF;26,0;1998,0;27,9;0,21;0,21;0,43;0,21;0,43;Matches;39,7;2,61;1,04;0,08;0,21;87,3;1,23;0,29;0,53;1,08;1,0;90,11;0,22;0,22;0,43;0,22;0,0;0,0;0,18;0,0;2,62;1,04;;3,01;3,15;0,79;0,07;0,72;0,0;1,72;1,43;0,29;0,0;1,18;2,19;0,25;3,76;0,39;0,68;;;0,0
340,0;Mike Themsen;dk DEN;MF,FW;Randers;18,0;2006,0;4,7;0,21;0,0;0,21;0,21;0,21;Matches;40,0;1,07;0,43;0,2;0,5;14,6;1,26;-0,43;-0,76;3,83;0,64;89,36;0,21;0,0;0,21;0,21;0,0;0,0;0,0;0,0;1,06;0,43;;4,89;13,83;0,0;3,19;3,19;1,91;1,06;1,49;-0,43;0,0;0,85;1,28;0,21;3,19;0,43;0,43;;;0,0
185,0;Mikel Johnsen;dk DEN;MF,FW;Midtjylland;17,0;2006,0;9,8;0,31;0,31;0,61;0,31;0,61;Matches;46,7;1,53;0,71;0,2;0,43;30,7;1,75;1,02;0,48;2,04;1,12;90,31;0,31;0,31;0,61;0,31;0,0;0,0;0,1;0,0;1,53;0,71;;4,49;6,02;0,0;0,92;2,65;0,2;1,94;0,92;1,02;0,0;0,31;2,76;0,0;3,78;0,31;0,61;;;0,0
168,0;Milan Iloski;us USA;FW,MF;Nordsjælland;25,0;1999,0;3,5;0,57;0,0;0,57;0,57;0,57;Matches;44,4;5,16;2,29;0,11;0,25;10,9;1,5;-0,29;-0,22;4,57;0,0;89,71;0,57;0,0;0,57;0,57;0,0;0,0;0,0;0,0;5,14;2,29;;5,71;;0,0;4,57;5,71;1,71;2,0;2,29;-0,29;0,0;3,14;2,86;0,86;1,71;0,0;0,29;;;0,0
296,0;Mileta Rajovic;dk DEN;FW;Brøndby;25,0;1999,0;13,6;0,37;0,15;0,52;0,29;0,44;Matches;36,6;3,02;1,11;0,1;0,27;42,4;1,63;0,29;-0,14;1,76;0,74;89,78;0,37;0,15;0,51;0,29;0,07;0,07;0,07;0,0;3,01;1,1;;3,75;6,47;0,59;1,03;1,76;0,07;1,69;1,4;0,29;0,0;0,51;0,22;0,22;0,22;0,07;0,22;;;0,0
80,0;Mohamed Cherif Haidara;gn GUI;MF;SønderjyskE;18,0;2006,0;6,1;0,16;0,0;0,16;0,16;0,16;Matches;50,0;0,98;0,49;0,17;0,33;19,1;1,24;-1,31;-0,96;2,79;0,66;90,16;0,16;0,0;0,16;0,16;0,0;0,0;0,33;0,0;0,98;0,49;;5,25;12,3;0,33;2,13;3,11;1,8;1,31;2,62;-1,31;0,0;3,11;1,48;0,0;0,0;0,98;2,3;;;0,0
111,0;Mohamed Elyounoussi;no NOR;MF,FW;FC Copenhagen;29,0;1994,0;22,2;0,36;0,31;0,67;0,36;0,67;Matches;34,5;3,78;1,3;0,1;0,28;69,5;1,89;0,99;0,48;1,22;0,95;90,18;0,36;0,32;0,68;0,36;0,0;0,05;0,0;0,0;3,78;1,31;;3,33;3,92;0,68;0,27;1,35;0,0;1,94;0,95;0,99;0,0;0,95;1,44;0,27;4,46;0,72;0,63;;;0,0
342,0;Mohamed Toure;au AUS;FW;Randers;20,0;2004,0;14,8;0,47;0,2;0,67;0,4;0,61;Matches;51,4;2,36;1,21;0,17;0,33;46,4;1,46;0,54;0,6;1,82;0,95;90,2;0,47;0,2;0,68;0,41;0,07;0,07;0,14;0,0;2,36;1,22;;3,31;4,93;0,14;0,88;1,62;0,0;2,03;1,49;0,54;0,0;1,15;1,42;0,81;0,34;0,07;0,2;;;0,0
129,0;Munashe Garan'anga;zw ZIM;DF;FC Copenhagen;23,0;2001,0;7,1;0,0;0,0;0,0;0,0;0,0;Matches;16,7;0,85;0,14;0,0;0,0;22,1;1,91;0,85;0,01;1,55;0,99;89,58;0,0;0,0;0,0;0,0;0,0;0,0;0,0;0,0;0,85;0,14;;8,17;11,27;0,7;0,56;2,68;1,97;1,83;0,99;0,85;0,0;0,7;0,42;0,0;0,0;2,11;0,99;;;0,0
189,0;Musa Juwara;gm GAM;MF,FW;Vejle BK;22,0;2001,0;14,4;0,28;0,21;0,49;0,28;0,49;Matches;37,2;2,98;1,11;0,09;0,25;45,0;0,83;-1,25;-0,74;2,01;0,76;90,07;0,28;0,21;0,49;0,28;0,0;0,0;0,28;0,0;2,99;1,11;;3,12;5,62;0,35;1,25;1,53;0,14;1,18;2,43;-1,25;0,0;1,04;1,11;0,28;7,64;1,04;1,74;;;0,0
182,0;Mylian Jimenez;nl NED;MF,DF;Aalborg;21,0;2003,0;14,5;0,0;0,07;0,07;0,0;0,07;Matches;18,2;0,76;0,14;0,0;0,0;45,3;0,7;-1,73;-1,27;1,86;0,9;89,93;0,0;0,07;0,07;0,0;0,0;0,0;0,48;0,0;0,76;0,14;;3,31;4,83;0,14;0,97;1,93;0,07;0,83;2,55;-1,72;0,0;1,38;0,83;0,0;4,55;1,1;1,52;;;0,0
344,0;Nathan Trott;eng ENG;GK;FC Copenhagen;25,0;1998,0;17,0;0,0;0,0;0,0;0,0;0,0;Matches;;0,0;0,0;;;53,1;1,88;0,71;-0,29;1,0;1,0;90,0;0,0;0,0;0,0;0,0;0,0;0,0;0,0;0,0;0,0;0,0;;5,29;5,29;1,0;0,0;;0,88;2,0;1,29;0,71;0,0;0,0;0,06;0,0;0,0;0,0;0,0;;;0,0
155,0;Nicklas Helenius;dk DEN;FW;Aalborg;33,0;1991,0;6,3;0,47;0,47;0,95;0,47;0,95;Matches;27,3;1,74;0,47;0,27;1,0;19,8;0,75;0,0;1,29;2,54;0,63;90,32;0,48;0,48;0,95;0,48;0,0;0,0;0,0;0,0;1,75;0,48;;5,71;10,63;0,0;1,9;3,97;0,16;1,59;1,59;0,0;0,0;0,79;1,11;0,32;0,16;0,32;0,32;;;0,0
121,0;Nicolai Flø;dk DEN;GK;SønderjyskE;28,0;1995,0;4,4;0,0;0,0;0,0;0,0;0,0;Matches;;0,0;0,0;;;13,8;0,8;-1,13;-0,7;1,14;1,14;90,45;0,0;0,0;0,0;0,0;0,0;0,0;0,0;0,0;0,0;0,0;;18,18;18,18;0,91;0,0;;4,55;0,91;2,05;-1,14;0,0;0,0;0,23;0,0;0,0;0,0;0,0;;;0,0
216,0;Nicolai Larsen;dk DEN;GK;Silkeborg;33,0;1991,0;30,5;0,0;0,0;0,0;0,0;0,0;Matches;;0,0;0,0;;;95,3;1,63;0,59;2,59;1,02;1,02;90,0;0,0;0,0;0,0;0,0;0,0;0,0;0,03;0,0;0,0;0,0;;2,92;2,92;0,98;0,0;;0,03;1,8;1,21;0,59;0,0;0,0;0,23;0,0;0,0;0,0;0,0;;;0,0
287,0;Nicolai Poulsen;dk DEN;MF;AGF;30,0;1993,0;22,0;0,05;0,09;0,14;0,05;0,14;Matches;45,5;0,5;0,23;0,09;0,2;68,9;1,29;0,32;0,32;1,27;1,09;90,18;0,05;0,09;0,14;0,05;0,0;0,0;0,27;0,0;0,5;0,23;;3,23;3,5;0,45;0,18;1,64;0,0;1,64;1,32;0,32;0,0;1,68;1,09;0,0;0,41;1,27;1,18;;;0,0
347,0;Nicolai Vallys;dk DEN;MF,FW;Brøndby;27,0;1996,0;19,9;0,25;0,1;0,35;0,25;0,35;Matches;43,2;1,86;0,8;0,14;0,31;62,2;1,52;0,3;-0,19;1,26;0,9;90,05;0,25;0,1;0,35;0,25;0,0;0,0;0,1;0,0;1,86;0,8;;3,62;4,42;0,55;0,35;1,56;0,0;1,71;1,41;0,3;0,0;0,8;0,5;0,3;0,65;0,5;0,75;;;0,0
69,0;Nicolas Bürgy;ch SUI;DF;Viborg;28,0;1995,0;11,5;0,09;0,0;0,09;0,09;0,09;Matches;36,4;0,96;0,35;0,09;0,25;36,0;1,46;0,61;0,61;1,13;0,96;90,09;0,09;0,0;0,09;0,09;0,0;0,0;0,26;0,0;0,96;0,35;;6,96;7,83;0,96;0,17;2,0;0,35;2,0;1,39;0,61;0,0;0,43;0,17;0,0;0,26;1,83;0,43;;;0,0
109,0;Nikolas Dyhr;dk DEN;DF;Randers;23,0;2001,0;22,6;0,04;0,13;0,18;0,04;0,18;Matches;40,0;0,22;0,09;0,2;0,5;70,5;1,37;0,31;0,31;1,15;1,02;89,87;0,04;0,13;0,18;0,04;0,0;0,0;0,09;0,0;0,22;0,09;;3,45;3,67;0,35;0,13;1,68;0,0;1,77;1,46;0,31;0,0;0,31;0,4;0,13;2,08;0,75;0,88;;;0,0
238,0;Noah Markmann;dk DEN;DF;Nordsjælland;17,0;2007,0;3,8;0,0;0,0;0,0;0,0;0,0;Matches;0,0;0,53;0,0;0,0;;11,8;1,3;-0,8;-0,8;2,63;0,79;89,21;0,0;0,0;0,0;0,0;0,0;0,0;0,26;0,0;0,53;0,0;;8,95;19,47;0,0;1,84;4,47;3,68;1,05;1,84;-0,79;0,0;1,84;1,05;0,0;0,0;1,58;1,32;;;0,0
257,0;Noah Nartey;dk DEN;MF;Brøndby;18,0;2005,0;19,5;0,15;0,26;0,41;0,15;0,41;Matches;24,1;1,49;0,36;0,1;0,43;60,8;1,71;0,51;0,35;1,44;0,97;89,85;0,15;0,26;0,41;0,15;0,0;0,0;0,36;0,05;1,49;0,36;;3,23;4,15;0,41;0,46;1,23;0,15;1,85;1,33;0,51;0,05;1,28;1,13;0,0;0,26;0,67;1,95;;;0,0
75,0;Norman Campbell;jm JAM;MF,FW;Randers;24,0;1999,0;16,4;0,43;0,06;0,49;0,43;0,49;Matches;40,0;2,14;0,85;0,2;0,5;51,2;1,44;0,06;-0,32;1,59;1,04;89,94;0,43;0,06;0,49;0,43;0,0;0,0;0,37;0,06;2,13;0,85;;3,48;4,39;0,06;0,55;1,71;0,18;1,83;1,77;0,06;0,06;2,07;1,04;0,49;2,87;0,67;0,79;;;0,0
28,0;Nóel Arnórsson;is ISL;DF;Aalborg;17,0;2006,0;9,7;0,0;0,21;0,21;0,0;0,21;Matches;0,0;0,41;0,0;0,0;;30,3;0,44;-1,65;-0,89;1,65;1,13;89,9;0,0;0,21;0,21;0,0;0,0;0,0;0,1;0,0;0,41;0,0;;5,67;6,49;0,21;0,52;3,71;0,31;0,82;2,47;-1,65;0,0;1,55;1,13;0,0;0,72;1,13;1,44;;;0,0
64,0;Ola Brynhildsen;no NOR;MF;Midtjylland;25,0;1999,0;3,1;0,65;0,0;0,65;0,65;0,65;Matches;45,5;3,55;1,61;0,18;0,4;9,7;2,33;0,65;-0,05;1,94;0,97;90,0;0,65;0,0;0,65;0,65;0,0;0,0;0,0;0,0;3,55;1,61;;15,16;23,23;0,0;0,97;6,77;0,0;1,29;0,65;0,65;0,0;1,29;0,65;0,0;0,97;0,32;0,32;;;0,0
67,0;Oliver Bundgaard;dk DEN;DF;Viborg;23,0;2001,0;4,5;0,22;0,0;0,22;0,22;0,22;Matches;50,0;0,89;0,44;0,25;0,5;14,1;1,11;0,0;-0,25;2,0;1,33;90,22;0,22;0,0;0,22;0,22;0,0;0,0;0,0;0,0;0,89;0,44;;10,0;13,78;0,89;0,67;2,67;0,67;1,11;1,11;0,0;0,0;1,78;1,11;0,0;2,22;1,11;1,78;;;0,22
179,0;Oliver Jensen;dk DEN;MF;Midtjylland;22,0;2002,0;26,5;0,34;0,11;0,45;0,26;0,38;Matches;31,9;1,77;0,57;0,15;0,47;82,8;1,96;0,83;0,83;1,06;0,98;90,04;0,34;0,11;0,45;0,26;0,08;0,08;0,04;0,0;1,77;0,57;;3,21;3,36;0,94;0,08;1,43;0,0;2,19;1,36;0,83;0,0;0,57;0,72;0,19;1,25;0,57;0,68;;;0,0
263,0;Oliver Nielsen;dk DEN;DF;Vejle BK;21,0;2003,0;16,0;0,0;0,0;0,0;0,0;0,0;Matches;18,2;0,69;0,12;0,0;0,0;50,0;0,38;-1,44;-1,19;1,0;1,0;90,0;0,0;0,0;0,0;0,0;0,0;0,0;0,12;0,0;0,69;0,12;;5,62;5,62;1,0;0,0;;0,0;1,0;2,44;-1,44;0,0;0,88;0,69;0,0;0,19;0,81;0,75;;;0,0
271,0;Oliver Olsen;dk DEN;DF;Randers;23,0;2000,0;31,0;0,03;0,0;0,03;0,03;0,03;Matches;25,0;0,9;0,23;0,04;0,14;96,9;1,47;0,23;0,23;1,0;1,0;90,0;0,03;0,0;0,03;0,03;0,0;0,0;0,13;0,0;0,9;0,23;;2,9;2,9;1,0;0,0;;0,0;1,84;1,61;0,23;0,0;1,45;0,77;0,06;1,52;1,29;1,58;;;0,0
304,0;Oliver Ross;dk DEN;FW,MF;Aalborg;19,0;2004,0;20,6;0,1;0,05;0,15;0,1;0,15;Matches;32,4;1,8;0,58;0,05;0,17;64,3;0,8;-1,07;-0,11;1,46;1,17;89,9;0,1;0,05;0,15;0,1;0,0;0,05;0,15;0,0;1,8;0,58;;3,01;3,45;0,24;0,29;1,26;0,05;0,92;1,99;-1,07;0,0;0,92;1,26;0,39;2,14;0,19;0,58;;;0,0
323,0;Oliver Sonne;pe PER;DF;Silkeborg;23,0;2000,0;15,5;0,19;0,26;0,45;0,19;0,45;Matches;46,2;0,84;0,39;0,23;0,5;48,4;1,44;0,26;-0,41;1,03;0,97;89,94;0,19;0,26;0,45;0,19;0,0;0,0;0,26;0,0;0,84;0,39;;5,61;5,81;0,9;0,06;2,9;0,0;1,68;1,42;0,26;0,0;0,58;0,65;0,06;3,94;0,97;1,42;;;0,06
369,0;Oliver Zandén;se SWE;DF;Randers;22,0;2001,0;3,6;0,0;0,0;0,0;0,0;0,0;Matches;0,0;0,28;0,0;0,0;;11,1;2,0;0,84;0,7;1,11;1,11;89,17;0,0;0,0;0,0;0,0;0,0;0,0;0,0;0,0;0,28;0,0;;22,22;22,22;0,56;0,0;;0,83;1,67;0,83;0,83;0,0;1,39;0,28;0,0;3,06;1,94;0,83;;;0,0
163,0;Olti Hyseni;dk DEN;FW,MF;SønderjyskE;17,0;2007,0;10,9;0,18;0,18;0,37;0,18;0,37;Matches;30,0;2,76;0,83;0,07;0,22;34,0;1,35;0,18;1,08;1,83;1,19;89,72;0,18;0,18;0,37;0,18;0,0;0,0;0,18;0,0;2,75;0,83;;4,5;5,87;0,0;0,64;1,93;0,46;1,83;1,65;0,18;0,0;2,39;1,47;0,46;1,38;0,55;0,73;;;0,0
327,0;Orri Steinn Óskarsson;is ISL;FW;FC Copenhagen;19,0;2004,0;5,3;0,95;0,0;0,95;0,95;0,95;Matches;40,0;3,78;1,51;0,25;0,63;16,5;1,83;0,76;-0,1;1,13;0,94;89,81;0,94;0,0;0,94;0,94;0,0;0,0;0,0;0,0;3,77;1,51;;14,91;16,23;0,38;0,19;8,49;0,0;2,08;1,32;0,75;0,0;0,57;0,19;1,51;0,38;0,19;0,19;;;0,0
154,0;Oscar Hedvall;dk DEN;GK;Viborg;25,0;1998,0;14,0;0,0;0,0;0,0;0,0;0,0;Matches;;0,0;0,0;;;43,8;1,64;0,5;0,5;1,0;1,0;90,0;0,0;0,0;0,0;0,0;0,0;0,0;0,07;0,0;0,0;0,0;;6,43;6,43;1,0;0,0;;1,29;1,64;1,14;0,5;0,0;0,0;0,21;0,0;0,0;0,0;0,14;;;0,0
54,0;Oskar Boesen;dk DEN;MF;Silkeborg;19,0;2005,0;4,6;0,0;0,22;0,22;0,0;0,22;Matches;20,0;1,09;0,22;0,0;0,0;14,3;1,61;0,44;-0,04;3,7;0,43;89,57;0,0;0,22;0,22;0,0;0,0;0,0;0,0;0,0;1,09;0,22;;5,22;15,0;0,0;3,26;3,91;3,04;1,52;1,09;0,43;0,0;1,3;0,43;0,22;0,65;0,22;1,96;;;0,0
72,0;Oskar Buur;dk DEN;DF;Lyngby;26,0;1998,0;9,6;0,0;0,1;0,1;0,0;0,1;Matches;66,7;0,31;0,21;0,0;0,0;30,0;1,08;-0,1;0,61;1,35;1,15;90,1;0,0;0,1;0,1;0,0;0,0;0,0;0,0;0,0;0,31;0,21;;6,98;7,71;0,42;0,21;2,71;0,0;0,83;0,94;-0,1;0,0;0,52;1,04;0,1;2,29;1,15;1,25;;;0,0
99,0;Oumar Diakhite;sn SEN;DF;Aalborg;30,0;1993,0;9,6;0,0;0,0;0,0;0,0;0,0;Matches;0,0;0,31;0,0;0,0;;30,1;0,77;-1,87;-1,2;1,35;0,94;90,21;0,0;0,0;0,0;0,0;0,0;0,0;0,42;0,0;0,31;0,0;;6,98;8,85;0,83;0,42;2,6;1,04;0,62;2,5;-1,88;0,0;0,62;0,31;0,1;0,0;1,77;1,04;;;0,1
100,0;Ousmane Diao;sn SEN;DF;Midtjylland;20,0;2004,0;22,9;0,17;0,04;0,22;0,17;0,22;Matches;31,6;0,83;0,26;0,21;0,67;71,6;1,72;0,31;-1,34;1,09;1,05;90,04;0,17;0,04;0,22;0,17;0,0;0,0;0,35;0,09;0,83;0,26;;3,58;3,71;0,83;0,04;0,57;0,22;1,75;1,44;0,31;0,09;0,96;0,22;0,0;0,04;1,09;1,31;;;0,04
149,0;Pantelis Hatzidiakos;gr GRE;DF;FC Copenhagen;27,0;1997,0;23,9;0,04;0,08;0,13;0,04;0,13;Matches;20,0;0,21;0,04;0,2;1,0;74,7;1,92;0,84;-0,03;1,0;1,0;90,04;0,04;0,08;0,13;0,04;0,0;0,0;0,29;0,0;0,21;0,04;;3,77;3,77;0,96;0,0;;0,0;1,88;1,05;0,84;0,0;0,84;0,42;0,08;0,04;0,79;0,96;;;0,0
132,0;Pascal Gregor;dk DEN;DF;Lyngby;30,0;1994,0;11,0;0,0;0,0;0,0;0,0;0,0;Matches;12,5;0,73;0,09;0,0;0,0;34,4;0,6;-0,73;-0,3;1,36;0,91;90,0;0,0;0,0;0,0;0,0;0,0;0,0;0,27;0,0;0,73;0,09;;6,0;7,82;0,82;0,45;2,45;0,09;0,64;1,36;-0,73;0,0;0,91;0,64;0,0;0,36;0,91;0,64;;;0,09
251,0;Patrick Mortensen;dk DEN;FW;AGF;35,0;1989,0;30,1;0,67;0,0;0,67;0,57;0,57;Matches;56,5;2,3;1,3;0,25;0,44;93,9;1,25;0,3;1,33;1,06;1,03;89,87;0,66;0,0;0,66;0,56;0,1;0,13;0,07;0,0;2,29;1,3;;2,82;2,86;0,73;0,03;0,93;0,0;1,66;1,36;0,3;0,0;1,3;0,86;0,27;0,03;0,23;0,13;;;0,0
284,0;Patrick Pentz;at AUT;GK;Brøndby;27,0;1997,0;30,0;0,0;0,0;0,0;0,0;0,0;Matches;;0,0;0,0;;;93,7;1,63;0,37;-0,13;1,0;1,0;89,97;0,0;0,0;0,0;0,0;0,0;0,0;0,07;0,03;0,0;0,0;;3,0;3,0;0,97;0,0;;0,0;1,83;1,47;0,37;0,03;0,0;0,17;0,0;0,0;0,0;0,0;;;0,0
171,0;Paul Izzo;au AUS;GK;Randers;29,0;1995,0;32,0;0,0;0,0;0,0;0,0;0,0;Matches;;0,0;0,0;;;100,0;1,45;0,22;;1,0;1,0;90,0;0,0;0,0;0,0;0,0;0,0;0,0;0,06;0,0;0,0;0,0;;2,81;2,81;1,0;0,0;;0,0;1,78;1,56;0,22;0,0;0,0;0,16;0,0;0,0;0,0;0,0;;;0,0
280,0;Paulinho;br BRA;DF;Midtjylland;29,0;1995,0;4,9;0,0;0,0;0,0;0,0;0,0;Matches;0,0;0,2;0,0;0,0;;15,5;1,67;0,61;-0,1;2,45;0,61;90,82;0,0;0,0;0,0;0,0;0,0;0,0;0,2;0,0;0,2;0,0;;7,55;15,1;0,0;1,84;5,1;0,61;2,04;1,43;0,61;0,0;1,02;2,24;0,61;5,31;1,63;1,43;;;0,0
59,0;Pedro Bravo;co COL;MF;Midtjylland;19,0;2004,0;14,8;0,07;0,14;0,2;0,07;0,2;Matches;50,0;0,27;0,14;0,25;0,5;46,1;1,83;0,68;-0,02;1,55;0,95;89,73;0,07;0,14;0,2;0,07;0,0;0,0;0,27;0,0;0,27;0,14;;3,92;5,47;0,54;0,61;1,49;0,14;2,16;1,49;0,68;0,0;1,49;0,74;0,0;0,27;1,15;3,11;;;0,0
128,0;Pedro Ganchas;pt POR;DF;Silkeborg;24,0;2000,0;25,0;0,04;0,0;0,04;0,04;0,04;Matches;50,0;0,32;0,16;0,13;0,25;78,1;1,62;0,48;0,05;1,0;1,0;90,0;0,04;0,0;0,04;0,04;0,0;0,0;0,12;0,0;0,32;0,16;;3,6;3,6;1,0;0,0;;0,2;1,76;1,28;0,48;0,0;0,92;0,68;0,0;0,08;1,52;0,48;;;0,0
243,0;Pelle Mattsson;dk DEN;MF;Silkeborg;22,0;2001,0;23,5;0,04;0,13;0,17;0,04;0,17;Matches;36,4;0,94;0,34;0,05;0,13;73,4;1,54;0,51;0,16;1,06;1,06;89,91;0,04;0,13;0,17;0,04;0,0;0,0;0,3;0,0;0,94;0,34;;3,62;3,62;0,85;0,0;;0,0;1,66;1,15;0,51;0,0;1,49;3,19;0,0;0,3;1,49;1,45;;;0,0
25,0;Peter Ankersen;dk DEN;DF;Nordsjælland;33,0;1990,0;28,9;0,1;0,14;0,24;0,1;0,24;Matches;40,0;1,21;0,48;0,09;0,21;90,3;1,59;0,17;2,75;1,0;1,0;90,0;0,1;0,14;0,24;0,1;0,0;0,0;0,31;0,0;1,21;0,48;;3,11;3,11;0,9;0,0;;0,0;1,73;1,56;0,17;0,0;0,66;0,93;0,14;4,08;0,55;1,07;;;0,0
214,0;Peter Langhoff;dk DEN;MF;Lyngby;20,0;2004,0;14,4;0,0;0,0;0,0;0,0;0,0;Matches;66,7;0,21;0,14;0,0;0,0;45,1;1,24;-0,21;0,59;1,18;0,97;90,28;0,0;0,0;0,0;0,0;0,0;0,0;0,21;0,0;0,21;0,14;;5,28;6,18;0,9;0,21;1,18;0,62;0,97;1,18;-0,21;0,0;1,6;1,18;0,0;0,69;1,11;1,67;;;0,0
301,0;Pontus Rödin;se SWE;DF;Silkeborg;23,0;2000,0;13,9;0,14;0,0;0,14;0,14;0,14;Matches;44,4;0,65;0,29;0,22;0,5;43,3;1,79;0,94;0,83;1,01;1,01;89,71;0,14;0,0;0,14;0,14;0,0;0,0;0,0;0,0;0,65;0,29;;6,4;6,4;0,94;0,0;;0,07;2,01;1,08;0,94;0,0;0,36;0,14;0,0;0,22;1,08;1,01;;;0,0
276,0;Ramazan Orazov;kz KAZ;MF,FW;Silkeborg;26,0;1998,0;5,0;0,4;0,0;0,4;0,4;0,4;Matches;50,0;1,21;0,6;0,33;0,67;15,6;2,19;1,41;1,11;3,2;0,8;89,6;0,4;0,0;0,4;0,4;0,0;0,0;0,0;0,0;1,2;0,6;;5,6;13,2;0,2;2,4;3,0;2,6;2,4;1,0;1,4;0,0;1,0;0,4;0,2;1,6;0,8;1,0;;;0,0
118,0;Rasmus Falk;dk DEN;MF;FC Copenhagen;32,0;1992,0;5,4;0,0;0,18;0,18;0,0;0,18;Matches;28,6;1,29;0,37;0,0;0,0;17,0;1,83;1,47;0,75;2,22;0,74;90,74;0,0;0,19;0,19;0,0;0,0;0,0;0,0;0,0;1,3;0,37;;7,59;15,19;0,37;1,48;3,7;1,48;2,04;0,56;1,48;0,0;0,37;1,67;0,0;0,74;0,74;2,04;;;0,0
219,0;Rasmus Lauritsen;dk DEN;DF;Brøndby;28,0;1996,0;13,2;0,0;0,0;0,0;0,0;0,0;Matches;25,0;0,91;0,23;0,0;0,0;41,1;1,88;0,23;-0,25;1,21;0,98;89,77;0,0;0,0;0,0;0,0;0,0;0,0;0,23;0,08;0,91;0,23;;5,61;6,59;0,83;0,23;1,36;0,83;1,52;1,29;0,23;0,0;1,29;0,68;0,0;0,0;0,38;0,38;;;0,0
338,0;Rasmus Thelander;dk DEN;DF;Lyngby;33,0;1991,0;10,6;0,09;0,0;0,09;0,09;0,09;Matches;28,6;0,66;0,19;0,14;0,5;33,2;1,08;-0,47;0,09;1,13;0,94;90,09;0,09;0,0;0,09;0,09;0,0;0,0;0,38;0,0;0,66;0,19;;7,55;8,49;0,94;0,19;2,64;0,19;1,04;1,51;-0,47;0,0;0,85;0,28;0,09;0,0;1,23;0,47;;;0,0
339,0;Rasmus Thelander;dk DEN;DF;Silkeborg;33,0;1991,0;9,0;0,0;0,0;0,0;0,0;0,0;Matches;28,6;0,66;0,19;0,14;0,5;33,2;1,08;-0,47;0,09;1,0;1,0;90,0;0,0;0,0;0,0;0,0;0,0;0,0;0,11;0,0;0,78;0,22;;8,89;10,0;1,11;0,22;3,11;0,22;1,22;1,78;-0,56;0,0;1,0;0,33;0,11;0,0;1,44;0,56;;;0,0
355,0;Rasmus Vinderslev;dk DEN;MF;SønderjyskE;26,0;1997,0;21,0;0,0;0,1;0,1;0,0;0,1;Matches;50,0;0,29;0,14;0,0;0,0;65,7;0,87;-0,9;-1,09;1,1;1,05;90,05;0,0;0,1;0,1;0,0;0,0;0,0;0,19;0,0;0,29;0,14;;3,9;4,05;0,76;0,05;0,9;0,0;1,29;2,19;-0,9;0,0;1,71;1,1;0,0;0,24;1,48;1,1;;;0,0
188,0;Renato Junior;br BRA;FW;Viborg;22,0;2002,0;20,2;0,2;0,2;0,4;0,2;0,4;Matches;26,5;2,42;0,64;0,08;0,31;63,2;1,48;0,64;1,15;1,44;1,19;90,1;0,2;0,2;0,4;0,2;0,0;0,0;0,4;0,0;2,43;0,64;;3,12;3,61;0,2;0,25;0,79;0,05;1,98;1,34;0,64;0,0;1,04;2,18;0,2;0,25;0,64;0,3;;;0,0
180,0;Richard Jensen;fi FIN;DF;Vejle BK;28,0;1996,0;6,7;0,15;0,0;0,15;0,15;0,15;Matches;100,0;0,15;0,15;1,0;1,0;20,9;1,0;-1,5;-0,82;1,64;0,9;89,85;0,15;0,0;0,15;0,15;0,0;0,0;0,15;0,0;0,15;0,15;;8,21;13,13;0,75;0,75;2,24;1,64;0,9;2,39;-1,49;0,0;0,3;0,15;0,15;0,0;1,49;1,04;;;0,0
300,0;Robert;br BRA;MF;FC Copenhagen;19,0;2005,0;6,8;0,15;0,44;0,59;0,15;0,59;Matches;50,0;2,35;1,18;0,06;0,13;21,3;2,07;1,62;0,98;2,06;1,32;90,0;0,15;0,44;0,59;0,15;0,0;0,0;0,0;0,0;2,35;1,18;;6,47;8,24;0,0;0,74;3,24;1,32;2,06;0,44;1,62;0,0;1,18;1,32;0,59;1,03;0,74;1,03;;;0,0
89,0;Robin Dahl Østrøm;no NOR;DF;Silkeborg;21,0;2002,0;24,8;0,0;0,12;0,12;0,0;0,12;Matches;27,3;0,44;0,12;0,0;0,0;77,5;1,63;0,32;-0,65;1,25;1,05;89,96;0,0;0,12;0,12;0,0;0,0;0,0;0,08;0,0;0,44;0,12;;2,9;3,39;0,73;0,2;0,48;0,04;1,65;1,33;0,32;0,0;0,6;0,16;0,04;0,69;0,65;0,89;;;0,04
161,0;Rodrigo Huescas;mx MEX;DF,MF;FC Copenhagen;20,0;2003,0;16,7;0,06;0,12;0,18;0,06;0,18;Matches;31,6;1,14;0,36;0,05;0,17;52,2;2,11;1,02;0,36;1,14;0,96;90,06;0,06;0,12;0,18;0,06;0,0;0,0;0,3;0,0;1,14;0,36;;4,73;5,39;0,96;0,18;1,26;0,42;1,86;0,84;1,02;0,0;0,78;1,02;0,18;3,95;1,44;1,56;;;0,0
146,0;Sabil Hansen;no NOR;DF,MF;Randers;18,0;2005,0;6,0;0,0;0,0;0,0;0,0;0,0;Matches;0,0;0,33;0,0;0,0;;18,7;1,36;-0,83;-1,3;2,33;1,0;89,83;0,0;0,0;0,0;0,0;0,0;0,0;0,17;0,0;0,33;0,0;;6,5;10,83;0,0;1,33;3,17;2,0;1,67;2,5;-0,83;0,0;1,5;0,83;0,0;1,17;1,5;3,5;;;0,0
198,0;Sean Klaiber;sr SUR;DF,MF;Brøndby;30,0;1994,0;19,6;0,0;0,15;0,15;0,0;0,15;Matches;37,5;1,22;0,46;0,0;0,0;61,3;1,46;-0,15;-1,36;1,33;1,07;90,05;0,0;0,15;0,15;0,0;0,0;0,0;0,1;0,0;1,22;0,46;;3,47;4,03;0,56;0,26;0,97;0,05;1,79;1,94;-0,15;0,0;0,97;0,51;0,05;2,91;1,17;1,12;;;0,05
278,0;Sebastian Otoa;dk DEN;DF;Aalborg;20,0;2004,0;8,0;0,0;0,13;0,13;0,0;0,13;Matches;16,7;0,75;0,13;0,0;0,0;24,9;1,0;-1,38;-0,46;1,25;1,12;89,75;0,0;0,12;0,12;0,0;0,0;0,0;0,0;0,0;0,75;0,12;;9,0;9,5;0,62;0,12;4,25;0,25;0,62;2,0;-1,38;0,0;1,62;1,25;0,0;0,38;1,0;1,38;;;0,0
314,0;Sebastian Sebulonsen;no NOR;MF,DF;Brøndby;24,0;2000,0;23,4;0,04;0,17;0,21;0,04;0,21;Matches;20,7;1,24;0,26;0,03;0,17;73,3;1,64;0,73;1,31;1,2;1,03;90,17;0,04;0,17;0,21;0,04;0,0;0,0;0,04;0,0;1,24;0,26;;3,21;3,59;0,68;0,17;1,11;0,0;1,92;1,2;0,73;0,0;1,07;0,38;0,09;2,95;0,94;1,28;;;0,0
114,0;Sefer Emini;mk MKD;MF;SønderjyskE;24,0;2000,0;24,2;0,04;0,12;0,17;0,04;0,17;Matches;17,7;2,56;0,45;0,02;0,09;75,7;1,07;-0,54;-0,02;1,16;1,07;90,08;0,04;0,12;0,17;0,04;0,0;0,0;0,17;0,04;2,56;0,45;;3,22;3,35;0,66;0,08;1,45;0,0;1,36;1,9;-0,54;0,0;1,28;1,24;0,12;1,32;1,78;1,36;;;0,0
315,0;Serginho;;FW;Viborg;23,0;2001,0;19,9;0,25;0,55;0,8;0,25;0,8;Matches;44,3;3,06;1,36;0,08;0,19;62,2;1,42;0,3;0,22;1,21;1,11;90,05;0,25;0,55;0,8;0,25;0,0;0,0;0,2;0,05;3,07;1,36;;3,77;3,92;0,2;0,1;1,76;0,0;1,96;1,66;0,3;0,05;0,85;2,16;0,5;8,39;0,2;0,45;;;0,0
55,0;Simen Bolkan Nordli;no NOR;MF;Randers;24,0;1999,0;26,8;0,52;0,45;0,97;0,34;0,78;Matches;34,4;2,39;0,82;0,14;0,41;83,9;1,5;0,48;1,65;1,16;1,16;90,11;0,52;0,45;0,97;0,34;0,19;0,22;0,07;0,0;2,39;0,82;;2,91;2,91;0,19;0,0;;0,0;1,83;1,34;0,49;0,0;1,04;1,23;0,26;5,41;0,78;0,63;;;0,0
110,0;Sindre Egeli;no NOR;FW,MF;Nordsjælland;18,0;2006,0;26,5;0,34;0,19;0,53;0,3;0,49;Matches;40,4;3,74;1,51;0,08;0,2;82,8;1,48;-0,11;-0,11;1,17;1,06;89,96;0,34;0,19;0,53;0,3;0,04;0,04;0,23;0,0;3,74;1,51;;2,91;3,13;0,34;0,11;0,68;0,0;1,58;1,7;-0,11;0,0;1,32;1,02;0,23;3,43;0,26;0,42;;;0,0
210,0;Srđan Kuzmić;si SVN;DF;Viborg;20,0;2004,0;16,6;0,06;0,12;0,18;0,06;0,18;Matches;23,1;0,78;0,18;0,08;0,33;51,9;1,48;0,18;-0,08;1,27;0,84;90,12;0,06;0,12;0,18;0,06;0,0;0,0;0,18;0,0;0,78;0,18;;4,28;5,18;0,48;0,42;2,53;0,48;1,93;1,75;0,18;0,0;0,96;1,27;0,06;0,48;1,39;1,45;;;0,0
351,0;Stefan Velkov;bg BUL;DF;Vejle BK;27,0;1996,0;22,2;0,14;0,0;0,14;0,14;0,14;Matches;26,7;0,68;0,18;0,2;0,75;69,4;0,96;-0,86;-0,04;1,04;1,04;90,0;0,14;0,0;0,14;0,14;0,0;0,0;0,23;0,0;0,68;0,18;;3,92;3,92;0,9;0,0;;0,18;1,08;1,94;-0,86;0,0;1,17;0,41;0,05;0,0;1,26;0,63;;;0,0
267,0;Stephen Odey;ng NGA;MF,FW;Randers;26,0;1998,0;10,3;0,1;0,1;0,19;0,1;0,19;Matches;37,5;2,32;0,87;0,04;0,11;32,3;1,75;-0,1;-0,47;2,23;0,87;90,39;0,1;0,1;0,19;0,1;0,0;0,0;0,29;0,0;2,33;0,87;;3,88;6,6;0,0;1,36;2,23;0,68;1,65;1,75;-0,1;0,0;1,46;1,55;0,58;0,58;0,29;0,58;;;0,0
325,0;Stijn Spierings;nl NED;MF;Brøndby;28,0;1996,0;4,3;0,0;0,0;0,0;0,0;0,0;Matches;0,0;0,46;0,0;0,0;;13,5;1,42;-0,23;-0,7;2,79;0,93;90,47;0,0;0,0;0,0;0,0;0,0;0,0;0,47;0,0;0,47;0,0;;7,44;16,74;0,23;1,86;3,02;3,02;1,4;1,63;-0,23;0,0;2,79;0,23;0,0;0,0;1,86;1,4;;;0,0
293,0;Stipe Radić;hr CRO;DF;Viborg;24,0;2000,0;18,5;0,16;0,05;0,22;0,16;0,22;Matches;33,3;0,49;0,16;0,33;1,0;58,0;1,7;0,43;0,51;1,08;0,97;90,22;0,16;0,05;0,22;0,16;0,0;0,0;0,05;0,0;0,49;0,16;;4,49;4,76;0,92;0,11;2,54;0,59;2,05;1,62;0,43;0,0;0,54;0,49;0,0;0,0;0,86;0,27;;;0,0
234,0;Sævar Magnússon;is ISL;MF,FW;Lyngby;24,0;2000,0;28,2;0,14;0,07;0,21;0,14;0,21;Matches;25,0;1,56;0,39;0,09;0,36;88,2;0,87;-0,5;0,3;1,1;1,06;90,07;0,14;0,07;0,21;0,14;0,0;0,04;0,18;0,0;1,56;0,39;;2,91;2,91;0,57;0,04;2,41;0,0;0,74;1,24;-0,5;0,0;1,91;1,91;0,11;4,43;0,92;1,74;;;0,0
37,0;Tammer Bany;dk DEN;MF,FW;Randers;20,0;2003,0;8,1;0,25;0,5;0,74;0,25;0,74;Matches;12,5;2,98;0,37;0,08;0,67;25,2;1,87;0,99;1,03;1,85;0,99;89,63;0,25;0,49;0,74;0,25;0,0;0,0;0,37;0,0;2,96;0,37;;5,93;8,15;0,0;0,86;3,58;0,12;1,85;0,86;0,99;0,0;2,96;2,47;0,12;0,37;0,74;2,47;;;0,0
311,0;Theo Sander;dk DEN;GK;FC Copenhagen;19,0;2005,0;3,0;0,0;0,0;0,0;0,0;0,0;Matches;;0,0;0,0;;;9,4;2,33;1,0;0,17;1,0;1,0;90,0;0,0;0,0;0,0;0,0;0,0;0,0;0,0;0,0;0,0;0,0;;30,0;30,0;1,0;0,0;;0,0;2,0;1,0;1,0;0,0;0,0;0,0;0,0;0,0;0,0;0,0;;;0,0
97,0;Thomas Delaney;dk DEN;MF;FC Copenhagen;32,0;1991,0;18,3;0,27;0,16;0,44;0,27;0,44;Matches;43,5;1,26;0,55;0,22;0,5;57,3;1,92;0,71;-0,31;1,31;1,09;90,11;0,27;0,16;0,44;0,27;0,0;0,0;0,44;0,0;1,26;0,55;;3,77;4,15;0,66;0,22;1,69;0,0;1,64;0,93;0,71;0,0;2,24;1,64;0,0;0,77;1,86;1,37;;;0,0
136,0;Thomas Gundelund;dk DEN;MF,DF;Vejle BK;22,0;2001,0;18,8;0,05;0,05;0,11;0,05;0,11;Matches;30,0;0,53;0,16;0,1;0,33;58,7;1,27;-0,27;1,4;1,17;1,06;89,89;0,05;0,05;0,11;0,05;0,0;0,0;0,11;0,0;0,53;0,16;;4,1;4,41;0,69;0,11;0,85;0,05;1,33;1,6;-0,27;0,0;0,64;1,44;0,05;1,44;0,74;1,17;;;0,0
191,0;Thomas Jørgensen;dk DEN;MF;Viborg;18,0;2005,0;19,3;0,16;0,16;0,31;0,16;0,31;Matches;40,0;1,29;0,52;0,12;0,3;;;;;1,4;1,14;90,21;0,16;0,16;0,31;0,16;0,0;0,0;0,0;0,0;1,3;0,52;;;;0,0;0,0;;0,1;;;;0,0;0,67;1,24;0,0;2,69;0,98;1,71;;;0,0
32,0;Tobias Bach;ru RUS;DF,MF;AGF;21,0;2003,0;3,3;0,0;0,3;0,3;0,0;0,3;Matches;50,0;1,22;0,61;0,0;0,0;10,3;1,31;-0,91;-1,26;4,85;0,91;89,7;0,0;0,3;0,3;0,0;0,0;0,0;0,3;0,0;1,21;0,61;;5,76;19,7;0,0;3,94;2,42;3,03;2,12;3,03;-0,91;0,0;1,82;1,21;0,0;3,64;1,21;1,82;;;0,0
43,0;Tobias Bech;dk DEN;FW;AGF;22,0;2002,0;25,1;0,32;0,08;0,4;0,32;0,4;Matches;34,3;2,79;0,95;0,11;0,33;78,5;1,33;0,44;1,02;1,2;1,08;90,12;0,32;0,08;0,4;0,32;0,0;0,0;0,24;0,04;2,79;0,96;;2,99;3,27;0,48;0,12;0,68;0,0;1,71;1,27;0,44;0,04;0,68;0,92;0,24;1,12;0,12;0,32;;;0,0
201,0;Tobias Klysner;dk DEN;DF,FW;SønderjyskE;23,0;2001,0;9,9;0,1;0,2;0,3;0,1;0,3;Matches;33,3;0,3;0,1;0,33;1,0;31,0;1,25;0,1;0,92;2,02;0,91;90,1;0,1;0,2;0,3;0,1;0,0;0,0;0,0;0,0;0,3;0,1;;4,55;7,27;0,3;1,11;2,22;0,2;1,72;1,62;0,1;0,0;0,4;0,3;0,0;2,22;1,82;1,31;;;0,0
220,0;Tobias Lauritsen;dk DEN;MF;Vejle BK;20,0;2004,0;12,9;0,15;0,15;0,31;0,15;0,31;Matches;30,0;1,55;0,46;0,1;0,33;40,5;0,71;-0,62;0,38;1,32;1,09;90,31;0,16;0,16;0,31;0,16;0,0;0,0;0,23;0,0;1,55;0,47;;5,35;5,89;0,16;0,23;2,64;0,39;1,24;1,86;-0,62;0,0;2,64;0,7;0,08;0,85;0,78;1,09;;;0,0
255,0;Tobias Mølgaard;dk DEN;DF;AGF;28,0;1996,0;11,6;0,09;0,0;0,09;0,09;0,09;Matches;50,0;0,17;0,09;0,5;1,0;36,3;0,63;-1,03;-1,97;1,38;0,86;90,0;0,09;0,0;0,09;0,09;0,0;0,0;0,17;0,0;0,17;0,09;;5,6;7,07;0,43;0,52;3,19;0,0;1,12;2,16;-1,03;0,0;1,38;0,34;0,09;1,38;1,55;2,16;;;0,0
310,0;Tobias Salquist;dk DEN;DF;Nordsjælland;29,0;1995,0;8,5;0,0;0,0;0,0;0,0;0,0;Matches;33,3;0,35;0,12;0,0;0,0;26,5;1,0;-0,35;-0,35;1,29;0,94;89,65;0,0;0,0;0,0;0,0;0,0;0,0;0,0;0,0;0,35;0,12;;8,12;9,88;0,59;0,35;3,65;0,0;1,41;1,76;-0,35;0,0;0,12;0,35;0,0;0,0;1,06;0,59;;;0,0
322,0;Tobias Sommer;dk DEN;MF,DF;SønderjyskE;22,0;2001,0;17,8;0,17;0,17;0,34;0,17;0,34;Matches;54,5;0,62;0,34;0,27;0,5;55,7;1,4;-0,28;0,57;1,4;0,9;90,06;0,17;0,17;0,34;0,17;0,0;0,0;0,17;0,0;0,62;0,34;;3,6;4,89;0,67;0,51;1,35;0,39;1,57;1,85;-0,28;0,0;1,12;1,18;0,11;0,28;1,69;0,84;;;0,0
329,0;Tobias Storm;dk DEN;MF,DF;Lyngby;20,0;2004,0;8,0;0,0;0,12;0,12;0,0;0,12;Matches;33,3;0,75;0,25;0,0;0,0;25,0;0,8;-0,62;-0,13;1,25;1,12;90,0;0,0;0,12;0,12;0,0;0,0;0,0;0,0;0,0;0,75;0,25;;9,0;9,88;0,5;0,12;1,5;0,25;0,62;1,25;-0,62;0,0;0,62;0,25;0,0;1,62;0,38;0,75;;;0,0
5,0;Tonni Adamsen;dk DEN;FW;Silkeborg;29,0;1994,0;28,6;0,52;0,14;0,66;0,35;0,49;Matches;46,3;2,87;1,33;0,12;0,26;89,4;1,58;0,49;0,19;1,12;1,05;90,03;0,52;0,14;0,66;0,35;0,17;0,17;0,07;0,0;2,87;1,33;;2,8;2,9;0,56;0,07;1,4;0,0;1,82;1,33;0,49;0,0;0,63;0,91;0,21;2,73;0,21;0,28;;;0,0
152,0;Travis Hearnes;no NOR;MF;Aalborg;18,0;2005,0;8,5;0,0;0,0;0,0;0,0;0,0;Matches;;0,0;0,0;;;26,6;0,5;-1,06;-0,03;1,41;1,06;90,24;0,0;0,0;0,0;0,0;0,0;0,0;0,12;0,0;0,0;0,0;;7,53;8,94;0,24;0,35;3,18;0,35;0,82;1,88;-1,06;0,0;0,94;1,06;0,0;0,12;2,0;0,47;;;0,0
22,0;Valdemar Andreasen;dk DEN;MF;Midtjylland;19,0;2005,0;10,3;0,19;0,19;0,39;0,19;0,39;Matches;34,8;2,24;0,78;0,09;0,25;32,1;1,86;0,88;0,28;2,14;0,97;89,81;0,19;0,19;0,39;0,19;0,0;0,0;0,0;0,1;2,23;0,78;;4,08;6,5;0,1;1,17;2,04;0,39;2,04;1,17;0,87;0,0;0,78;1,65;0,19;5,24;1,46;1,46;;;0,0
124,0;Victor Froholdt;dk DEN;MF;FC Copenhagen;18,0;2006,0;22,5;0,13;0,09;0,22;0,13;0,22;Matches;41,2;0,76;0,31;0,18;0,43;70,2;2,03;0,85;0,01;1,33;0,93;89,87;0,13;0,09;0,22;0,13;0,0;0,0;0,18;0,0;0,76;0,31;;2,98;3,87;0,76;0,4;0,98;0,04;1,96;1,11;0,84;0,0;0,71;1,29;0,04;0,8;1,73;1,73;;;0,0
181,0;Victor Jensen;dk DEN;DF;Midtjylland;20,0;2003,0;16,1;0,06;0,19;0,25;0,06;0,25;Matches;71,4;0,44;0,31;0,14;0,2;50,2;1,9;0,68;-0,01;1,3;1,12;89,88;0,06;0,19;0,25;0,06;0,0;0,0;0,0;0,0;0,43;0,31;;4,29;4,6;0,43;0,19;2,24;0,31;1,86;1,18;0,68;0,0;1,12;0,43;0,06;2,17;1,49;1,68;;;0,0
83,0;Viktor Claesson;se SWE;MF,FW;FC Copenhagen;32,0;1992,0;16,3;0,37;0,25;0,61;0,37;0,61;Matches;34,2;2,33;0,8;0,16;0,46;50,9;2,0;1,04;0,41;1,72;0,92;89,88;0,37;0,25;0,61;0,37;0,0;0,0;0,06;0,0;2,33;0,8;;3,19;4,85;0,43;0,8;1,35;0,12;1,96;0,92;1,04;0,0;1,17;0,49;0,18;0,37;0,37;0,86;;;0,0
252,0;Vincent Müller;de GER;GK;Aalborg;23,0;2000,0;30,0;0,0;0,0;0,0;0,0;0,0;Matches;;0,0;0,0;;;93,8;0,8;-0,97;1,03;1,0;1,0;90,0;0,0;0,0;0,0;0,0;0,0;0,0;0,03;0,0;0,0;0,0;;3,0;3,0;1,0;0,0;;0,03;1,1;2,07;-0,97;0,0;0,0;0,23;0,0;0,0;0,0;0,03;;;0,0
94,0;Wessel Dammers;nl NED;DF;Randers;29,0;1995,0;31,0;0,19;0,0;0,19;0,19;0,19;Matches;60,0;0,48;0,29;0,4;0,67;96,9;1,47;0,23;0,23;1,0;1,0;90,0;0,19;0,0;0,19;0,19;0,0;0,0;0,1;0,0;0,48;0,29;;2,9;2,9;1,0;0,0;;0,0;1,81;1,58;0,23;0,0;0,39;0,52;0,0;0,03;1,0;0,48;;;0,0
84,0;William Clem;dk DEN;MF;FC Copenhagen;20,0;2004,0;7,0;0,0;0,14;0,14;0,0;0,14;Matches;14,3;2,0;0,29;0,0;0,0;21,9;1,85;0,71;-0,17;1,86;0,86;90,14;0,0;0,14;0,14;0,0;0,0;0,0;0,14;0,0;2,0;0,29;;7,0;11,29;0,29;1,0;3,14;1,29;2,29;1,57;0,71;0,0;1,86;1,43;0,0;0,57;2,0;2,43;;;0,0
209,0;Willy Kumado;gh GHA;MF,DF;Lyngby;21,0;2002,0;12,2;0,0;0,0;0,0;0,0;0,0;Matches;33,3;0,25;0,08;0,0;0,0;38,1;0,59;-0,66;-0,2;1,39;0,98;89,84;0,0;0,0;0,0;0,0;0,0;0,0;0,16;0,0;0,25;0,08;;5,25;6,72;0,74;0,41;1,8;0,0;0,57;1,23;-0,66;0,0;0,9;0,9;0,16;2,79;0,41;0,57;;;0,0
260,0;Yeni Ngbakoto;cd COD;MF,FW;Vejle BK;32,0;1992,0;7,4;0,13;0,0;0,13;0,13;0,13;Matches;20,0;2,01;0,4;0,07;0,33;23,3;0,48;-1,34;-0,65;2,84;0,81;90,54;0,14;0,0;0,14;0,14;0,0;0,0;0,14;0,0;2,03;0,41;;4,32;9,19;0,0;2,03;2,3;1,35;0,95;2,3;-1,35;0,0;1,49;0,81;0,14;2,16;0,41;0,41;;;0,0
265,0;Yonis Njoh;fr FRA;FW;Viborg;20,0;2004,0;9,0;0,67;0,0;0,67;0,67;0,67;Matches;36,4;2,45;0,89;0,27;0,75;28,1;1,79;1,11;1,24;1,56;1,0;89,78;0,67;0,0;0,67;0,67;0,0;0,0;0,0;0,0;2,44;0,89;;6,44;8,78;0,33;0,56;2,11;0,0;2,22;1,11;1,11;0,0;0,44;1,0;0,0;1,11;0,56;0,44;;;0,0
35,0;Younes Bakiz;dk DEN;FW,MF;Silkeborg;25,0;1999,0;20,9;0,48;0,33;0,81;0,48;0,81;Matches;44,8;2,78;1,24;0,17;0,38;65,3;1,52;0,96;1,41;1,2;1,15;90,0;0,48;0,33;0,81;0,48;0,0;0,0;0,19;0,0;2,78;1,24;;3,59;3,68;0,24;0,05;1,58;0,0;1,91;0,96;0,96;0,0;1,39;2,06;0,1;1,82;0,29;0,62;;;0,0
34,0;Youssouph Badji;sn SEN;FW;AGF;22,0;2001,0;4,1;0,25;0,74;0,99;0,25;0,99;Matches;37,5;1,97;0,74;0,13;0,33;12,7;1,0;0,74;0,6;3,66;0,49;89,02;0,24;0,73;0,98;0,24;0,0;0,0;0,0;0,0;1,95;0,73;;5,85;17,32;0,0;3,17;4,15;0,98;2,44;1,71;0,73;0,0;1,71;0,98;0,0;0,73;0,24;1,22;;;0,0
330,0;Yuito Suzuki;jp JPN;MF,FW;Brøndby;22,0;2001,0;28,9;0,42;0,14;0,55;0,38;0,52;Matches;41,4;2,43;1,01;0,16;0,38;90,2;1,59;0,31;-0,64;1,11;1,04;89,86;0,42;0,14;0,55;0,38;0,03;0,07;0,1;0,0;2,42;1,0;;2,8;2,91;0,42;0,07;1,21;0,0;1,87;1,56;0,31;0,0;1,18;0,73;0,1;3,53;0,35;0,87;;;0,0
316,0;Zidan Sertdemir;dk DEN;MF,FW;Nordsjælland;19,0;2005,0;12,4;0,08;0,08;0,16;0,08;0,16;Matches;22,2;0,73;0,16;0,11;0,5;38,8;1,48;-0,24;-0,24;2,5;0,81;90,0;0,08;0,08;0,16;0,08;0,0;0,0;0,08;0,0;0,73;0,16;;2,9;5,56;0,16;1,69;1,61;0,08;1,94;2,18;-0,24;0,0;1,37;1,37;0,0;0,24;0,56;1,13;;;0,0
368,0;Žan Zaletel;si SVN;DF;Viborg;24,0;1999,0;4,2;0,0;0,0;0,0;0,0;0,0;Matches;0,0;0,24;0,0;0,0;;13,0;0,4;-0,96;-1,36;1,19;1,19;89,05;0,0;0,0;0,0;0,0;0,0;0,0;0,0;0,0;0,24;0,0;;17,86;17,86;0,95;0,0;;0,0;1,9;2,86;-0,95;0,0;0,24;0,24;0,24;0,0;1,19;0,48;;;0,0
