Rk,Player,Nation,Pos,Squad,Age,Born,90s,Touches,Def Pen,Def 3rd,Mid 3rd,Att 3rd,Att Pen,Live,Att,Succ,Succ%,Tkld,Tkld%,Carries,TotDist,PrgDist,PrgC,1/3,CPA,Mis,Dis,Rec,PrgR,Matches,SCA,SCA90,PassLive,PassDead,TO,Sh,Fld,Def,GCA,GCA90,PassLive.1,PassDead.1,TO.1,Sh.1,Fld.1,Def.1
73,Abdoulie Ceesay,gm GAM,FW,St. Pauli,21-139,2004.0,0.7,26,0,2,13,11,2,26,0,0,,0,,12,32,3,0,0,0,4,3,18,8,Matches,1,1.48,1,0,0,0,0,0,0,0.0,0,0,0,0,0,0
21,Adam Aznou,ma MAR,DF,Bayern Munich,18-356,2006.0,0.2,18,1,1,7,11,0,18,0,0,,0,,12,40,16,0,2,0,0,0,14,2,Matches,0,0.0,0,0,0,0,0,0,0,0.0,0,0,0,0,0,0
110,Adam Dźwigała,pl POL,"DF,MF",St. Pauli,29-241,1995.0,4.1,280,30,106,138,36,6,280,2,1,50.0,1,50.0,110,363,164,1,0,0,2,2,152,4,Matches,5,1.21,5,0,0,0,0,0,0,0.0,0,0,0,0,0,0
169,Adam Hložek,cz CZE,"FW,MF",Hoffenheim,22-303,2002.0,20.8,761,20,73,334,367,114,761,64,33,51.6,27,42.2,429,2621,1336,54,31,19,51,37,552,102,Matches,57,2.74,41,1,7,4,4,0,10,0.48,6,1,2,1,0,0
34,Adrian Beck,de GER,"MF,FW",Heidenheim,27-349,1997.0,17.8,962,23,184,502,296,53,962,75,40,53.3,30,40.0,553,3077,1192,37,17,11,42,26,584,83,Matches,56,3.16,37,4,10,4,1,0,4,0.23,2,1,1,0,0,0
342,Alassane Pléa,fr FRA,"MF,FW",Gladbach,32-075,1993.0,21.1,979,3,81,494,412,77,978,43,17,39.5,23,53.5,601,3068,1698,51,31,14,40,22,773,141,Matches,72,3.41,58,2,5,1,5,1,14,0.66,10,1,2,0,1,0
128,Aleix García,es ESP,MF,Leverkusen,27-330,1997.0,16.2,1503,45,225,831,452,11,1503,5,4,80.0,1,20.0,787,3463,1633,27,34,1,10,5,1169,47,Matches,60,3.71,39,16,0,4,0,1,10,0.62,5,3,0,2,0,0
332,Aleksandar Pavlovic,de GER,MF,Bayern Munich,21-021,2004.0,16.1,1648,17,194,1100,363,11,1648,5,5,100.0,0,0.0,1035,4360,1984,15,43,3,13,2,1401,33,Matches,30,1.86,29,0,0,1,0,0,3,0.19,3,0,0,0,0,0
46,Alexander Bernhardsson,se SWE,"FW,MF",Holstein Kiel,26-258,1998.0,14.0,520,23,109,223,202,41,520,53,22,41.5,26,49.1,264,1650,839,25,19,13,36,18,304,72,Matches,36,2.57,21,5,4,4,1,1,7,0.5,2,0,2,1,1,1
274,Alexander Meyer,de GER,GK,Dortmund,34-041,1991.0,2.0,87,64,86,1,0,0,87,0,0,,0,,51,295,130,0,0,0,0,0,42,0,Matches,1,0.5,1,0,0,0,0,0,0,0.0,0,0,0,0,0,0
309,Alexander Nübel,de GER,GK,Stuttgart,28-236,1996.0,34.0,1377,1113,1366,13,0,0,1377,1,1,100.0,0,0.0,823,3832,2255,0,0,0,1,0,805,0,Matches,10,0.29,8,2,0,0,0,0,3,0.09,3,0,0,0,0,0
345,Alexander Prass,at AUT,DF,Hoffenheim,23-363,2001.0,17.4,1199,71,351,531,325,32,1199,42,20,47.6,17,40.5,605,2773,1327,28,30,5,21,10,689,66,Matches,35,2.01,29,1,4,0,1,0,5,0.29,3,1,0,0,1,0
390,Alexander Schwolow,de GER,GK,Union Berlin,32-356,1992.0,6.0,218,177,218,0,0,0,218,0,0,,0,,138,591,322,0,0,0,0,0,123,0,Matches,0,0.0,0,0,0,0,0,0,0,0.0,0,0,0,0,0,0
82,Alexis Claude-Maurice,fr FRA,"MF,FW",Augsburg,26-352,1998.0,23.4,994,13,112,479,431,64,994,90,42,46.7,40,44.4,619,4039,1888,59,47,9,85,50,727,102,Matches,77,3.29,54,1,8,3,11,0,6,0.26,3,0,1,0,2,0
22,Aliou Badara Baldé,gn GUI,"MF,FW",Bochum,22-163,2002.0,1.0,43,0,2,18,25,2,43,9,2,22.2,6,66.7,30,207,129,2,4,0,5,3,29,5,Matches,3,2.93,2,0,1,0,0,0,0,0.0,0,0,0,0,0,0
213,Aljoscha Kemlein,de GER,MF,Union Berlin,20-295,2004.0,10.2,549,16,117,331,105,18,549,9,6,66.7,3,33.3,260,952,437,5,5,1,11,1,329,19,Matches,21,2.05,18,2,0,0,0,1,2,0.2,1,0,0,0,0,1
202,Almugera Kabar,de GER,DF,Dortmund,18-352,2006.0,1.5,114,0,27,68,20,1,114,2,1,50.0,0,0.0,71,285,101,5,3,0,0,3,78,2,Matches,3,1.99,3,0,0,0,0,0,0,0.0,0,0,0,0,0,0
95,Alphonso Davies,ca CAN,DF,Bayern Munich,24-203,2000.0,17.3,1463,33,263,720,498,49,1463,68,31,45.6,31,45.6,895,5191,2807,81,53,21,33,19,1057,140,Matches,61,3.52,52,0,4,3,2,0,8,0.46,6,0,1,1,0,0
161,Amadou Haidara,ml MLI,MF,RB Leipzig,27-113,1998.0,14.7,1100,62,257,693,157,14,1100,12,7,58.3,5,41.7,505,1801,733,7,6,0,6,7,691,24,Matches,29,1.98,26,0,0,2,1,0,3,0.2,2,0,0,1,0,0
92,Ameen Al-Dakhil,be BEL,DF,Stuttgart,23-079,2002.0,4.8,407,67,217,185,6,0,407,0,0,,0,,239,1305,616,1,0,0,3,0,264,0,Matches,4,0.83,3,0,0,1,0,0,0,0.0,0,0,0,0,0,0
3,Amine Adli,ma MAR,"MF,FW",Leverkusen,25-014,2000.0,8.5,468,4,40,152,286,53,468,32,15,46.9,16,50.0,248,1501,838,37,25,11,20,6,350,100,Matches,29,3.41,19,0,2,4,4,0,0,0.0,0,0,0,0,0,0
340,Amos Pieper,de GER,DF,Werder Bremen,27-127,1998.0,16.6,1136,168,595,482,60,11,1136,3,2,66.7,1,33.3,570,2403,1110,11,7,0,4,3,671,3,Matches,5,0.3,5,0,0,0,0,0,0,0.0,0,0,0,0,0,0
8,Andreas Albers,dk DEN,FW,St. Pauli,35-062,1990.0,0.7,44,0,2,17,26,8,44,3,2,66.7,0,0.0,24,129,18,1,0,0,4,6,40,6,Matches,2,2.95,2,0,0,0,0,0,0,0.0,0,0,0,0,0,0
162,Andreas Hanche-Olsen,no NOR,DF,Mainz 05,28-127,1997.0,14.3,812,114,453,325,38,21,812,1,1,100.0,0,0.0,394,1493,581,2,4,0,8,3,469,5,Matches,5,0.35,3,0,0,2,0,0,1,0.07,1,0,0,0,0,0
407,Andreas Skov Olsen,dk DEN,"FW,MF",Wolfsburg,25-146,1999.0,5.9,329,9,64,112,154,27,329,14,4,28.6,9,64.3,188,1102,570,22,11,7,7,5,226,48,Matches,32,5.38,24,4,1,2,1,0,1,0.17,0,1,0,0,0,0
185,Andrej Ilic,rs SRB,FW,Union Berlin,25-051,2000.0,10.4,302,10,32,139,135,45,301,7,1,14.3,6,85.7,151,560,167,5,6,4,32,9,209,59,Matches,15,1.44,9,0,1,3,2,0,2,0.19,1,0,0,1,0,0
231,Andrej Kramarić,hr CRO,"MF,FW",Hoffenheim,33-339,1991.0,30.7,1554,11,176,715,676,131,1551,47,20,42.6,22,46.8,938,5047,2534,75,55,22,46,38,1153,202,Matches,102,3.32,78,13,2,7,2,0,14,0.46,11,1,0,1,1,0
381,András Schäfer,hu HUN,MF,Union Berlin,26-041,1999.0,17.0,799,39,185,410,211,20,799,29,13,44.8,13,44.8,362,1697,698,23,16,4,27,9,400,42,Matches,29,1.7,21,0,1,1,5,1,3,0.18,2,0,1,0,0,0
397,André Silva,pt POR,FW,Werder Bremen,29-199,1995.0,4.2,176,4,11,78,89,26,174,16,1,6.3,12,75.0,103,529,199,6,6,4,13,9,124,28,Matches,15,3.6,11,0,1,2,1,0,1,0.24,1,0,0,0,0,0
398,André Silva,pt POR,"FW,MF",RB Leipzig,29-199,1995.0,1.5,65,3,11,22,34,10,64,0,0,,0,,35,291,152,6,1,3,6,1,39,11,Matches,15,3.6,11,0,1,2,1,0,1,0.24,1,0,0,0,0,0
211,Andu Kelati,de GER,"MF,DF",Holstein Kiel,22-284,2002.0,3.2,159,4,30,90,43,9,159,4,3,75.0,1,25.0,88,310,129,3,0,0,8,4,106,11,Matches,9,2.81,8,0,0,1,0,0,1,0.31,1,0,0,0,0,0
418,Angelo Stiller,de GER,MF,Stuttgart,24-050,2001.0,30.5,2781,75,486,1752,556,35,2781,30,20,66.7,10,33.3,1588,7214,3723,39,39,3,21,25,2112,69,Matches,111,3.64,88,17,2,0,3,1,10,0.33,8,2,0,0,0,0
78,Anrie Chase,jp JPN,DF,Stuttgart,21-061,2004.0,8.2,622,65,253,334,40,4,622,5,2,40.0,3,60.0,334,1209,546,6,7,0,4,1,453,2,Matches,8,0.98,7,0,0,1,0,0,0,0.0,0,0,0,0,0,0
219,Ansgar Knauff,de GER,"MF,DF",Eint Frankfurt,23-134,2002.0,17.7,775,20,141,310,336,75,775,56,26,46.4,25,44.6,435,2574,1526,53,35,19,47,17,477,146,Matches,62,3.5,38,0,12,4,6,2,10,0.56,5,0,3,1,0,1
69,Anthony Caci,fr FRA,DF,Mainz 05,27-327,1997.0,29.8,1973,70,398,884,709,62,1973,64,29,45.3,31,48.4,960,3680,1650,45,25,13,44,24,1161,152,Matches,95,3.18,73,17,2,2,0,1,11,0.37,11,0,0,0,0,0
198,Anthony Jung,de GER,DF,Werder Bremen,33-202,1991.0,21.1,1695,231,901,733,72,1,1695,9,7,77.8,1,11.1,1044,4729,2322,20,20,0,13,2,1165,6,Matches,14,0.66,14,0,0,0,0,0,1,0.05,1,0,0,0,0,0
248,Anthony Losilla,fr FRA,MF,Bochum,39-075,1986.0,12.6,547,37,149,313,89,2,547,5,1,20.0,4,80.0,223,810,326,3,3,1,10,7,284,11,Matches,19,1.5,18,0,0,0,1,0,2,0.16,2,0,0,0,0,0
365,Anthony Rouault,fr FRA,DF,Stuttgart,23-360,2001.0,13.5,1014,125,512,476,33,11,1014,5,2,40.0,3,60.0,573,2545,1121,6,6,0,4,4,697,4,Matches,11,0.82,9,0,0,0,1,1,0,0.0,0,0,0,0,0,0
411,Anton Stach,de GER,"MF,DF",Hoffenheim,26-190,1998.0,28.7,1925,141,578,1077,292,32,1925,35,15,42.9,18,51.4,1002,5221,2932,33,31,5,23,10,1136,36,Matches,63,2.19,50,1,4,4,3,1,5,0.17,5,0,0,0,0,0
310,Antonio Nusa,no NOR,"MF,DF",RB Leipzig,20-037,2005.0,17.3,802,19,137,316,362,54,802,86,39,45.3,39,45.3,480,3164,1634,57,36,26,38,31,557,123,Matches,41,2.37,29,0,8,0,4,0,5,0.29,4,0,0,0,1,0
184,Arijon Ibrahimović,de GER,FW,Bayern Munich,19-164,2005.0,0.0,3,0,2,1,0,0,3,1,1,100.0,0,0.0,3,20,5,0,0,0,0,0,3,0,Matches,0,0.0,0,0,0,0,0,0,0,0.0,0,0,0,0,0,0
136,Armin Gigovic,ba BIH,MF,Holstein Kiel,23-048,2002.0,21.1,935,56,240,509,201,38,935,55,20,36.4,26,47.3,476,2986,1268,37,23,7,45,23,536,45,Matches,39,1.85,29,2,1,1,6,0,7,0.33,3,1,1,0,2,0
394,Armindo Sieb,de GER,"FW,MF",Mainz 05,22-096,2003.0,8.5,333,4,33,147,156,46,333,36,11,30.6,24,66.7,184,1187,551,28,7,8,33,25,238,64,Matches,17,2.0,10,0,2,4,1,0,4,0.47,3,0,0,1,0,0
308,Arnaud Nordin,fr FRA,"DF,MF",Mainz 05,26-341,1998.0,0.9,68,3,9,20,39,7,68,5,1,20.0,3,60.0,34,213,58,3,1,3,5,3,42,15,Matches,4,4.5,3,1,0,0,0,0,0,0.0,0,0,0,0,0,0
116,Arne Engels,be BEL,"MF,FW",Augsburg,21-258,2003.0,0.9,32,1,1,14,17,2,32,1,0,0.0,1,100.0,17,75,38,1,3,0,0,0,24,5,Matches,1,1.14,0,0,0,1,0,0,0,0.0,0,0,0,0,0,0
253,Arne Maier,de GER,MF,Augsburg,26-136,1999.0,10.4,699,16,103,327,275,21,699,16,7,43.8,9,56.3,390,1740,823,19,18,5,21,9,451,56,Matches,44,4.23,25,17,0,2,0,0,4,0.38,1,2,0,1,0,0
18,Arthur,br BRA,DF,Leverkusen,22-068,2003.0,8.4,508,15,119,220,173,13,508,24,5,20.8,19,79.2,242,1264,698,15,14,2,13,6,309,53,Matches,7,0.84,7,0,0,0,0,0,1,0.12,1,0,0,0,0,0
79,Arthur Chaves,br BRA,DF,Hoffenheim,24-115,2001.0,24.3,1513,174,670,746,111,22,1513,10,3,30.0,6,60.0,740,2893,1314,10,17,0,11,11,919,13,Matches,23,0.95,19,0,0,2,1,1,1,0.04,0,0,0,1,0,0
429,Arthur Theate,be BEL,DF,Eint Frankfurt,24-364,2000.0,30.0,2230,237,902,1134,213,33,2230,13,10,76.9,3,23.1,1321,6297,3611,50,36,1,21,7,1431,24,Matches,47,1.56,35,1,0,6,3,2,7,0.23,6,0,0,1,0,0
457,Arthur Vermeeren,be BEL,MF,RB Leipzig,20-106,2005.0,17.5,1109,46,250,669,201,6,1109,15,6,40.0,9,60.0,536,2174,992,14,16,1,19,12,753,20,Matches,28,1.6,27,0,0,0,0,1,2,0.11,2,0,0,0,0,0
324,Assan Ouedraogo,de GER,MF,RB Leipzig,19-015,2006.0,0.6,30,0,5,15,12,4,30,3,0,0.0,3,100.0,23,193,70,2,0,3,2,6,26,2,Matches,0,0.0,0,0,0,0,0,0,0,0.0,0,0,0,0,0,0
463,Aster Vranckx,be BEL,MF,Wolfsburg,22-232,2002.0,6.2,276,30,94,149,37,4,276,6,5,83.3,1,16.7,123,487,206,5,2,0,13,5,144,6,Matches,6,0.97,5,0,0,0,1,0,1,0.16,1,0,0,0,0,0
208,Atakan Karazor,,MF,Stuttgart,28-223,1996.0,29.1,2124,86,417,1361,359,27,2124,21,12,57.1,4,19.0,1112,4676,1987,19,33,1,30,16,1426,33,Matches,43,1.48,34,1,0,3,3,2,7,0.24,5,0,0,1,0,1
11,Aurele Amenda,ch SUI,DF,Eint Frankfurt,21-297,2003.0,1.1,89,13,42,42,6,1,89,1,1,100.0,0,0.0,46,186,72,1,0,0,1,0,52,1,Matches,2,1.86,2,0,0,0,0,0,0,0.0,0,0,0,0,0,0
20,Ayman Azhil,ma MAR,MF,Dortmund,24-044,2001.0,0.3,9,0,2,4,3,0,9,1,0,0.0,1,100.0,4,12,0,0,0,0,1,1,5,1,Matches,0,0.0,0,0,0,0,0,0,0,0.0,0,0,0,0,0,0
28,Aymen Barkok,ma MAR,MF,Mainz 05,27-003,1998.0,0.8,47,2,9,22,17,1,47,3,0,0.0,2,66.7,22,139,75,2,0,0,0,0,29,6,Matches,2,2.47,1,1,0,0,0,0,0,0.0,0,0,0,0,0,0
436,Bazoumana Touré,ci CIV,"FW,MF",Hoffenheim,19-083,2006.0,6.8,291,4,37,105,156,36,291,22,12,54.5,9,40.9,183,1175,580,24,12,11,36,8,198,56,Matches,25,3.7,17,0,3,3,1,1,4,0.59,3,0,0,0,0,1
9,Ben Alexander Voll,de GER,GK,St. Pauli,24-166,2000.0,1.0,52,46,52,0,0,0,52,0,0,,0,,33,185,120,0,0,0,0,0,23,0,Matches,1,0.99,1,0,0,0,0,0,0,0.0,0,0,0,0,0,0
93,Bence Dárdai,hu HUN,MF,Wolfsburg,19-120,2006.0,14.5,595,25,144,314,137,18,595,12,3,25.0,5,41.7,287,1017,382,5,6,0,18,11,337,24,Matches,24,1.66,17,0,0,4,3,0,2,0.14,1,0,0,0,1,0
174,Benedict Hollerbach,de GER,"FW,MF",Union Berlin,24-007,2001.0,28.2,1112,19,125,446,567,138,1112,115,42,36.5,62,53.9,710,5462,2582,103,68,52,111,94,781,214,Matches,79,2.8,49,1,12,10,6,1,7,0.25,3,0,1,1,2,0
137,Benedikt Gimber,de GER,DF,Heidenheim,28-094,1997.0,29.7,1643,199,939,664,59,22,1643,16,8,50.0,4,25.0,865,3784,1673,7,9,0,25,7,965,8,Matches,15,0.51,12,0,0,1,1,1,1,0.03,0,0,0,0,1,0
339,Benedikt Pichler,at AUT,FW,Holstein Kiel,27-308,1997.0,8.7,310,13,29,149,133,44,310,18,8,44.4,9,50.0,152,863,383,18,7,8,23,12,230,58,Matches,30,3.44,20,1,2,5,2,0,3,0.34,2,0,1,0,0,0
166,Benjamin Henrichs,de GER,DF,RB Leipzig,28-090,1997.0,10.4,606,42,189,269,154,8,606,13,9,69.2,4,30.8,290,1285,438,9,7,0,9,6,345,55,Matches,20,1.93,18,1,0,1,0,0,4,0.39,4,0,0,0,0,0
393,Benjamin Šeško,si SVN,"FW,MF",RB Leipzig,21-358,2003.0,26.4,901,25,90,473,357,91,899,75,39,52.0,32,42.7,444,2670,1230,47,29,14,66,55,692,141,Matches,51,1.93,31,0,11,7,2,0,9,0.34,4,0,2,2,1,0
45,Bernardo,br BRA,DF,Bochum,30-010,1995.0,19.8,1249,118,553,605,98,28,1249,5,3,60.0,2,40.0,630,3164,1475,14,7,1,11,8,693,14,Matches,22,1.11,18,1,0,2,0,1,0,0.0,0,0,0,0,0,0
492,Budu Zivzivadze,ge GEO,FW,Heidenheim,31-075,1994.0,10.6,332,7,26,158,152,37,332,30,9,30.0,19,63.3,185,904,370,11,12,2,27,16,219,43,Matches,26,2.45,22,0,1,1,1,1,4,0.38,3,0,0,1,0,0
448,Can Uzun,tr TUR,"MF,FW",Eint Frankfurt,19-194,2005.0,7.5,395,4,33,191,174,31,395,22,11,50.0,9,40.9,265,1368,523,11,13,4,19,14,315,45,Matches,38,5.06,24,2,6,3,1,2,3,0.4,2,0,0,0,0,1
197,Carl Johansson,se SWE,DF,Holstein Kiel,31-001,1994.0,6.3,396,92,265,120,15,11,396,0,0,,0,,155,493,189,0,0,0,2,0,218,0,Matches,8,1.27,8,0,0,0,0,0,0,0.0,0,0,0,0,0,0
56,Carlo Boukhalfa,ma MAR,MF,St. Pauli,26-021,1999.0,18.3,651,28,118,315,222,29,651,28,12,42.9,16,57.1,290,1281,486,10,9,3,31,20,393,44,Matches,36,1.97,25,0,1,6,3,1,2,0.11,2,0,0,0,0,0
81,Carney Chukwuemeka,eng ENG,MF,Dortmund,21-216,2003.0,2.8,169,1,7,69,95,22,169,13,7,53.8,3,23.1,107,545,313,15,10,9,11,7,119,24,Matches,20,7.11,18,0,1,1,0,0,4,1.42,4,0,0,0,0,0
250,Castello Lukeba,fr FRA,DF,RB Leipzig,22-158,2002.0,17.5,1445,125,557,772,132,14,1445,32,20,62.5,8,25.0,806,3545,1925,18,21,2,20,11,993,23,Matches,17,0.97,14,1,2,0,0,0,1,0.06,1,0,0,0,0,0
489,Cedric Zesiger,ch SUI,DF,Augsburg,26-334,1998.0,13.6,771,101,341,371,61,9,771,4,1,25.0,3,75.0,398,1750,815,4,9,0,8,3,424,7,Matches,13,0.96,11,1,0,1,0,0,3,0.22,3,0,0,0,0,0
490,Cedric Zesiger,ch SUI,DF,Wolfsburg,26-334,1998.0,5.8,303,48,153,131,19,0,303,3,3,100.0,0,0.0,135,653,299,3,0,0,1,1,154,2,Matches,13,0.96,11,1,0,1,0,0,3,0.22,3,0,0,0,0,0
125,Chris Führich,de GER,"MF,FW",Stuttgart,27-135,1998.0,22.0,1220,20,109,438,687,115,1220,85,40,47.1,42,49.4,782,6087,3161,114,68,54,37,26,905,202,Matches,85,3.86,68,6,4,7,0,0,8,0.36,6,1,0,1,0,0
267,Chrislain Matsima,fr FRA,DF,Augsburg,23-009,2002.0,28.3,1669,229,700,846,138,24,1669,12,7,58.3,4,33.3,910,3558,1731,14,18,2,20,9,989,13,Matches,17,0.6,17,0,0,0,0,0,1,0.04,1,0,0,0,0,0
158,Christian Günter,de GER,DF,Freiburg,32-085,1993.0,25.7,1304,63,360,521,427,27,1304,9,3,33.3,6,66.7,559,2125,970,19,19,7,15,4,764,109,Matches,53,2.06,40,8,0,3,2,0,4,0.16,3,1,0,0,0,0
32,Christoph Baumgartner,at AUT,MF,RB Leipzig,25-296,1999.0,17.9,910,49,167,451,311,65,910,42,17,40.5,19,45.2,438,2576,1434,37,35,7,47,31,575,95,Matches,42,2.35,31,0,3,6,1,1,6,0.34,3,0,1,2,0,0
441,Christopher Trimmel,at AUT,"DF,MF",Union Berlin,38-089,1987.0,19.3,979,91,300,427,256,13,979,8,2,25.0,5,62.5,365,1582,691,18,7,2,10,8,423,45,Matches,57,2.94,30,25,0,1,1,0,6,0.31,3,3,0,0,0,0
70,Cole Campbell,us USA,"MF,FW",Dortmund,19-093,2006.0,0.2,21,2,4,9,8,0,21,1,0,0.0,1,100.0,10,57,34,1,0,0,3,0,13,1,Matches,0,0.0,0,0,0,0,0,0,0,0.0,0,0,0,0,0,0
272,Connor Metcalfe,au AUS,"MF,FW",St. Pauli,25-200,1999.0,4.0,156,10,38,69,52,4,156,6,3,50.0,1,16.7,58,296,165,6,5,2,5,0,80,11,Matches,6,1.5,2,2,0,0,2,0,0,0.0,0,0,0,0,0,0
127,Cristian Gamboa,cr CRC,DF,Bochum,35-212,1989.0,2.5,154,6,47,75,34,4,154,2,0,0.0,2,100.0,84,375,147,2,1,1,3,0,85,9,Matches,6,2.39,4,0,0,0,2,0,0,0.0,0,0,0,0,0,0
486,Dan-Axel Zagadou,fr FRA,"DF,MF",Stuttgart,25-355,1999.0,0.3,12,1,10,2,0,0,12,0,0,,0,,6,11,1,0,1,0,0,0,9,0,Matches,0,0.0,0,0,0,0,0,0,0,0.0,0,0,0,0,0,0
401,Danel Sinani,lu LUX,"FW,MF",St. Pauli,28-049,1997.0,13.9,693,11,61,336,302,30,693,22,10,45.5,9,40.9,297,1440,630,16,15,6,31,16,433,64,Matches,60,4.32,32,18,1,5,3,1,4,0.29,3,0,0,1,0,0
479,Dani de Wit,nl NED,"MF,FW",Bochum,27-116,1998.0,12.8,558,27,97,315,146,37,558,8,1,12.5,5,62.5,244,815,315,5,4,0,11,3,311,37,Matches,22,1.72,14,1,0,4,2,1,2,0.16,0,0,0,1,1,0
335,Daniel Peretz,il ISR,GK,Bayern Munich,24-318,2000.0,3.0,106,63,97,9,0,0,106,0,0,,0,,67,338,177,0,0,0,0,0,77,0,Matches,0,0.0,0,0,0,0,0,0,0,0.0,0,0,0,0,0,0
422,Daniel Svensson,se SWE,"DF,FW",Dortmund,23-101,2002.0,8.7,580,24,146,214,224,25,580,5,1,20.0,3,60.0,303,1155,557,11,6,5,6,7,358,51,Matches,20,2.3,16,4,0,0,0,0,3,0.35,3,0,0,0,0,0
103,Danilho Doekhi,nl NED,DF,Union Berlin,26-328,1998.0,34.0,1654,182,783,739,143,64,1654,5,3,60.0,1,20.0,883,3986,1988,13,10,0,13,6,1000,14,Matches,32,0.94,21,0,0,8,2,1,4,0.12,2,0,0,2,0,0
86,Danny da Costa,de GER,DF,Mainz 05,31-315,1993.0,22.3,1451,98,566,781,115,2,1451,17,8,47.1,9,52.9,813,3463,1613,21,19,2,22,7,886,22,Matches,31,1.39,29,0,1,0,0,1,3,0.13,3,0,0,0,0,0
200,David Jurásek,cz CZE,DF,Hoffenheim,24-290,2000.0,6.9,499,16,132,194,176,9,499,12,3,25.0,8,66.7,238,1299,599,17,21,1,6,5,310,42,Matches,19,2.76,15,2,0,1,1,0,1,0.15,1,0,0,0,0,0
281,David Mokwa,fr FRA,"DF,FW",Hoffenheim,21-021,2004.0,0.2,11,0,2,4,5,2,11,1,1,100.0,0,0.0,5,29,9,0,0,0,2,2,5,0,Matches,0,0.0,0,0,0,0,0,0,0,0.0,0,0,0,0,0,0
298,David Nemeth,at AUT,DF,St. Pauli,24-067,2001.0,23.7,1338,158,666,622,58,10,1338,9,4,44.4,5,55.6,697,3670,1853,14,9,0,12,3,833,5,Matches,8,0.34,7,1,0,0,0,0,2,0.08,1,1,0,0,0,0
311,David Odogu,de GER,DF,Wolfsburg,18-355,2006.0,2.2,143,20,78,62,3,3,143,0,0,,0,,78,412,177,1,0,0,1,0,79,0,Matches,1,0.46,1,0,0,0,0,0,0,0.0,0,0,0,0,0,0
346,David Preu,de GER,"MF,DF",Union Berlin,20-210,2004.0,1.3,63,5,16,26,21,2,63,7,2,28.6,4,57.1,31,98,47,1,1,1,4,2,32,9,Matches,4,2.98,1,1,2,0,0,0,0,0.0,0,0,0,0,0,0
352,David Raum,de GER,DF,RB Leipzig,27-032,1998.0,19.8,1389,58,375,531,497,56,1389,28,11,39.3,13,46.4,593,2580,1421,36,21,4,16,9,787,127,Matches,73,3.68,42,26,2,1,0,2,7,0.35,3,3,0,1,0,0
487,David Zec,si SVN,DF,Holstein Kiel,25-139,2000.0,17.1,1049,206,654,363,39,24,1049,9,5,55.6,4,44.4,527,2288,1173,3,3,1,11,5,633,2,Matches,13,0.76,13,0,0,0,0,0,0,0.0,0,0,0,0,0,0
446,Dayot Upamecano,fr FRA,DF,Bayern Munich,26-209,1998.0,19.5,2101,96,626,1364,116,17,2101,6,3,50.0,3,50.0,1440,7122,4165,17,27,0,6,4,1632,4,Matches,20,1.02,20,0,0,0,0,0,0,0.0,0,0,0,0,0,0
431,Denis Thomalla,de GER,MF,Heidenheim,32-281,1992.0,0.0,1,0,0,1,0,0,1,0,0,,0,,1,8,0,0,0,0,0,0,0,0,Matches,0,0.0,0,0,0,0,0,0,0,0.0,0,0,0,0,0,0
454,Denis Vavro,sk SVK,DF,Wolfsburg,29-044,1996.0,27.3,1901,306,992,843,72,20,1901,6,3,50.0,3,50.0,1036,4110,1713,9,12,2,8,1,1142,3,Matches,27,0.99,19,0,1,5,1,1,5,0.18,2,0,0,3,0,0
445,Deniz Undav,de GER,"FW,MF",Stuttgart,28-309,1996.0,19.2,797,11,61,379,369,118,797,24,10,41.7,13,54.2,469,2107,964,31,18,12,51,28,624,141,Matches,58,3.02,44,0,0,11,0,3,8,0.42,4,0,0,3,0,1
131,Dennis Geiger,de GER,"MF,FW",Hoffenheim,26-348,1998.0,8.2,441,14,84,260,99,8,441,8,4,50.0,2,25.0,259,1326,605,12,15,2,9,8,303,21,Matches,26,3.18,23,1,1,0,1,0,0,0.0,0,0,0,0,0,0
223,Derrick Köhn,de GER,"DF,FW",Werder Bremen,26-109,1999.0,14.9,908,34,232,360,325,31,908,41,15,36.6,21,51.2,549,2550,1333,36,24,7,23,12,587,122,Matches,38,2.55,31,1,2,1,3,0,4,0.27,4,0,0,0,0,0
374,Diadie Samassékou,ml MLI,MF,Hoffenheim,29-133,1996.0,3.2,190,8,36,114,42,1,190,5,4,80.0,1,20.0,92,317,112,3,3,0,1,3,122,2,Matches,4,1.24,3,0,0,0,1,0,0,0.0,0,0,0,0,0,0
135,Dimitris Giannoulis,gr GRE,DF,Augsburg,29-219,1995.0,29.4,1802,81,474,722,626,48,1802,82,29,35.4,48,58.5,845,4024,2189,60,37,12,49,13,968,164,Matches,76,2.58,66,4,2,2,1,1,6,0.2,5,0,0,1,0,0
243,Diogo Leite,pt POR,DF,Union Berlin,26-121,1999.0,28.3,1803,205,792,842,183,36,1803,15,10,66.7,4,26.7,853,3583,1896,20,18,0,18,7,959,16,Matches,33,1.17,25,2,1,1,4,0,3,0.11,2,0,0,0,1,0
193,Dominik Javorček,sk SVK,"DF,MF",Holstein Kiel,22-203,2002.0,4.3,221,30,104,60,57,2,221,5,4,80.0,1,20.0,91,460,249,7,2,0,5,1,113,23,Matches,7,1.63,4,3,0,0,0,0,2,0.47,1,1,0,0,0,0
224,Dominik Kohr,de GER,"DF,MF",Mainz 05,31-113,1994.0,25.5,1693,220,814,744,143,22,1693,9,5,55.6,4,44.4,835,3853,1745,26,20,4,20,7,998,31,Matches,29,1.14,25,1,1,2,0,0,2,0.08,1,0,0,1,0,0
259,Donyell Malen,nl NED,"FW,MF",Dortmund,26-135,1999.0,6.8,278,3,23,84,175,46,278,32,11,34.4,19,59.4,187,911,439,23,9,17,16,9,214,75,Matches,12,1.76,9,0,2,1,0,0,3,0.44,3,0,0,0,0,0
425,Edmond Tapsoba,bf BFA,DF,Leverkusen,26-111,1999.0,27.9,2214,145,692,1279,255,23,2214,19,11,57.9,8,42.1,1326,7109,4141,52,39,1,16,5,1564,17,Matches,34,1.22,29,1,1,2,1,0,6,0.22,6,0,0,0,0,0
49,El Bilal Touré,ml MLI,"FW,MF",Stuttgart,23-233,2001.0,4.0,137,1,6,49,85,23,137,6,3,50.0,3,50.0,72,379,168,6,5,4,10,2,110,25,Matches,11,2.78,8,0,1,2,0,0,1,0.25,1,0,0,0,0,0
75,El Chadaille Bitshiabu,fr FRA,DF,RB Leipzig,20-008,2005.0,12.6,1058,149,470,547,46,12,1058,3,2,66.7,1,33.3,516,2198,1052,4,3,1,11,1,674,2,Matches,14,1.11,12,0,1,0,0,1,1,0.08,1,0,0,0,0,0
369,Elias Saad,tn TUN,"FW,MF",St. Pauli,25-148,1999.0,10.0,427,3,42,169,224,44,427,54,16,29.6,26,48.1,301,1897,843,29,23,14,57,36,319,76,Matches,35,3.5,20,1,4,4,5,1,4,0.4,1,0,2,1,0,0
114,Elif Elmas,mk MKD,MF,RB Leipzig,25-242,1999.0,0.5,28,1,10,13,5,2,28,1,1,100.0,0,0.0,13,33,11,0,0,0,0,2,17,2,Matches,1,2.05,1,0,0,0,0,0,0,0.0,0,0,0,0,0,0
405,Ellyes Skhiri,tn TUN,MF,Eint Frankfurt,30-014,1995.0,24.8,1544,86,446,901,202,21,1544,15,11,73.3,3,20.0,823,3604,1673,17,17,3,25,7,1047,27,Matches,49,1.98,42,0,0,2,1,4,5,0.2,3,0,0,1,0,1
355,Elvis Rexhbeçaj,xk KVX,MF,Augsburg,27-204,1997.0,19.8,887,36,150,398,348,31,887,32,10,31.3,18,56.3,463,2042,978,31,26,8,31,25,539,82,Matches,56,2.82,35,11,0,7,3,0,5,0.25,5,0,0,0,0,0
465,Elye Wahi,fr FRA,"FW,MF",Eint Frankfurt,22-142,2003.0,2.2,66,1,5,21,41,14,66,8,6,75.0,1,12.5,43,265,133,6,3,4,7,5,52,19,Matches,4,1.83,2,0,1,1,0,0,0,0.0,0,0,0,0,0,0
64,Emi Buendía,ar ARG,MF,Leverkusen,28-150,1996.0,2.9,198,0,21,107,71,12,198,11,6,54.5,2,18.2,108,326,113,2,3,1,10,8,153,24,Matches,12,4.17,6,0,1,3,2,0,1,0.35,0,0,0,1,0,0
71,Emre Can,de GER,"DF,MF",Dortmund,31-132,1994.0,23.4,2156,150,787,1207,174,12,2154,26,15,57.7,9,34.6,1405,6693,3628,20,32,2,18,10,1582,12,Matches,32,1.37,28,0,0,2,1,1,2,0.09,2,0,0,0,0,0
276,Enzo Millot,fr FRA,"MF,FW",Stuttgart,22-311,2002.0,20.5,1397,9,180,760,470,75,1396,67,31,46.3,35,52.2,848,4659,1826,44,34,12,46,36,1067,123,Matches,66,3.22,49,2,5,7,3,0,10,0.49,8,0,1,1,0,0
101,Eren Dinkçi,de GER,"MF,FW",Freiburg,23-162,2001.0,13.3,552,6,71,259,233,36,552,39,16,41.0,23,59.0,269,1733,941,33,26,9,31,12,347,71,Matches,43,3.23,36,0,3,1,2,1,5,0.38,5,0,0,0,0,0
485,Erencan Yardimci,tr TUR,"FW,MF",Hoffenheim,23-109,2002.0,3.5,99,4,9,51,39,12,99,0,0,,0,,41,147,87,4,4,1,13,3,67,12,Matches,5,1.44,2,0,0,3,0,0,2,0.58,0,0,0,2,0,0
265,Erhan Mašović,rs SRB,DF,Bochum,26-183,1998.0,10.1,539,75,276,244,21,11,539,1,0,0.0,1,100.0,290,1123,513,1,1,0,5,3,323,4,Matches,7,0.69,7,0,0,0,0,0,1,0.1,1,0,0,0,0,0
99,Eric Dier,eng ENG,DF,Bayern Munich,31-129,1994.0,16.3,1591,127,535,994,67,19,1591,3,2,66.7,1,33.3,944,4081,2174,12,10,0,7,2,1157,1,Matches,13,0.8,11,0,0,2,0,0,2,0.12,1,0,0,1,0,0
410,Eric Smith,se SWE,"DF,MF",St. Pauli,28-136,1997.0,31.4,1956,161,674,985,315,8,1956,5,3,60.0,2,40.0,838,3771,1730,16,19,0,11,7,1130,11,Matches,66,2.1,33,27,0,4,1,1,2,0.06,2,0,0,0,0,0
6,Erik Ahlstrand,se SWE,"FW,MF",St. Pauli,23-222,2001.0,0.5,22,0,2,10,10,2,22,0,0,,0,,12,68,26,1,2,0,3,0,14,3,Matches,0,0.0,0,0,0,0,0,0,0,0.0,0,0,0,0,0,0
97,Ermedin Demirović,ba BIH,FW,Stuttgart,27-060,1998.0,20.6,582,10,45,239,301,126,580,25,5,20.0,19,76.0,305,1388,586,20,16,9,39,27,437,115,Matches,47,2.28,35,0,2,7,3,0,7,0.34,4,0,0,2,1,0
327,Exequiel Palacios,ar ARG,MF,Leverkusen,26-231,1998.0,12.8,1144,19,140,659,348,12,1144,12,8,66.7,4,33.3,660,2279,969,15,17,1,17,20,901,40,Matches,47,3.67,41,0,2,1,0,3,9,0.7,8,0,0,1,0,0
357,Fabian Rieder,ch SUI,"MF,FW",Stuttgart,23-097,2002.0,9.6,492,6,60,215,228,17,492,19,9,47.4,10,52.6,253,1466,631,20,15,3,21,13,315,61,Matches,35,3.63,22,4,2,4,3,0,5,0.52,2,1,1,0,1,0
80,Fabio Chiarodia,it ITA,DF,Gladbach,19-353,2005.0,4.2,298,71,170,119,9,5,298,0,0,,0,,130,562,249,1,0,0,1,0,151,1,Matches,2,0.47,2,0,0,0,0,0,0,0.0,0,0,0,0,0,0
371,Faik Sakar,de GER,MF,RB Leipzig,17-130,2008.0,0.0,0,0,0,0,0,0,0,0,0,,0,,0,0,0,0,0,0,0,0,0,0,Matches,0,0.0,0,0,0,0,0,0,0,0.0,0,0,0,0,0,0
76,Fares Chaïbi,dz ALG,"MF,FW",Eint Frankfurt,22-177,2002.0,11.3,588,30,108,240,246,34,588,12,7,58.3,3,25.0,288,1412,668,20,13,4,19,7,361,73,Matches,50,4.43,32,10,1,5,1,1,7,0.62,6,1,0,0,0,0
5,Felix Agu,de GER,DF,Werder Bremen,25-239,1999.0,19.5,1045,48,315,465,270,37,1045,35,9,25.7,19,54.3,545,2589,1278,33,12,8,33,12,605,105,Matches,35,1.8,30,1,2,0,2,0,1,0.05,1,0,0,0,0,0
306,Felix Nmecha,de GER,MF,Dortmund,24-226,2000.0,16.8,1083,54,217,651,228,19,1083,26,17,65.4,4,15.4,632,3273,1437,21,21,4,19,14,782,27,Matches,32,1.91,25,0,3,2,2,0,6,0.36,3,0,1,1,1,0
331,Felix Passlack,de GER,"DF,MF",Bochum,26-360,1998.0,25.9,1290,78,341,530,428,48,1290,31,12,38.7,17,54.8,588,2916,1278,43,32,12,24,12,658,118,Matches,48,1.85,38,5,0,3,2,0,7,0.27,6,1,0,0,0,0
417,Finley Stevens,wls WAL,DF,St. Pauli,22-044,2003.0,0.0,2,0,0,1,1,0,2,0,0,,0,,1,3,2,0,0,0,0,0,1,0,Matches,0,0.0,0,0,0,0,0,0,0,0.0,0,0,0,0,0,0
89,Finn Dahmen,de GER,GK,Augsburg,27-058,1998.0,19.0,811,553,790,21,0,0,811,0,0,,0,,479,2439,1355,0,0,0,0,0,426,0,Matches,2,0.11,2,0,0,0,0,0,1,0.05,1,0,0,0,0,0
194,Finn Jeltsch,de GER,DF,Stuttgart,18-311,2006.0,8.7,727,46,234,461,34,2,727,3,2,66.7,1,33.3,476,3112,1472,8,11,1,10,1,525,5,Matches,2,0.23,2,0,0,0,0,0,0,0.0,0,0,0,0,0,0
314,Finn Ole Becker,de GER,MF,Hoffenheim,24-350,2000.0,7.4,461,21,118,274,75,2,461,14,6,42.9,6,42.9,256,1010,469,3,7,0,9,8,300,7,Matches,20,2.69,17,0,2,0,1,0,3,0.4,3,0,0,0,0,0
343,Finn Porath,de GER,"DF,MF",Holstein Kiel,28-090,1997.0,21.9,999,73,325,403,280,33,999,36,16,44.4,13,36.1,418,2364,1215,42,33,11,15,15,507,69,Matches,61,2.79,42,6,4,6,3,0,11,0.5,6,0,0,5,0,0
289,Florent Muslija,xk KVX,"FW,MF",Freiburg,26-322,1998.0,1.9,121,3,17,42,62,3,121,7,4,57.1,2,28.6,83,435,191,5,7,2,7,1,86,14,Matches,7,3.77,6,1,0,0,0,0,1,0.54,1,0,0,0,0,0
149,Florian Grillitsch,at AUT,MF,Hoffenheim,29-290,1995.0,6.7,488,29,140,263,92,3,488,12,5,41.7,6,50.0,270,1348,585,4,8,0,5,10,330,4,Matches,17,2.55,17,0,0,0,0,0,0,0.0,0,0,0,0,0,0
275,Florian Micheler,at AUT,MF,Hoffenheim,20-007,2005.0,0.4,12,0,2,6,4,0,12,1,1,100.0,0,0.0,11,48,28,1,1,0,0,0,10,1,Matches,0,0.0,0,0,0,0,0,0,0,0.0,0,0,0,0,0,0
284,Florian Müller,de GER,GK,Freiburg,27-192,1997.0,8.4,337,258,332,5,0,0,337,0,0,,0,,190,1027,552,0,0,0,0,0,164,0,Matches,0,0.0,0,0,0,0,0,0,0,0.0,0,0,0,0,0,0
301,Florian Neuhaus,de GER,MF,Gladbach,28-069,1997.0,4.2,292,11,68,176,52,9,292,9,5,55.6,4,44.4,159,871,530,10,10,1,9,1,193,8,Matches,17,4.02,14,0,2,1,0,0,1,0.24,1,0,0,0,0,0
478,Florian Wirtz,de GER,"MF,FW",Leverkusen,22-021,2003.0,26.1,2096,10,129,814,1177,137,2092,167,82,49.1,79,47.3,1217,7053,3641,131,72,53,58,47,1638,309,Matches,148,5.66,107,7,23,6,4,1,26,0.99,18,0,4,3,1,0
177,Franck Honorat,fr FRA,FW,Gladbach,28-286,1996.0,16.0,762,30,127,260,389,60,762,32,12,37.5,19,59.4,373,2613,1549,63,35,26,22,12,456,124,Matches,83,5.19,46,26,3,7,0,1,8,0.5,4,4,0,0,0,0
119,Frank Feller,de GER,GK,Heidenheim,21-137,2004.0,1.3,70,53,70,0,0,0,70,0,0,,0,,34,104,37,0,0,0,0,0,37,0,Matches,1,0.74,0,1,0,0,0,0,1,0.74,0,1,0,0,0,0
318,Frank Onyeka,ng NGA,MF,Augsburg,27-143,1998.0,28.7,1339,60,244,766,354,37,1339,54,18,33.3,26,48.1,754,4272,1921,46,40,8,49,34,815,71,Matches,50,1.74,41,2,1,1,5,0,4,0.14,1,1,1,1,0,0
232,Frans Krätzig,de GER,"DF,MF",Heidenheim,22-130,2003.0,13.5,676,23,186,289,210,26,676,20,9,45.0,11,55.0,372,1784,822,25,17,6,21,8,403,57,Matches,45,3.33,31,10,2,0,0,2,2,0.15,2,0,0,0,0,0
233,Frans Krätzig,de GER,DF,Stuttgart,22-130,2003.0,0.6,48,4,12,22,14,0,48,0,0,,0,,30,85,39,0,0,0,1,0,33,2,Matches,45,3.33,31,10,2,0,0,2,2,0.15,2,0,0,0,0,0
368,Frederik Rønnow,dk DEN,GK,Union Berlin,32-293,1992.0,28.0,980,758,965,16,1,1,980,1,1,100.0,0,0.0,564,3151,1976,0,0,0,1,0,425,0,Matches,6,0.21,4,2,0,0,0,0,0,0.0,0,0,0,0,0,0
195,Fredrik Jensen,fi FIN,MF,Augsburg,27-257,1997.0,8.5,318,17,44,122,156,24,318,13,7,53.8,6,46.2,190,901,390,16,8,3,16,10,224,58,Matches,19,2.25,15,0,2,0,2,0,0,0.0,0,0,0,0,0,0
459,Gabriel Vidovic,hr CRO,MF,Bayern Munich,21-174,2003.0,0.3,14,0,2,5,7,3,14,1,0,0.0,1,100.0,11,50,2,0,0,0,1,0,9,3,Matches,0,0.0,0,0,0,0,0,0,0,0.0,0,0,0,0,0,0
460,Gabriel Vidovic,hr CRO,MF,Mainz 05,21-174,2003.0,0.0,8,0,0,4,4,1,8,0,0,,0,,3,13,5,0,0,0,1,0,5,2,Matches,0,0.0,0,0,0,0,0,0,0,0.0,0,0,0,0,0,0
176,Gerrit Holtmann,ph PHI,"DF,FW",Bochum,30-060,1995.0,12.6,571,23,111,188,281,28,571,20,6,30.0,13,65.0,336,2370,1163,50,29,9,33,10,353,97,Matches,43,3.4,34,1,2,4,0,2,3,0.24,1,1,0,0,0,1
320,Gift Orban,ng NGA,FW,Hoffenheim,22-311,2002.0,7.6,208,1,20,92,96,22,208,11,4,36.4,7,63.6,108,436,163,8,6,3,14,5,123,35,Matches,12,1.57,9,0,2,0,1,0,2,0.26,1,0,1,0,0,0
356,Gio Reyna,us USA,MF,Dortmund,22-192,2002.0,3.9,262,7,24,122,117,6,262,7,4,57.1,3,42.9,150,651,289,5,5,0,9,7,181,19,Matches,6,1.54,5,0,1,0,0,0,0,0.0,0,0,0,0,0,0
264,Giorgos Masouras,gr GRE,"FW,MF",Bochum,31-143,1994.0,11.7,403,7,54,156,202,53,403,14,5,35.7,9,64.3,220,1064,507,26,7,13,28,6,260,82,Matches,29,2.47,21,0,2,5,1,0,5,0.43,2,0,0,3,0,0
484,Granit Xhaka,ch SUI,MF,Leverkusen,32-239,1992.0,32.1,3052,85,475,1885,707,15,3052,16,7,43.8,8,50.0,1611,5928,3002,42,52,0,18,14,2368,72,Matches,120,3.74,113,4,0,1,2,0,18,0.56,17,1,0,0,0,0
351,Grant Ranos,am ARM,FW,Gladbach,21-308,2003.0,0.2,17,0,1,9,7,0,17,0,0,,0,,10,35,18,1,1,0,0,1,11,2,Matches,0,0.0,0,0,0,0,0,0,0,0.0,0,0,0,0,0,0
221,Gregor Kobel,ch SUI,GK,Dortmund,27-169,1997.0,32.0,1312,992,1300,12,0,0,1312,2,2,100.0,0,0.0,831,4028,2240,0,0,0,0,1,776,0,Matches,4,0.12,3,0,0,0,1,0,0,0.0,0,0,0,0,0,0
347,Grischa Prömel,de GER,MF,Hoffenheim,30-135,1995.0,1.9,106,4,19,71,18,0,106,1,0,0.0,1,100.0,70,300,137,2,1,0,2,2,82,3,Matches,2,1.03,1,1,0,0,0,0,1,0.52,1,0,0,0,0,0
36,Hannes Behrens,de GER,DF,Hoffenheim,,,0.3,27,0,2,11,14,2,27,1,1,100.0,0,0.0,13,59,25,0,1,0,2,0,13,7,Matches,2,6.21,1,1,0,0,0,0,0,0.0,0,0,0,0,0,0
423,Haris Tabakovic,ba BIH,FW,Hoffenheim,30-338,1994.0,9.1,334,20,40,148,147,50,334,12,4,33.3,8,66.7,165,517,164,4,8,3,25,10,240,45,Matches,16,1.76,12,0,0,4,0,0,3,0.33,2,0,0,1,0,0
207,Harry Kane,eng ENG,FW,Bayern Munich,31-300,1993.0,26.5,917,20,77,333,511,162,908,53,23,43.4,29,54.7,513,2260,954,29,19,21,41,22,716,143,Matches,89,3.36,59,1,9,15,5,0,21,0.79,12,0,2,4,3,0
466,Hauke Wahl,de GER,DF,St. Pauli,31-039,1994.0,33.0,2096,246,991,1019,99,28,2096,10,8,80.0,2,20.0,1040,6302,3938,30,14,1,10,9,1305,10,Matches,26,0.79,22,0,0,2,1,1,0,0.0,0,0,0,0,0,0
228,Henri Koudossou,de GER,DF,Augsburg,25-263,1999.0,8.3,469,32,134,189,148,12,469,17,8,47.1,8,47.1,220,1208,577,19,12,4,14,2,240,48,Matches,18,2.17,15,0,1,1,0,1,2,0.24,2,0,0,0,0,0
188,Hiroki Ito,jp JPN,DF,Bayern Munich,26-012,1999.0,2.8,245,11,65,129,52,5,245,3,1,33.3,2,66.7,126,556,240,3,6,1,3,1,175,6,Matches,5,1.81,5,0,0,0,0,0,1,0.36,1,0,0,0,0,0
182,Hong Hyunseok,kr KOR,MF,Mainz 05,25-342,1999.0,5.9,292,6,35,149,114,16,292,10,4,40.0,4,40.0,142,727,419,10,9,2,11,12,186,31,Matches,22,3.73,19,0,1,2,0,0,3,0.51,2,0,0,1,0,0
113,Hugo Ekitike,fr FRA,FW,Eint Frankfurt,22-338,2002.0,28.5,1054,27,68,430,583,196,1051,119,52,43.7,61,51.3,633,4443,2307,93,57,52,99,34,777,215,Matches,101,3.55,63,0,14,20,4,0,12,0.42,9,0,2,0,1,0
242,Hugo Larsson,se SWE,MF,Eint Frankfurt,20-331,2004.0,26.6,1478,79,425,797,265,26,1478,19,12,63.2,7,36.8,803,3137,1382,16,20,4,23,11,1006,33,Matches,57,2.14,48,0,2,5,1,1,5,0.19,2,0,1,2,0,0
403,Ibrahima Sissoko,ml MLI,MF,Bochum,27-209,1997.0,29.0,1429,80,366,785,302,51,1429,61,32,52.5,26,42.6,691,3564,1553,35,24,3,40,32,792,69,Matches,65,2.24,53,0,3,1,4,4,3,0.1,2,0,0,0,1,0
313,Ifechukwu Ogbus,ch SUI,DF,Freiburg,19-158,2005.0,0.2,15,1,7,4,4,0,15,0,0,,0,,4,8,2,0,0,0,1,0,3,0,Matches,0,0.0,0,0,0,0,0,0,0,0.0,0,0,0,0,0,0
266,Igor Matanovic,hr CRO,FW,Eint Frankfurt,22-054,2003.0,3.5,133,8,17,73,44,17,133,5,3,60.0,2,40.0,78,363,118,2,3,2,21,9,103,19,Matches,8,2.31,3,1,1,3,0,0,1,0.29,0,0,0,1,0,0
33,Ihlas Bebou,tg TOG,MF,Hoffenheim,31-031,1994.0,0.1,5,0,0,2,3,1,5,0,0,,0,,4,6,1,0,0,0,1,0,5,0,Matches,0,0.0,0,0,0,0,0,0,0,0.0,0,0,0,0,0,0
203,Issa Kaboré,bf BFA,"DF,FW",Werder Bremen,24-012,2001.0,3.4,253,12,57,95,109,16,253,21,7,33.3,13,61.9,128,898,440,15,12,5,9,2,137,35,Matches,15,4.38,9,0,1,4,1,0,4,1.17,1,0,0,2,1,0
297,Ivan Nekić,hr CRO,DF,Holstein Kiel,24-151,2000.0,0.8,50,3,29,21,0,0,50,1,0,0.0,1,100.0,19,44,10,0,0,0,1,1,35,0,Matches,0,0.0,0,0,0,0,0,0,0,0.0,0,0,0,0,0,0
322,Ivan Ordets,ua UKR,DF,Bochum,32-320,1992.0,20.7,1156,170,632,463,63,48,1156,1,1,100.0,0,0.0,510,2061,689,2,2,0,6,0,578,4,Matches,18,0.87,15,0,0,1,2,0,1,0.05,1,0,0,0,0,0
348,Ivan Prtajin,hr CRO,FW,Union Berlin,29-010,1996.0,1.8,78,3,6,29,43,12,78,1,1,100.0,0,0.0,38,98,23,1,0,1,6,3,55,17,Matches,1,0.56,1,0,0,0,0,0,0,0.0,0,0,0,0,0,0
186,Jackson Irvine,au AUS,MF,St. Pauli,32-078,1993.0,29.0,1286,77,330,689,283,75,1286,23,9,39.1,13,56.5,464,1781,897,19,18,5,42,13,710,58,Matches,56,1.93,48,0,0,4,1,3,5,0.17,3,0,0,1,0,1
62,Jacob Bruun Larsen,dk DEN,"FW,MF",Hoffenheim,26-247,1998.0,4.4,226,3,17,82,133,30,226,21,7,33.3,13,61.9,147,896,471,16,13,8,9,9,167,41,Matches,19,4.29,12,1,2,4,0,0,4,0.9,2,0,1,1,0,0
63,Jacob Bruun Larsen,dk DEN,"MF,FW",Stuttgart,26-247,1998.0,4.6,215,3,22,78,116,27,215,22,10,45.5,10,45.5,127,881,425,19,5,10,11,3,148,40,Matches,19,4.29,12,1,2,4,0,0,4,0.9,2,0,1,1,0,0
271,Jakov Medić,hr CRO,DF,Bochum,26-259,1998.0,17.8,975,167,552,383,42,22,975,3,2,66.7,1,33.3,498,2209,947,2,0,0,7,3,544,3,Matches,10,0.56,9,0,0,1,0,0,1,0.06,1,0,0,0,0,0
205,Jakub Kamiński,pl POL,"DF,MF",Wolfsburg,22-353,2002.0,12.6,603,31,114,237,264,36,603,22,8,36.4,13,59.1,301,1914,1112,41,25,16,20,11,311,69,Matches,43,3.42,28,9,3,2,1,0,5,0.4,2,1,0,1,1,0
288,Jamal Musiala,de GER,MF,Bayern Munich,22-087,2003.0,20.0,1278,7,94,565,636,163,1278,141,72,51.1,59,41.8,792,4412,2300,71,48,36,67,33,1031,156,Matches,111,5.56,70,1,22,7,9,2,9,0.45,4,0,2,1,1,1
376,James Sands,us USA,"MF,DF",St. Pauli,24-322,2000.0,5.0,259,12,63,148,49,6,259,1,1,100.0,0,0.0,119,413,146,0,0,0,3,3,152,6,Matches,7,1.39,7,0,0,0,0,0,0,0.0,0,0,0,0,0,0
139,Jamie Gittens,eng ENG,"FW,MF",Dortmund,20-289,2004.0,19.7,873,8,85,293,520,110,873,171,77,45.0,72,42.1,627,5171,2826,113,56,63,49,35,653,180,Matches,73,3.7,34,0,29,7,3,0,10,0.51,4,0,6,0,0,0
245,Jamie Leweling,de GER,"MF,FW",Stuttgart,24-087,2001.0,18.5,801,18,97,306,418,67,801,82,41,50.0,33,40.2,540,4272,1883,55,40,17,42,38,598,164,Matches,52,2.82,37,0,8,3,4,0,9,0.49,3,0,1,3,2,0
388,Jan Schöppner,de GER,MF,Heidenheim,25-346,1999.0,29.8,1440,103,407,719,325,64,1440,32,14,43.8,18,56.3,704,3817,1993,35,26,5,40,24,801,48,Matches,56,1.88,44,1,3,6,1,1,4,0.13,3,0,0,1,0,0
48,Jan-Niklas Beste,de GER,"FW,MF",Freiburg,26-140,1999.0,2.4,136,2,23,50,65,11,136,8,2,25.0,6,75.0,73,396,196,5,6,4,6,3,75,20,Matches,5,2.11,2,2,0,1,0,0,1,0.42,1,0,0,0,0,0
159,Janik Haberer,de GER,"MF,DF",Union Berlin,31-052,1994.0,18.8,911,41,244,505,172,17,911,6,2,33.3,3,50.0,444,1572,606,13,4,0,13,11,507,22,Matches,34,1.8,27,1,0,3,3,0,1,0.05,1,0,0,0,0,0
17,Jann-Fiete Arp,de GER,"FW,MF",Holstein Kiel,25-138,2000.0,7.9,303,9,43,115,151,28,301,32,14,43.8,16,50.0,158,929,344,14,10,3,34,16,179,66,Matches,33,4.17,18,4,2,3,5,1,3,0.38,1,1,0,1,0,0
257,Jarzinho Malanga,de GER,DF,Stuttgart,18-318,2006.0,0.0,3,0,0,0,3,0,3,0,0,,0,,1,0,0,0,0,0,1,0,3,2,Matches,0,0.0,0,0,0,0,0,0,0,0.0,0,0,0,0,0,0
268,Jean Mattéo Bahoya,fr FRA,"MF,FW",Eint Frankfurt,20-017,2005.0,10.2,475,8,79,208,199,33,475,30,17,56.7,12,40.0,267,1692,796,24,14,10,19,17,293,93,Matches,41,4.01,33,3,1,1,2,1,6,0.59,3,0,1,0,2,0
40,Jeanuël Belocian,fr FRA,"DF,MF",Leverkusen,20-096,2005.0,0.8,44,2,9,20,15,1,44,1,1,100.0,0,0.0,16,89,39,0,2,0,2,0,32,1,Matches,1,1.34,0,0,0,0,1,0,0,0.0,0,0,0,0,0,0
145,Jeffrey Gouweleeuw,nl NED,DF,Augsburg,33-318,1991.0,32.7,2061,260,925,1000,152,42,2060,12,7,58.3,5,41.7,1169,6129,3400,24,24,1,19,6,1234,19,Matches,34,1.04,29,4,0,0,0,1,5,0.15,3,1,0,0,0,1
412,Jens Stage,dk DEN,MF,Werder Bremen,28-197,1996.0,24.5,1271,43,309,655,317,83,1271,17,8,47.1,8,47.1,668,2666,1241,28,24,6,27,10,834,89,Matches,63,2.57,52,0,1,3,4,3,15,0.61,12,0,1,0,1,1
483,Jeong Woo-yeong,kr KOR,"MF,FW",Union Berlin,25-246,1999.0,14.0,621,12,79,261,296,34,621,21,12,57.1,8,38.1,386,2038,1003,32,24,6,23,16,423,93,Matches,49,3.49,40,2,1,4,1,1,5,0.36,3,1,1,0,0,0
124,Jeremie Frimpong,nl NED,"DF,MF",Leverkusen,24-165,2000.0,25.7,1205,20,144,394,677,112,1205,78,25,32.1,47,60.3,673,4175,2389,100,41,32,45,26,827,272,Matches,66,2.57,53,0,3,4,3,3,11,0.43,7,0,1,1,1,1
291,Joakim Mæhle,dk DEN,DF,Wolfsburg,28-004,1997.0,24.3,1464,65,442,639,395,43,1464,60,19,31.7,38,63.3,791,4166,2155,59,42,6,37,8,844,117,Matches,41,1.69,34,2,3,1,1,0,8,0.33,6,0,1,0,1,0
380,Joe Scally,us USA,DF,Gladbach,22-144,2002.0,28.6,1850,107,701,851,312,22,1850,59,31,52.5,26,44.1,980,5418,2644,52,27,3,25,23,1163,69,Matches,28,0.98,21,2,1,2,1,1,2,0.07,2,0,0,0,0,0
262,Johan Manzambi,ch SUI,"FW,MF",Freiburg,19-222,2005.0,3.7,209,7,36,104,72,14,209,10,6,60.0,2,20.0,118,592,237,7,5,1,7,9,129,12,Matches,13,3.49,6,0,3,2,2,0,2,0.54,2,0,0,0,0,0
111,Johannes Eggestein,de GER,FW,St. Pauli,27-016,1998.0,20.6,713,6,46,371,302,78,711,17,7,41.2,10,58.8,384,1704,615,25,17,8,53,30,543,138,Matches,43,2.09,36,0,0,4,2,1,4,0.19,4,0,0,0,0,0
434,John Tolkin,us USA,"DF,MF",Holstein Kiel,22-297,2002.0,8.2,479,35,214,173,93,5,479,10,5,50.0,4,40.0,174,699,275,6,3,0,5,6,219,12,Matches,20,2.44,11,8,0,0,1,0,2,0.24,0,2,0,0,0,0
237,Jonah Kusi-Asare,se SWE,FW,Bayern Munich,17-324,2007.0,0.0,3,0,0,1,2,1,3,0,0,,0,,1,2,2,0,0,0,0,0,2,0,Matches,0,0.0,0,0,0,0,0,0,0,0.0,0,0,0,0,0,0
121,Jonas Föhrenbach,de GER,DF,Heidenheim,29-118,1996.0,20.4,1112,72,416,483,221,17,1112,17,7,41.2,9,52.9,521,2715,1474,36,11,4,16,3,584,50,Matches,34,1.67,30,1,1,1,1,0,4,0.2,3,1,0,0,0,0
171,Jonas Hofmann,de GER,"MF,DF",Leverkusen,32-314,1992.0,4.0,218,4,24,87,108,16,218,4,2,50.0,2,50.0,121,660,323,10,7,3,5,2,178,29,Matches,16,4.04,13,1,0,1,1,0,1,0.25,1,0,0,0,0,0
316,Jonas Omlin,ch SUI,GK,Gladbach,31-134,1994.0,10.9,544,465,542,2,0,0,544,1,1,100.0,0,0.0,353,1469,782,0,0,0,0,0,327,0,Matches,1,0.09,1,0,0,0,0,0,0,0.0,0,0,0,0,0,0
447,Jonas Urbig,de GER,GK,Bayern Munich,21-289,2003.0,8.0,310,202,296,14,1,0,310,0,0,,0,,201,924,580,0,0,0,1,0,194,0,Matches,1,0.12,1,0,0,0,0,0,0,0.0,0,0,0,0,0,0
477,Jonas Wind,dk DEN,"FW,MF",Wolfsburg,26-106,1999.0,21.8,810,17,63,426,325,88,808,20,6,30.0,12,60.0,450,1534,496,17,10,12,55,28,637,94,Matches,65,2.97,56,0,0,4,5,0,6,0.27,5,0,0,1,0,0
66,Jonathan Burkardt,de GER,FW,Mainz 05,24-317,2000.0,23.4,788,19,49,364,378,121,786,39,16,41.0,23,59.0,447,1868,747,32,26,13,76,33,562,157,Matches,54,2.31,41,0,3,6,4,0,8,0.34,6,0,0,1,1,0
424,Jonathan Tah,de GER,DF,Leverkusen,29-102,1996.0,33.0,2626,224,888,1597,147,43,2626,5,3,60.0,2,40.0,1551,8110,4531,15,23,0,16,10,1888,9,Matches,30,0.91,25,0,2,2,1,0,5,0.15,4,0,0,1,0,0
334,Jordan Pefok,us USA,FW,Union Berlin,29-028,1996.0,10.1,326,23,55,157,122,43,326,13,7,53.8,6,46.2,158,535,204,3,6,0,24,17,212,40,Matches,26,2.58,17,1,1,5,2,0,0,0.0,0,0,0,0,0,0
256,Jordy Makengo,fr FRA,DF,Freiburg,23-294,2001.0,8.3,393,23,127,161,109,3,393,12,4,33.3,7,58.3,203,1130,382,9,7,1,11,5,228,35,Matches,9,1.09,7,1,1,0,0,0,1,0.12,1,0,0,0,0,0
449,Josha Vagnoman,de GER,"DF,MF",Stuttgart,24-164,2000.0,20.4,1105,61,325,484,302,36,1105,28,8,28.6,17,60.7,541,2576,966,24,19,10,27,19,675,96,Matches,29,1.42,25,1,1,1,1,0,1,0.05,1,0,0,0,0,0
216,Joshua Kimmich,de GER,MF,Bayern Munich,30-105,1995.0,31.6,3867,72,540,2328,1017,19,3867,22,12,54.5,9,40.9,2399,11970,5197,51,83,1,21,7,3047,77,Matches,159,5.03,116,36,2,3,1,1,18,0.57,13,3,1,1,0,0
199,Josip Juranović,hr CRO,"DF,MF",Union Berlin,29-281,1995.0,12.9,709,41,212,287,222,7,709,24,11,45.8,8,33.3,307,1569,797,19,12,3,12,3,320,45,Matches,51,3.97,30,20,0,1,0,0,2,0.16,0,2,0,0,0,0
413,Josip Stanišić,hr CRO,DF,Bayern Munich,25-052,2000.0,9.7,876,55,226,497,165,10,876,7,5,71.4,2,28.6,533,2691,1611,20,25,3,11,6,606,30,Matches,23,2.36,22,0,1,0,0,0,4,0.41,3,0,1,0,0,0
328,João Palhinha,pt POR,MF,Bayern Munich,29-319,1995.0,7.5,631,18,94,419,120,13,631,4,2,50.0,2,50.0,330,1107,383,3,3,1,6,7,499,7,Matches,13,1.74,11,0,0,2,0,0,1,0.13,0,0,0,1,0,0
57,Julian Brandt,de GER,MF,Dortmund,29-022,1996.0,25.6,1455,13,155,671,645,81,1455,54,19,35.2,32,59.3,869,4116,2014,61,48,17,48,36,1097,199,Matches,102,3.99,89,6,2,5,0,0,14,0.55,13,1,0,0,0,0
74,Julian Chabot,de GER,DF,Stuttgart,27-101,1998.0,25.2,2239,269,1010,1155,82,31,2239,5,3,60.0,2,40.0,1354,6753,3327,7,9,2,13,3,1535,5,Matches,24,0.95,21,1,0,2,0,0,2,0.08,2,0,0,0,0,0
303,Julian Niehues,de GER,MF,Heidenheim,24-037,2001.0,1.7,106,11,36,60,10,2,106,2,1,50.0,1,50.0,43,154,79,0,0,0,2,1,67,3,Matches,4,2.34,4,0,0,0,0,0,0,0.0,0,0,0,0,0,0
367,Julian Ryerson,no NOR,DF,Dortmund,27-188,1997.0,25.1,1684,39,384,806,520,39,1684,63,36,57.1,23,36.5,1002,5499,2796,66,39,12,42,20,1090,136,Matches,56,2.23,44,8,4,0,0,0,5,0.2,4,0,1,0,0,0
469,Julian Weigl,de GER,MF,Gladbach,29-258,1995.0,32.0,2075,122,713,1184,193,9,2075,8,7,87.5,0,0.0,1061,4009,1760,11,14,1,13,10,1416,9,Matches,51,1.59,45,0,0,5,1,0,6,0.19,6,0,0,0,0,0
109,Julien Duranville,be BEL,"FW,MF",Dortmund,19-019,2006.0,3.1,135,2,8,36,93,17,135,30,12,40.0,12,40.0,102,781,412,16,9,9,6,15,109,33,Matches,7,2.21,3,0,0,0,4,0,1,0.32,0,0,0,0,1,0
258,Julián Malatini,ar ARG,DF,Werder Bremen,23-358,2001.0,5.0,363,25,156,160,48,4,363,3,2,66.7,1,33.3,224,1103,521,8,8,0,3,1,245,4,Matches,5,0.99,4,0,0,1,0,0,2,0.4,2,0,0,0,0,0
1,Junior Adamu,at AUT,FW,Freiburg,23-352,2001.0,17.2,534,21,53,252,234,80,534,29,10,34.5,18,62.1,275,1026,349,8,5,4,59,24,350,84,Matches,29,1.69,22,0,1,3,3,0,3,0.17,2,0,0,1,0,0
100,Junior Dina Ebimbe,fr FRA,"MF,FW",Eint Frankfurt,24-184,2000.0,3.3,161,5,27,74,62,16,161,11,5,45.5,5,45.5,82,408,197,5,6,3,8,4,105,27,Matches,6,1.85,2,0,0,2,2,0,1,0.31,1,0,0,0,0,0
98,Justin Diehl,de GER,"FW,DF",Stuttgart,20-178,2004.0,1.2,84,1,5,27,53,9,84,13,3,23.1,10,76.9,55,402,200,5,3,3,2,3,60,20,Matches,4,3.46,3,0,1,0,0,0,0,0.0,0,0,0,0,0,0
304,Justin Njinmah,de GER,"FW,MF",Werder Bremen,24-190,2000.0,10.6,349,2,17,124,213,58,349,27,11,40.7,14,51.9,230,1424,711,33,16,12,23,7,264,103,Matches,39,3.69,27,0,5,2,5,0,4,0.38,3,0,0,0,1,0
366,Jérôme Roussillon,fr FRA,"DF,MF",Union Berlin,32-138,1993.0,1.5,96,11,21,42,33,5,96,3,1,33.3,2,66.7,40,182,78,2,2,1,2,1,43,7,Matches,1,0.66,1,0,0,0,0,0,0,0.0,0,0,0,0,0,0
227,Kacper Koscierski,de GER,DF,Bochum,17-335,2007.0,0.1,0,0,0,0,0,0,0,0,0,,0,,0,0,0,0,0,0,0,0,0,0,Matches,0,0.0,0,0,0,0,0,0,0,0.0,0,0,0,0,0,0
378,Kaishu Sano,jp JPN,MF,Mainz 05,24-145,2000.0,33.8,1814,68,411,1083,344,39,1814,51,32,62.7,16,31.4,894,4664,2250,53,43,9,39,31,1027,46,Matches,62,1.83,50,0,3,2,4,3,5,0.15,4,0,0,0,0,1
146,Kamil Grabara,pl POL,GK,Wolfsburg,26-136,1999.0,28.7,1224,880,1195,29,0,0,1224,2,2,100.0,0,0.0,708,3037,1760,0,0,0,0,0,675,0,Matches,6,0.21,5,1,0,0,0,0,0,0.0,0,0,0,0,0,0
2,Karim Adeyemi,de GER,"FW,MF",Dortmund,23-126,2002.0,15.9,636,9,51,231,365,88,636,94,40,42.6,49,52.1,417,3230,1543,68,36,41,43,31,465,153,Matches,57,3.58,35,1,12,6,2,1,11,0.69,7,0,3,1,0,0
317,Karim Onisiwo,at AUT,"MF,FW",Mainz 05,33-068,1992.0,1.2,45,1,5,16,24,5,45,2,1,50.0,1,50.0,23,104,18,1,0,0,5,2,28,8,Matches,2,1.64,1,0,0,0,1,0,1,0.82,0,0,0,0,1,0
273,Karol Mets,ee EST,DF,St. Pauli,32-008,1993.0,10.0,736,99,360,346,32,8,736,1,0,0.0,1,100.0,343,1424,736,5,6,0,4,0,466,2,Matches,9,0.9,8,0,0,1,0,0,0,0.0,0,0,0,0,0,0
379,Kauã Santos,br BRA,GK,Eint Frankfurt,22-043,2003.0,8.5,326,280,325,1,0,0,326,0,0,,0,,191,845,553,0,0,0,0,0,153,0,Matches,3,0.35,2,1,0,0,0,0,0,0.0,0,0,0,0,0,0
270,Keke Maximilian Topp,de GER,"FW,MF",Werder Bremen,21-060,2004.0,2.8,135,3,8,45,83,29,135,9,3,33.3,5,55.6,81,378,213,10,5,3,12,14,104,27,Matches,11,3.93,11,0,0,0,0,0,2,0.71,2,0,0,0,0,0
385,Keven Schlotterbeck,de GER,DF,Augsburg,28-026,1997.0,14.4,845,101,395,394,59,19,845,3,3,100.0,0,0.0,424,1437,731,3,5,0,8,0,510,2,Matches,24,1.67,20,0,1,2,0,1,2,0.14,2,0,0,0,0,0
7,Kevin Akpoguma,ng NGA,DF,Hoffenheim,30-035,1995.0,24.7,1692,227,759,830,115,5,1692,15,8,53.3,6,40.0,892,3929,1772,14,15,0,11,9,1025,16,Matches,27,1.09,25,1,0,0,1,0,1,0.04,1,0,0,0,0,0
37,Kevin Behrens,de GER,FW,Wolfsburg,34-110,1991.0,1.9,106,2,7,45,54,16,106,1,0,0.0,1,100.0,41,165,80,2,1,1,10,1,81,18,Matches,8,4.24,5,1,0,1,1,0,0,0.0,0,0,0,0,0,0
206,Kevin Kampl,si SVN,MF,RB Leipzig,34-227,1990.0,17.7,1316,37,245,802,279,13,1316,19,13,68.4,6,31.6,793,4017,2024,21,34,3,13,12,957,32,Matches,44,2.49,39,4,1,0,0,0,5,0.28,5,0,0,0,0,0
285,Kevin Müller,de GER,GK,Heidenheim,34-070,1991.0,32.7,1393,1157,1372,21,0,0,1393,0,0,,0,,779,3495,1897,0,0,0,2,0,690,0,Matches,4,0.12,2,2,0,0,0,0,1,0.03,0,1,0,0,0,0
330,Kevin Paredes,us USA,DF,Wolfsburg,22-017,2003.0,1.4,64,3,20,22,23,5,64,3,0,0.0,3,100.0,39,210,86,1,1,0,2,1,48,12,Matches,6,4.39,4,0,0,0,2,0,1,0.73,1,0,0,0,0,0
419,Kevin Stöger,at AUT,MF,Gladbach,31-270,1993.0,17.2,1318,31,189,666,469,34,1316,36,17,47.2,15,41.7,699,3680,1757,40,39,5,29,25,911,95,Matches,106,6.15,60,30,5,2,9,0,8,0.46,7,1,0,0,0,0
439,Kevin Trapp,de GER,GK,Eint Frankfurt,34-320,1990.0,25.5,1001,860,996,5,0,0,1001,0,0,,0,,642,2898,1619,0,0,0,1,0,557,0,Matches,1,0.04,1,0,0,0,0,0,1,0.04,1,0,0,0,0,0
461,Kevin Vogt,de GER,DF,Union Berlin,33-243,1991.0,15.2,1030,139,524,508,10,2,1029,5,4,80.0,1,20.0,560,2491,1303,11,3,1,5,2,619,2,Matches,17,1.12,15,2,0,0,0,0,0,0.0,0,0,0,0,0,0
462,Kevin Volland,de GER,"FW,MF",Union Berlin,32-298,1992.0,0.7,20,0,1,10,9,4,20,0,0,,0,,12,10,3,0,0,0,1,2,14,4,Matches,1,1.48,1,0,0,0,0,0,0,0.0,0,0,0,0,0,0
120,Kilian Fischer,de GER,DF,Wolfsburg,24-224,2000.0,25.5,1529,87,527,666,348,20,1529,23,10,43.5,13,56.5,704,4025,2047,51,31,5,31,9,794,89,Matches,39,1.53,33,4,0,1,0,1,2,0.08,2,0,0,0,0,0
396,Kiliann Sildillia,fr FRA,DF,Freiburg,23-008,2002.0,8.9,576,38,191,276,111,11,576,9,6,66.7,2,22.2,253,1207,553,11,10,2,8,6,315,34,Matches,16,1.8,9,6,0,1,0,0,1,0.11,1,0,0,0,0,0
277,Kim Min-jae,kr KOR,DF,Bayern Munich,28-190,1996.0,25.4,2764,161,911,1762,101,14,2764,5,3,60.0,2,40.0,1644,6867,3311,16,23,1,14,5,2098,5,Matches,26,1.03,24,0,0,0,1,1,2,0.08,2,0,0,0,0,0
84,Kingsley Coman,fr FRA,FW,Bayern Munich,28-345,1996.0,14.2,934,13,84,323,537,85,934,74,39,52.7,31,41.9,606,3834,1867,66,33,28,28,18,733,215,Matches,81,5.68,60,0,14,5,2,0,11,0.77,6,0,3,1,1,0
468,Kjell-Arik Wätjen,de GER,MF,Dortmund,19-097,2006.0,0.2,12,2,5,4,3,0,12,0,0,,0,,4,14,4,0,0,0,2,0,5,0,Matches,0,0.0,0,0,0,0,0,0,0,0.0,0,0,0,0,0,0
187,Ko Itakura,jp JPN,DF,Gladbach,28-117,1997.0,31.0,2170,326,1187,916,80,32,2170,23,12,52.2,10,43.5,1326,6644,3528,23,17,0,9,8,1513,5,Matches,25,0.81,17,0,1,5,1,1,1,0.03,0,0,0,1,0,0
279,Koji Miyoshi,jp JPN,"FW,MF",Bochum,28-059,1997.0,5.2,201,3,31,90,85,21,201,14,5,35.7,9,64.3,120,684,303,11,6,3,14,5,124,23,Matches,9,1.75,7,0,1,1,0,0,0,0.0,0,0,0,0,0,0
240,Konrad Laimer,at AUT,DF,Bayern Munich,27-362,1997.0,18.9,1421,39,232,685,508,66,1421,30,17,56.7,12,40.0,816,4335,2759,87,60,18,35,23,1014,113,Matches,62,3.28,56,2,1,1,1,1,8,0.42,8,0,0,0,0,0
229,Konstantinos Koulierakis,gr GRE,DF,Wolfsburg,21-177,2003.0,27.4,1886,283,957,839,97,30,1886,12,7,58.3,5,41.7,1049,5137,2681,20,17,0,18,2,1205,8,Matches,31,1.13,24,2,0,4,0,1,4,0.15,3,0,0,1,0,0
296,Kosta Nedeljković,rs SRB,DF,RB Leipzig,19-159,2005.0,5.3,283,16,66,116,102,5,283,4,1,25.0,2,50.0,120,670,346,10,7,1,4,1,170,27,Matches,6,1.13,6,0,0,0,0,0,0,0.0,0,0,0,0,0,0
191,Kristijan Jakić,hr CRO,MF,Augsburg,28-010,1997.0,25.6,1361,74,322,790,263,34,1361,29,14,48.3,13,44.8,703,2978,1324,24,13,3,39,21,828,49,Matches,42,1.64,35,1,3,2,1,0,7,0.27,6,0,0,0,1,0
359,Lars Ritzka,de GER,"DF,MF",St. Pauli,27-017,1998.0,10.2,567,40,215,244,109,6,567,1,0,0.0,1,100.0,161,640,387,8,6,0,6,4,263,34,Matches,12,1.17,11,0,0,0,1,0,0,0.0,0,0,0,0,0,0
358,Lasse Rieß,de GER,GK,Mainz 05,23-301,2001.0,2.0,90,66,89,1,0,0,90,0,0,,0,,61,287,138,0,0,0,0,0,47,0,Matches,3,1.5,3,0,0,0,0,0,1,0.5,1,0,0,0,0,0
362,Lasse Rosenboom,de GER,DF,Holstein Kiel,23-125,2002.0,19.3,780,77,324,292,170,36,780,19,7,36.8,11,57.9,284,1432,565,19,13,3,36,13,335,50,Matches,25,1.3,22,0,0,2,1,0,3,0.16,3,0,0,0,0,0
190,Lee Jae-sung,kr KOR,MF,Mainz 05,32-287,1992.0,29.4,1385,43,220,644,535,124,1385,30,11,36.7,16,53.3,699,2368,928,28,23,10,73,27,938,165,Matches,73,2.48,64,0,2,2,5,0,14,0.48,11,0,0,1,2,0
260,Lennard Maloney,us USA,MF,Heidenheim,25-228,1999.0,8.4,378,38,183,174,23,5,378,4,1,25.0,3,75.0,147,492,206,1,1,0,11,1,161,0,Matches,7,0.83,6,0,0,1,0,0,0,0.0,0,0,0,0,0,0
261,Lennard Maloney,us USA,MF,Mainz 05,25-228,1999.0,0.3,28,3,9,17,2,0,28,0,0,,0,,5,25,14,1,0,0,1,1,6,0,Matches,7,0.83,6,0,0,1,0,0,0,0.0,0,0,0,0,0,0
406,Leo Skiri Østigård,no NOR,DF,Hoffenheim,25-177,1999.0,10.3,747,117,355,374,20,12,747,3,2,66.7,1,33.3,344,1579,630,0,1,0,1,1,379,1,Matches,9,0.87,9,0,0,0,0,0,0,0.0,0,0,0,0,0,0
142,Leon Goretzka,de GER,"MF,DF",Bayern Munich,30-107,1995.0,14.7,1373,47,224,868,289,27,1373,8,7,87.5,1,12.5,794,4253,2279,35,35,3,4,4,1051,28,Matches,28,1.9,21,0,2,2,1,2,2,0.14,2,0,0,0,0,0
51,Leonardo Bittencourt,de GER,MF,Werder Bremen,31-156,1993.0,10.9,801,8,148,455,205,20,801,5,1,20.0,3,60.0,530,2429,992,19,13,2,12,2,583,38,Matches,39,3.57,28,2,0,4,4,1,5,0.46,5,0,0,0,0,0
416,Leonidas Stergiou,ch SUI,DF,Stuttgart,23-082,2002.0,9.5,642,32,171,322,152,9,642,6,4,66.7,2,33.3,339,1536,640,11,13,2,6,4,376,32,Matches,12,1.27,9,1,2,0,0,0,6,0.63,4,0,2,0,0,0
350,Leopold Querfeld,at AUT,DF,Union Berlin,21-155,2003.0,19.4,1066,176,562,457,54,34,1066,9,3,33.3,5,55.6,531,2479,1336,3,2,0,5,2,574,5,Matches,26,1.34,24,0,0,1,1,0,2,0.1,2,0,0,0,0,0
377,Leroy Sané,de GER,FW,Bayern Munich,29-133,1996.0,18.2,1184,8,68,399,736,121,1184,100,39,39.0,55,55.0,787,5003,2266,75,47,38,65,27,953,266,Matches,76,4.18,55,1,8,5,5,2,9,0.49,7,0,1,0,0,1
175,Lewis Holtby,de GER,MF,Holstein Kiel,34-248,1990.0,13.8,847,43,252,429,171,14,847,15,7,46.7,7,46.7,372,1569,698,14,10,1,15,8,485,34,Matches,37,2.69,19,13,0,1,3,1,3,0.22,1,1,0,0,1,0
255,Lovro Majer,hr CRO,MF,Wolfsburg,27-127,1998.0,3.4,175,4,25,72,80,10,174,10,5,50.0,3,30.0,111,603,266,8,4,2,5,7,122,10,Matches,13,3.85,9,3,0,1,0,0,2,0.59,1,1,0,0,0,0
319,Loïs Openda,be BEL,"FW,MF",RB Leipzig,25-097,2000.0,27.3,904,12,54,368,492,158,903,74,22,29.7,37,50.0,521,2988,1477,58,26,37,82,27,718,229,Matches,66,2.42,41,0,4,10,11,0,10,0.37,5,0,0,2,3,0
192,Luca Jaquez,ch SUI,DF,Stuttgart,21-356,2003.0,2.8,227,10,82,133,13,1,227,0,0,,0,,166,1091,621,5,2,0,1,0,182,0,Matches,5,1.77,5,0,0,0,0,0,0,0.0,0,0,0,0,0,0
214,Luca Kerber,de GER,"MF,DF",Heidenheim,23-075,2002.0,8.7,364,33,131,173,62,11,364,5,1,20.0,3,60.0,175,676,255,1,0,1,12,4,199,12,Matches,9,1.03,7,0,0,1,1,0,1,0.11,0,0,0,1,0,0
299,Luca Netz,de GER,DF,Gladbach,22-009,2003.0,10.8,666,44,241,257,172,17,666,21,6,28.6,14,66.7,288,1198,668,16,11,3,14,10,387,55,Matches,27,2.51,25,1,0,0,0,1,4,0.37,4,0,0,0,0,0
337,Luca Philipp,de GER,GK,Hoffenheim,24-177,2000.0,6.0,215,177,213,2,0,0,215,0,0,,0,,100,530,230,0,0,0,0,0,89,0,Matches,1,0.17,1,0,0,0,0,0,0,0.0,0,0,0,0,0,0
173,Lucas Höler,de GER,"FW,MF",Freiburg,30-318,1994.0,20.7,854,40,132,382,352,89,853,34,18,52.9,13,38.2,395,1593,673,21,12,7,52,24,571,122,Matches,51,2.46,37,1,2,7,4,0,6,0.29,3,0,1,1,1,0
437,Lucas Tousart,fr FRA,MF,Union Berlin,28-025,1997.0,6.2,264,31,84,128,57,20,264,11,5,45.5,6,54.5,94,453,196,4,0,1,8,5,101,13,Matches,12,1.93,8,0,0,2,1,1,2,0.32,1,0,0,1,0,0
94,Lukas Daschner,de GER,"MF,FW",Bochum,26-235,1998.0,4.6,213,5,26,100,90,14,212,15,5,33.3,10,66.7,116,606,260,8,7,1,21,2,131,19,Matches,10,2.18,7,2,1,0,0,0,1,0.22,1,0,0,0,0,0
218,Lukas Klostermann,de GER,DF,RB Leipzig,28-355,1996.0,20.4,1472,161,608,751,118,13,1472,5,4,80.0,1,20.0,752,3051,1573,16,14,1,9,0,988,26,Matches,17,0.83,14,2,0,1,0,0,2,0.1,2,0,0,0,0,0
236,Lukas Kübler,de GER,DF,Freiburg,32-267,1992.0,20.5,1268,75,370,650,258,26,1268,9,0,0.0,7,77.8,519,2373,1091,24,17,3,12,7,681,49,Matches,26,1.27,21,1,0,4,0,0,4,0.2,3,0,0,1,0,0
307,Lukas Nmecha,de GER,"FW,MF",Wolfsburg,26-161,1998.0,5.2,183,7,17,79,89,24,183,8,4,50.0,3,37.5,109,470,173,8,4,3,14,3,139,32,Matches,8,1.54,5,0,1,1,1,0,1,0.19,0,0,0,1,0,0
443,Lukas Ullrich,de GER,DF,Gladbach,21-069,2004.0,21.1,1073,82,432,434,218,26,1073,24,8,33.3,13,54.2,531,2734,1370,31,19,4,21,12,612,71,Matches,28,1.32,24,1,1,1,1,0,5,0.24,5,0,0,0,0,0
180,Lukáš Hrádecký,fi FIN,GK,Leverkusen,35-181,1989.0,29.0,962,782,952,11,0,0,962,0,0,,0,,538,2925,1638,0,0,0,0,0,504,0,Matches,4,0.14,4,0,0,0,0,0,1,0.03,1,0,0,0,0,0
130,Lutsharel Geertruida,nl NED,DF,RB Leipzig,24-310,2000.0,17.3,1266,61,375,758,147,19,1266,14,7,50.0,7,50.0,642,2612,1357,21,15,3,14,4,839,34,Matches,25,1.45,22,1,0,0,0,2,1,0.06,1,0,0,0,0,0
41,László Bénes,sk SVK,"MF,FW",Union Berlin,27-257,1997.0,6.5,400,1,53,189,160,13,400,5,1,20.0,4,80.0,207,788,352,6,7,3,8,5,247,34,Matches,30,4.58,17,12,0,1,0,0,1,0.15,0,1,0,0,0,0
391,Léo Scienza,br BRA,"FW,MF",Heidenheim,26-253,1998.0,12.8,584,8,71,248,286,44,584,83,37,44.6,35,42.2,368,3423,2126,70,40,17,41,13,369,90,Matches,82,6.39,31,20,10,3,18,0,7,0.55,3,2,0,0,2,0
451,Maarten Vandevoordt,be BEL,GK,RB Leipzig,23-087,2002.0,4.8,185,131,174,11,0,0,185,0,0,,0,,99,480,280,0,0,0,0,0,87,0,Matches,0,0.0,0,0,0,0,0,0,0,0.0,0,0,0,0,0,0
333,Mads Pedersen,dk DEN,DF,Augsburg,28-265,1996.0,2.6,123,7,34,45,47,5,123,8,2,25.0,6,75.0,53,250,111,1,3,1,4,1,58,10,Matches,4,1.53,1,2,0,1,0,0,0,0.0,0,0,0,0,0,0
360,Mads Roerslev,dk DEN,DF,Wolfsburg,25-334,1999.0,3.3,215,17,78,92,47,2,215,6,2,33.3,4,66.7,102,508,255,7,5,1,2,6,129,18,Matches,6,1.81,5,0,0,0,1,0,2,0.6,2,0,0,0,0,0
220,Magnus Knudsen,no NOR,MF,Holstein Kiel,23-343,2001.0,20.6,987,60,332,548,113,9,987,16,9,56.3,7,43.8,488,2507,1221,16,10,2,26,10,613,25,Matches,32,1.56,25,0,1,2,4,0,4,0.19,4,0,0,0,0,0
91,Mahmoud Dahoud,de GER,MF,Eint Frankfurt,29-143,1996.0,4.0,263,8,65,150,49,3,263,3,1,33.3,2,66.7,160,521,211,1,6,0,4,2,192,6,Matches,13,3.21,10,0,0,2,0,1,2,0.49,1,0,0,0,0,1
372,Manolis Saliakas,gr GRE,"MF,DF",St. Pauli,28-254,1996.0,25.7,1560,73,447,688,430,30,1560,9,3,33.3,5,55.6,653,2383,1293,28,34,2,6,6,876,80,Matches,59,2.29,43,10,1,2,3,0,5,0.19,4,0,0,0,1,0
300,Manuel Neuer,de GER,GK,Bayern Munich,39-058,1986.0,22.0,956,553,900,58,0,0,956,1,1,100.0,0,0.0,638,3260,1880,0,0,0,0,0,697,0,Matches,3,0.14,3,0,0,0,0,0,0,0.0,0,0,0,0,0,0
370,Marcel Sabitzer,at AUT,MF,Dortmund,31-068,1994.0,18.0,1028,37,131,581,322,31,1028,15,6,40.0,9,60.0,577,2494,1255,24,31,3,22,12,717,70,Matches,42,2.34,26,3,1,6,1,5,6,0.33,2,0,0,0,1,3
122,Marco Friedl,at AUT,DF,Werder Bremen,27-069,1998.0,24.0,1769,251,1025,715,35,5,1769,8,6,75.0,2,25.0,1069,4836,2108,4,5,0,12,7,1101,1,Matches,13,0.54,9,2,0,2,0,0,0,0.0,0,0,0,0,0,0
152,Marco Grüll,at AUT,"FW,MF",Werder Bremen,26-322,1998.0,13.1,495,6,43,215,245,53,495,39,13,33.3,23,59.0,317,1617,623,24,19,9,43,39,361,93,Matches,41,3.13,29,0,3,4,5,0,5,0.38,2,0,0,1,2,0
225,Marco Komenda,hr CRO,DF,Holstein Kiel,28-179,1996.0,14.5,905,109,462,390,54,11,905,1,1,100.0,0,0.0,440,1831,1096,13,8,1,3,0,596,16,Matches,23,1.58,21,0,1,0,0,1,1,0.07,1,0,0,0,0,0
247,Marin Ljubicic,hr CRO,"FW,MF",Union Berlin,23-085,2002.0,3.1,90,6,15,36,39,11,90,3,1,33.3,1,33.3,52,202,71,1,0,0,6,1,59,19,Matches,9,2.88,5,1,0,0,3,0,3,0.96,2,0,0,0,1,0
144,Mario Götze,de GER,"MF,FW",Eint Frankfurt,32-355,1992.0,17.1,986,12,158,493,347,43,986,23,9,39.1,12,52.2,617,2456,1214,29,23,6,26,27,706,96,Matches,58,3.39,54,3,0,0,1,0,3,0.18,3,0,0,0,0,0
167,Mario Hermoso,es ESP,DF,Leverkusen,29-340,1995.0,3.3,288,28,84,165,39,6,288,5,3,60.0,2,40.0,147,495,265,2,8,0,3,1,183,3,Matches,5,1.54,2,0,0,3,0,0,0,0.0,0,0,0,0,0,0
65,Marius Bülter,de GER,"FW,DF",Hoffenheim,32-056,1993.0,19.2,774,25,108,297,379,83,774,47,24,51.1,22,46.8,511,2924,1435,57,24,23,39,21,576,155,Matches,48,2.5,34,0,3,3,7,1,7,0.36,4,0,2,0,1,0
286,Marius Müller,de GER,GK,Wolfsburg,31-316,1993.0,5.3,231,171,228,3,0,0,231,0,0,,0,,147,695,400,0,0,0,0,0,122,0,Matches,0,0.0,0,0,0,0,0,0,0,0.0,0,0,0,0,0,0
481,Marius Wolf,de GER,DF,Augsburg,29-362,1995.0,23.8,1427,54,302,599,544,46,1427,43,19,44.2,22,51.2,627,2489,1362,36,19,8,25,16,769,95,Matches,80,3.36,53,17,6,1,3,0,6,0.25,3,2,1,0,0,0
189,Marko Ivezić,rs SRB,DF,Holstein Kiel,23-173,2001.0,18.4,1176,175,683,468,34,14,1176,7,4,57.1,2,28.6,596,2644,1282,3,7,0,17,7,746,9,Matches,12,0.65,10,0,0,0,1,1,1,0.05,1,0,0,0,0,0
68,Marnon Busch,de GER,"DF,MF",Heidenheim,30-167,1994.0,15.5,1030,79,378,468,190,9,1030,8,3,37.5,4,50.0,495,2288,1217,22,20,1,13,1,553,43,Matches,27,1.74,21,4,0,2,0,0,1,0.06,0,0,0,1,0,0
428,Martin Terrier,fr FRA,"MF,FW",Leverkusen,28-081,1997.0,6.5,250,3,13,107,131,35,250,4,2,50.0,2,50.0,129,578,276,11,4,4,11,6,205,35,Matches,21,3.24,16,1,0,2,2,0,3,0.46,3,0,0,0,0,0
108,Marvin Ducksch,de GER,FW,Werder Bremen,31-078,1994.0,26.9,1105,31,83,457,575,116,1103,19,7,36.8,11,57.9,538,1826,816,26,20,12,31,11,673,166,Matches,103,3.83,58,37,1,6,0,1,12,0.45,9,2,0,1,0,0
123,Marvin Friedrich,de GER,DF,Gladbach,29-162,1995.0,11.0,822,90,426,370,27,17,822,2,2,100.0,0,0.0,502,2464,1284,11,3,0,5,3,583,3,Matches,9,0.82,8,0,0,1,0,0,1,0.09,0,0,0,1,0,0
341,Marvin Pieringer,de GER,"FW,MF",Heidenheim,25-232,1999.0,24.5,849,31,103,427,328,97,846,35,16,45.7,15,42.9,467,1979,796,23,22,5,69,24,607,115,Matches,69,2.81,48,1,5,7,7,1,7,0.29,3,0,0,1,2,1
389,Marvin Schulz,de GER,"MF,DF",Holstein Kiel,30-129,1995.0,3.4,220,22,91,100,32,1,220,4,1,25.0,2,50.0,95,536,300,5,4,1,8,2,114,2,Matches,8,2.34,5,3,0,0,0,0,0,0.0,0,0,0,0,0,0
230,Matej Kovar,cz CZE,GK,Leverkusen,25-007,2000.0,5.0,155,134,155,0,0,0,155,0,0,,0,,99,489,214,0,0,0,0,0,84,0,Matches,0,0.0,0,0,0,0,0,0,0,0.0,0,0,0,0,0,0
178,Mathias Honsak,at AUT,"FW,DF",Heidenheim,28-155,1996.0,13.1,646,39,162,288,205,33,646,23,9,39.1,13,56.5,338,2014,987,37,28,9,38,12,376,58,Matches,41,3.13,22,8,4,5,2,0,5,0.38,0,2,3,0,0,0
426,Mathys Tel,fr FRA,"FW,MF",Bayern Munich,20-027,2005.0,2.8,157,0,15,55,89,14,157,12,6,50.0,6,50.0,109,745,198,6,7,3,4,6,135,34,Matches,4,1.41,3,1,0,0,0,0,2,0.7,2,0,0,0,0,0
329,Mats Pannewig,de GER,MF,Bochum,20-208,2004.0,3.0,182,10,51,89,47,10,182,3,1,33.3,2,66.7,97,397,176,3,3,1,11,8,103,16,Matches,11,3.72,9,0,0,2,0,0,0,0.0,0,0,0,0,0,0
138,Matthias Ginter,de GER,DF,Freiburg,31-125,1994.0,28.5,1816,198,845,866,113,56,1816,6,4,66.7,2,33.3,991,5064,2819,11,12,1,10,0,1205,16,Matches,27,0.95,20,2,0,3,2,0,4,0.14,3,0,0,0,1,0
421,Mattias Svanberg,se SWE,MF,Wolfsburg,26-139,1999.0,13.5,520,27,115,249,163,25,520,25,10,40.0,13,52.0,235,1082,489,11,17,1,19,10,279,39,Matches,29,2.14,13,9,1,1,4,1,5,0.37,1,0,1,0,2,1
47,Matúš Bero,sk SVK,MF,Bochum,29-260,1995.0,28.5,1619,58,257,747,637,56,1618,55,19,34.5,36,65.5,736,3206,1418,29,37,9,46,23,833,111,Matches,120,4.21,64,41,4,6,3,2,7,0.25,2,2,2,1,0,0
269,Maurides,br BRA,FW,St. Pauli,31-075,1994.0,0.0,2,0,0,0,2,0,2,0,0,,0,,1,1,0,0,0,0,0,0,2,0,Matches,0,0.0,0,0,0,0,0,0,0,0.0,0,0,0,0,0,0
134,Max Geschwill,de GER,DF,Holstein Kiel,23-321,2001.0,14.2,827,80,412,348,72,13,827,5,2,40.0,3,60.0,379,1631,781,6,4,0,5,2,478,16,Matches,24,1.68,18,2,0,2,0,2,2,0.14,1,0,0,0,0,1
280,Max Moerstedt,de GER,FW,Hoffenheim,,,5.0,159,6,15,62,85,31,159,4,1,25.0,3,75.0,84,310,128,6,2,3,13,11,125,36,Matches,16,3.18,11,0,1,1,3,0,0,0.0,0,0,0,0,0,0
363,Max Rosenfelder,de GER,DF,Freiburg,22-103,2003.0,13.9,826,94,367,394,74,11,826,25,14,56.0,10,40.0,445,2701,1477,24,13,4,5,2,515,18,Matches,15,1.08,10,0,3,0,1,1,1,0.07,1,0,0,0,0,0
244,Maxim Leitsch,de GER,DF,Mainz 05,27-006,1998.0,7.5,473,63,214,224,35,13,473,1,0,0.0,0,0.0,173,759,329,4,5,0,8,3,240,5,Matches,7,0.93,6,0,0,1,0,0,0,0.0,0,0,0,0,0,0
16,Maximilian Arnold,de GER,MF,Wolfsburg,30-362,1994.0,26.2,1576,86,356,927,308,7,1576,6,1,16.7,3,50.0,787,3069,1200,9,11,0,18,11,885,16,Matches,83,3.17,47,31,1,1,3,0,10,0.38,3,7,0,0,0,0
30,Maximilian Bauer,de GER,DF,Augsburg,25-104,2000.0,7.3,422,45,177,222,24,3,422,0,0,,0,,216,991,539,4,4,0,6,2,260,7,Matches,4,0.55,2,0,0,0,1,1,0,0.0,0,0,0,0,0,0
38,Maximilian Beier,de GER,"FW,MF",Dortmund,22-219,2002.0,17.7,618,16,73,245,308,88,618,51,22,43.1,27,52.9,338,1481,748,24,12,9,39,26,423,124,Matches,55,3.11,38,0,6,4,3,4,7,0.4,5,0,1,1,0,0
59,Maximilian Breunig,de GER,"FW,MF",Heidenheim,24-283,2000.0,3.9,140,5,17,77,51,17,139,7,3,42.9,3,42.9,78,304,138,5,4,2,15,6,96,13,Matches,8,2.06,5,1,1,1,0,0,0,0.0,0,0,0,0,0,0
112,Maximilian Eggestein,de GER,MF,Freiburg,28-167,1996.0,31.6,1757,66,403,1054,315,50,1757,24,11,45.8,13,54.2,813,4178,2107,34,25,3,28,19,1093,41,Matches,51,1.61,42,0,1,3,4,1,5,0.16,5,0,0,0,0,0
278,Maximilian Mittelstädt,de GER,DF,Stuttgart,28-067,1997.0,27.4,2385,106,525,1225,646,32,2385,38,21,55.3,14,36.8,1251,6049,2909,62,52,2,24,8,1541,155,Matches,98,3.57,87,8,2,0,0,1,15,0.55,14,1,0,0,0,0
338,Maximilian Philipp,de GER,"MF,FW",Freiburg,31-084,1994.0,0.2,9,0,1,3,5,0,9,0,0,,0,,3,15,14,0,0,0,1,0,6,0,Matches,0,0.0,0,0,0,0,0,0,0,0.0,0,0,0,0,0,0
480,Maximilian Wittek,de GER,DF,Bochum,29-276,1995.0,30.1,1882,105,510,877,512,20,1882,30,12,40.0,14,46.7,769,3496,1783,47,43,7,38,12,860,83,Matches,100,3.33,62,28,1,5,4,0,6,0.2,3,1,0,1,1,0
43,Mergim Berisha,de GER,"FW,MF",Hoffenheim,27-013,1998.0,3.7,93,5,11,35,47,12,93,8,3,37.5,5,62.5,60,195,78,2,3,1,6,3,69,18,Matches,5,1.35,4,0,0,1,0,0,1,0.27,1,0,0,0,0,0
44,Mergim Berisha,de GER,FW,Augsburg,27-013,1998.0,0.4,18,1,1,8,9,3,18,0,0,,0,,11,71,34,2,0,1,2,3,14,8,Matches,5,1.35,4,0,0,1,0,0,1,0.27,1,0,0,0,0,0
361,Merlin Röhl,de GER,"MF,FW",Freiburg,22-323,2002.0,10.7,403,6,46,195,169,28,403,40,12,30.0,25,62.5,217,1475,610,20,15,9,45,22,256,60,Matches,25,2.33,19,0,1,2,2,1,3,0.28,1,0,0,1,1,0
226,Mert Kömür,de GER,MF,Augsburg,19-311,2005.0,7.3,313,8,43,123,151,17,313,22,12,54.5,7,31.8,185,1047,550,18,17,4,22,23,217,46,Matches,25,3.44,9,11,2,2,1,0,1,0.14,0,1,0,0,0,0
147,Michael Gregoritsch,at AUT,FW,Freiburg,31-036,1994.0,7.1,220,6,27,96,99,33,220,7,4,57.1,3,42.9,94,425,202,6,3,3,14,9,149,36,Matches,19,2.67,15,0,1,2,0,1,5,0.7,3,0,0,2,0,0
315,Michael Olise,fr FRA,"FW,MF",Bayern Munich,23-163,2001.0,25.9,1957,18,107,665,1208,148,1957,151,72,47.7,60,39.7,1305,7418,3808,119,69,46,59,29,1556,381,Matches,169,6.51,121,17,15,7,9,0,25,0.96,13,3,2,3,4,0
491,Michael Zetterer,de GER,GK,Werder Bremen,29-316,1995.0,34.0,1391,1153,1374,18,0,0,1391,1,1,100.0,0,0.0,1000,6473,3312,0,0,0,1,0,830,0,Matches,5,0.15,5,0,0,0,0,0,1,0.03,1,0,0,0,0,0
29,Michy Batshuayi,be BEL,FW,Eint Frankfurt,31-234,1993.0,3.3,101,1,8,57,37,14,101,7,2,28.6,5,71.4,60,319,103,3,2,2,11,1,67,15,Matches,4,1.2,3,0,0,0,1,0,0,0.0,0,0,0,0,0,0
209,Mikkel Kaufmann,dk DEN,FW,Heidenheim,24-141,2001.0,4.1,139,6,19,71,51,12,139,7,2,28.6,3,42.9,77,367,171,4,6,4,11,2,99,21,Matches,12,2.92,7,1,0,1,3,0,1,0.24,0,0,0,0,1,0
455,Miloš Veljković,rs SRB,DF,Werder Bremen,29-240,1995.0,11.4,738,67,327,368,45,5,738,0,0,,0,,460,2047,1146,9,6,0,2,2,507,2,Matches,14,1.22,14,0,0,0,0,0,1,0.09,1,0,0,0,0,0
472,Mitchell Weiser,de GER,"DF,MF",Werder Bremen,31-033,1994.0,31.9,1949,60,400,929,641,109,1949,84,35,41.7,41,48.8,990,4219,2131,65,44,13,71,36,1210,200,Matches,87,2.73,73,2,2,3,5,2,13,0.41,12,0,0,1,0,0
13,Mohamed Amoura,dz ALG,FW,Wolfsburg,25-015,2000.0,27.4,1106,17,119,385,629,127,1104,91,37,40.7,48,52.7,628,4108,2067,81,46,35,86,18,733,244,Matches,80,2.92,56,2,6,10,4,2,13,0.47,12,0,1,0,0,0
399,Mohamed Simakan,fr FRA,DF,RB Leipzig,25-021,2000.0,0.6,52,0,9,35,9,2,52,1,0,0.0,0,0.0,27,130,70,3,1,0,0,0,39,4,Matches,3,5.0,3,0,0,0,0,0,0,0.0,0,0,0,0,0,0
154,Morgan Guilavogui,gn GUI,"FW,MF",St. Pauli,27-075,1998.0,20.1,832,30,116,343,384,103,832,48,21,43.8,22,45.8,384,2098,1035,42,28,22,50,24,565,135,Matches,52,2.59,38,0,7,3,2,2,4,0.2,2,0,1,1,0,0
60,Moritz Broschinski,de GER,"FW,MF",Bochum,24-243,2000.0,15.4,552,19,54,211,297,68,552,53,14,26.4,38,71.7,322,1887,814,37,21,13,69,33,385,130,Matches,36,2.33,27,0,3,4,2,0,4,0.26,2,0,1,1,0,0
196,Moritz Jenz,de GER,DF,Mainz 05,26-024,1999.0,17.8,1098,161,565,500,36,20,1098,5,2,40.0,2,40.0,510,2205,958,1,2,1,7,0,592,3,Matches,11,0.62,8,0,0,3,0,0,2,0.11,1,0,0,1,0,0
302,Moritz Nicolas,de GER,GK,Gladbach,27-215,1997.0,18.2,838,692,835,3,0,0,838,0,0,,0,,575,2773,1548,0,0,0,0,0,508,0,Matches,1,0.05,1,0,0,0,0,0,0,0.0,0,0,0,0,0,0
238,Moritz-Broni Kwarteng,gh GHA,"MF,FW",Bochum,27-026,1998.0,1.9,104,1,12,48,45,3,104,7,6,85.7,1,14.3,63,303,128,4,1,1,6,2,77,16,Matches,9,4.68,7,0,1,1,0,0,0,0.0,0,0,0,0,0,0
52,Myron Boadu,nl NED,FW,Bochum,24-130,2001.0,11.6,287,7,19,123,150,46,286,23,11,47.8,12,52.2,179,840,343,12,9,7,30,15,209,70,Matches,30,2.59,22,0,4,1,3,0,3,0.26,1,0,2,0,0,0
12,Nadiem Amiri,de GER,MF,Mainz 05,28-209,1996.0,27.5,2093,45,360,1159,604,49,2091,67,32,47.8,31,46.3,1134,5414,2578,50,43,14,42,27,1307,64,Matches,119,4.33,74,30,6,5,3,1,15,0.55,13,0,0,2,0,0
292,Nathan N'Goumou,cm CMR,FW,Gladbach,25-071,2000.0,9.2,386,13,68,132,192,55,386,27,9,33.3,12,44.4,215,1456,851,30,18,16,12,11,258,85,Matches,22,2.39,16,0,2,3,1,0,5,0.54,4,0,0,1,0,0
427,Nathan Tella,ng NGA,"MF,FW",Leverkusen,25-323,1999.0,15.1,529,8,54,189,290,67,529,51,19,37.3,25,49.0,308,1708,811,38,13,17,39,16,389,130,Matches,32,2.12,23,0,3,4,2,0,7,0.46,6,0,1,0,0,0
61,Nathaniel Brown,de GER,"DF,MF",Eint Frankfurt,21-342,2003.0,21.6,1174,43,314,485,389,50,1174,33,11,33.3,17,51.5,600,3259,1680,45,31,6,30,12,658,119,Matches,64,2.96,44,16,0,2,2,0,11,0.51,7,3,0,1,0,0
239,Nediljko Labrović,hr CRO,GK,Augsburg,25-226,1999.0,15.0,546,451,537,9,0,0,546,0,0,,0,,306,1571,923,0,0,0,0,0,238,0,Matches,1,0.07,1,0,0,0,0,0,0,0.0,0,0,0,0,0,0
471,Nelson Weiper,de GER,"FW,MF",Mainz 05,20-068,2005.0,7.8,311,5,22,127,164,50,311,21,10,47.6,11,52.4,149,702,248,12,6,5,54,11,213,62,Matches,16,2.05,11,0,2,3,0,0,2,0.26,2,0,0,0,0,0
482,Nick Woltemade,de GER,"FW,MF",Stuttgart,23-099,2002.0,18.0,788,19,60,332,405,159,785,71,31,43.7,37,52.1,470,2268,971,31,28,22,84,50,623,141,Matches,79,4.38,55,0,8,12,3,1,10,0.55,5,0,4,1,0,0
115,Nico Elvedi,ch SUI,DF,Gladbach,28-236,1996.0,23.7,1827,352,1052,730,48,17,1827,0,0,,0,,953,4744,2540,20,12,0,6,1,1152,5,Matches,16,0.67,15,0,0,1,0,0,4,0.17,3,0,0,1,0,0
386,Nico Schlotterbeck,de GER,DF,Dortmund,25-174,1999.0,22.0,2297,193,831,1338,150,21,2297,22,14,63.6,5,22.7,1467,6646,4107,37,30,1,12,10,1674,14,Matches,50,2.27,41,4,1,2,1,1,6,0.27,4,2,0,0,0,0
354,Nicolai Remberg,de GER,MF,Holstein Kiel,24-339,2000.0,26.9,1316,121,429,757,147,26,1316,25,7,28.0,13,52.0,552,2853,1346,25,19,0,22,18,743,31,Matches,30,1.12,24,0,0,3,3,0,3,0.11,3,0,0,0,0,0
170,Nicolas Höfler,de GER,MF,Freiburg,35-076,1990.0,8.8,482,37,134,284,68,4,482,4,4,100.0,0,0.0,199,862,191,1,3,1,10,10,267,3,Matches,13,1.47,12,0,0,0,1,0,1,0.11,1,0,0,0,0,0
392,Nicolas Seiwald,at AUT,"MF,DF",RB Leipzig,24-020,2001.0,23.2,1607,107,442,948,226,8,1607,10,4,40.0,6,60.0,760,2905,1400,17,20,2,9,8,1025,30,Matches,49,2.12,39,10,0,0,0,0,3,0.13,3,0,0,0,0,0
305,Niels Nkounkou,fr FRA,"DF,MF",Eint Frankfurt,24-204,2000.0,4.2,295,16,93,133,77,8,295,16,7,43.8,7,43.8,178,977,539,17,14,1,7,4,175,21,Matches,16,3.77,11,3,1,0,0,1,1,0.24,0,1,0,0,0,0
104,Niklas Dorsch,de GER,MF,Augsburg,27-129,1998.0,0.4,29,1,3,18,8,0,29,1,0,0.0,1,100.0,15,57,32,1,1,0,0,0,21,0,Matches,1,2.81,1,0,0,0,0,0,0,0.0,0,0,0,0,0,0
105,Niklas Dorsch,de GER,MF,Heidenheim,27-129,1998.0,14.8,798,32,190,480,147,8,798,14,7,50.0,6,42.9,459,2364,1013,13,10,1,16,13,489,21,Matches,1,2.81,1,0,0,0,0,0,0,0.0,0,0,0,0,0,0
414,Niklas Stark,de GER,DF,Werder Bremen,30-040,1995.0,23.4,1558,161,813,697,49,14,1558,1,1,100.0,0,0.0,882,3545,1549,7,3,0,7,0,1003,3,Matches,11,0.47,9,1,0,0,1,0,2,0.09,2,0,0,0,0,0
420,Niklas Süle,de GER,DF,Dortmund,29-263,1995.0,11.7,1038,103,436,531,75,9,1038,7,3,42.9,4,57.1,668,2836,1539,15,12,0,3,0,798,10,Matches,15,1.28,14,0,0,0,1,0,1,0.09,1,0,0,0,0,0
453,Nikola Vasilj,ba BIH,GK,St. Pauli,29-173,1995.0,33.0,1493,1049,1472,22,0,0,1493,1,1,100.0,0,0.0,909,4574,2567,0,0,0,0,0,920,0,Matches,1,0.03,1,0,0,0,0,0,0,0.0,0,0,0,0,0,0
294,Nikolas Nartey,dk DEN,MF,Stuttgart,25-091,2000.0,0.2,9,3,6,1,2,0,9,0,0,,0,,3,17,3,0,0,0,0,0,2,0,Matches,0,0.0,0,0,0,0,0,0,0,0.0,0,0,0,0,0,0
456,Nikolas Veratschnig,at AUT,"DF,MF",Mainz 05,22-120,2003.0,4.0,200,7,36,72,94,18,200,11,2,18.2,7,63.6,99,434,211,7,3,2,7,3,102,30,Matches,9,2.23,6,2,0,0,1,0,0,0.0,0,0,0,0,0,0
83,Nnamdi Collins,de GER,DF,Eint Frankfurt,21-134,2004.0,16.5,1107,85,411,541,159,19,1107,34,12,35.3,18,52.9,623,3297,1420,30,21,6,17,11,690,42,Matches,9,0.54,7,0,2,0,0,0,3,0.18,1,0,2,0,0,0
19,Noah Atubolu,de GER,GK,Freiburg,22-364,2002.0,25.6,1198,918,1188,11,0,0,1198,0,0,,0,,680,3599,1803,0,0,0,0,0,680,0,Matches,6,0.23,5,1,0,0,0,0,0,0.0,0,0,0,0,0,0
336,Noah Pesch,hr CRO,FW,Gladbach,20-006,2005.0,0.1,5,0,0,1,4,0,5,0,0,,0,,2,17,16,0,0,0,0,0,2,1,Matches,0,0.0,0,0,0,0,0,0,0,0.0,0,0,0,0,0,0
473,Noah Weißhaupt,de GER,"FW,MF",St. Pauli,23-246,2001.0,12.9,509,6,61,192,264,43,509,38,13,34.2,17,44.7,306,2019,1010,42,27,17,37,11,355,94,Matches,42,3.26,19,8,4,2,9,0,1,0.08,1,0,0,0,0,0
474,Noah Weißhaupt,de GER,FW,Freiburg,23-246,2001.0,0.9,59,1,4,18,37,5,59,4,1,25.0,2,50.0,49,362,210,8,7,4,3,0,52,10,Matches,42,3.26,19,8,4,2,9,0,1,0.08,1,0,0,0,0,0
26,Noahkai Banks,us USA,DF,Augsburg,18-174,2006.0,3.1,229,23,94,124,14,2,229,1,0,0.0,1,100.0,123,580,253,2,5,0,2,1,129,3,Matches,1,0.32,1,0,0,0,0,0,0,0.0,0,0,0,0,0,0
283,Nordi Mukiele,fr FRA,DF,Leverkusen,27-204,1997.0,10.0,725,27,184,407,141,22,725,17,9,52.9,7,41.2,363,1750,992,20,14,6,10,3,441,28,Matches,15,1.5,11,0,2,1,0,1,1,0.1,0,0,0,1,0,0
430,Norman Theuerkauf,de GER,MF,Heidenheim,38-120,1987.0,0.2,21,0,4,14,3,1,21,0,0,,0,,8,18,10,0,0,0,0,0,13,0,Matches,1,4.09,1,0,0,0,0,0,0,0.0,0,0,0,0,0,0
4,Oladapo Afolayan,eng ENG,"FW,MF",St. Pauli,27-101,1998.0,18.2,741,13,84,304,365,62,741,98,48,49.0,43,43.9,495,3452,1392,53,43,28,63,45,555,108,Matches,52,2.86,28,0,12,7,5,0,6,0.33,3,0,3,0,0,0
31,Oliver Baumann,de GER,GK,Hoffenheim,34-356,1990.0,28.0,1147,901,1123,25,0,0,1147,1,1,100.0,0,0.0,678,3213,1803,0,0,0,0,0,574,0,Matches,10,0.36,6,4,0,0,0,0,2,0.07,0,2,0,0,0,0
67,Oliver Burke,sct SCO,FW,Werder Bremen,28-047,1997.0,10.1,440,5,38,167,241,79,440,12,7,58.3,5,41.7,246,1353,493,22,12,14,38,13,329,88,Matches,33,3.27,24,1,2,4,1,1,2,0.2,0,1,0,0,0,1
96,Olivier Deman,be BEL,DF,Werder Bremen,25-048,2000.0,0.7,75,3,30,26,19,2,75,1,0,0.0,1,100.0,31,225,72,2,0,0,0,0,31,1,Matches,1,1.34,0,1,0,0,0,0,0,0.0,0,0,0,0,0,0
263,Omar Marmoush,eg EGY,FW,Eint Frankfurt,26-106,1999.0,16.1,671,1,40,230,421,109,669,101,46,45.5,46,45.5,442,3318,1810,73,53,45,66,37,483,125,Matches,91,5.66,39,20,13,9,9,1,21,1.31,7,3,6,3,2,0
438,Omar Traoré,de GER,DF,Heidenheim,27-109,1998.0,29.1,1712,70,516,775,448,21,1712,64,25,39.1,31,48.4,922,5801,3338,103,53,6,40,22,994,115,Matches,54,1.86,42,3,4,2,3,0,2,0.07,2,0,0,0,0,0
183,Oscar Højlund,dk DEN,MF,Eint Frankfurt,20-140,2005.0,8.0,497,10,125,292,83,11,497,11,8,72.7,3,27.3,291,1352,625,17,8,5,18,11,338,9,Matches,17,2.12,11,0,1,2,0,3,1,0.12,0,0,1,0,0,0
151,Pascal Groß,de GER,"MF,DF",Dortmund,33-343,1991.0,25.9,2178,60,416,1150,625,50,2178,9,3,33.3,6,66.7,1149,5044,2372,41,43,5,22,9,1510,122,Matches,96,3.71,58,29,1,6,1,1,17,0.66,14,0,1,1,0,1
415,Pascal Stenzel,de GER,DF,Stuttgart,29-065,1996.0,3.2,246,6,60,111,77,6,246,0,0,,0,,136,523,206,2,5,0,2,0,146,16,Matches,13,4.03,5,5,0,3,0,0,0,0.0,0,0,0,0,0,0
106,Patrick Drewes,de GER,GK,Bochum,32-109,1993.0,21.0,913,709,902,11,0,0,913,0,0,,0,,479,2471,1284,0,0,0,0,0,425,0,Matches,2,0.1,1,1,0,0,0,0,0,0.0,0,0,0,0,0,0
117,Patrick Erras,de GER,DF,Holstein Kiel,30-123,1995.0,9.2,622,124,357,242,23,14,622,0,0,,0,,282,1063,596,3,1,0,3,0,413,1,Matches,8,0.87,8,0,0,0,0,0,0,0.0,0,0,0,0,0,0
254,Patrick Mainka,de GER,DF,Heidenheim,30-199,1994.0,34.0,2136,286,1205,825,123,43,2136,11,6,54.5,3,27.3,1171,6249,3395,21,21,1,16,8,1257,12,Matches,28,0.82,23,0,0,5,0,0,2,0.06,0,0,0,2,0,0
323,Patrick Osterhage,de GER,MF,Freiburg,25-112,2000.0,25.2,1259,45,282,723,261,35,1259,27,11,40.7,12,44.4,636,3236,1416,26,18,4,26,20,800,50,Matches,41,1.63,30,0,1,4,4,2,4,0.16,2,0,0,2,0,0
476,Patrick Wimmer,at AUT,"MF,FW",Wolfsburg,23-359,2001.0,19.7,920,20,160,410,370,63,920,69,37,53.6,29,42.0,504,3056,1525,46,44,13,43,27,532,75,Matches,71,3.61,45,8,8,2,5,3,12,0.61,7,1,1,1,1,1
382,Patrik Schick,cz CZE,FW,Leverkusen,29-120,1996.0,18.7,578,16,52,244,287,108,577,26,10,38.5,14,53.8,312,1042,266,7,2,7,43,30,452,107,Matches,34,1.82,22,0,4,3,5,0,3,0.16,1,0,0,1,1,0
165,Paul Hennrich,de GER,MF,Hoffenheim,20-079,2005.0,0.1,6,0,2,0,4,0,6,2,0,0.0,1,50.0,3,27,10,1,0,0,1,0,2,0,Matches,0,0.0,0,0,0,0,0,0,0,0.0,0,0,0,0,0,0
295,Paul Nebel,de GER,MF,Mainz 05,22-226,2002.0,26.1,1516,29,182,635,717,73,1516,64,25,39.1,36,56.3,894,4572,1820,67,45,19,67,43,1079,219,Matches,84,3.23,57,5,7,4,9,2,6,0.23,5,0,0,0,1,0
467,Paul Wanner,de GER,"MF,FW",Heidenheim,19-152,2005.0,19.7,935,19,138,480,338,41,934,59,25,42.4,29,49.2,496,2613,1109,28,29,6,45,37,575,65,Matches,51,2.59,30,9,1,6,5,0,7,0.36,5,0,0,2,0,0
204,Pavel Kadeřábek,cz CZE,DF,Hoffenheim,33-029,1992.0,17.5,1016,52,255,415,348,31,1016,8,5,62.5,3,37.5,456,1808,872,15,19,1,6,3,605,86,Matches,41,2.34,29,7,3,1,0,1,1,0.06,1,0,0,0,0,0
163,Phil Harres,de GER,FW,Holstein Kiel,23-060,2002.0,17.2,481,22,59,262,165,61,481,24,5,20.8,17,70.8,240,1013,375,12,15,10,64,24,318,71,Matches,22,1.28,14,0,0,4,4,0,5,0.29,1,0,0,2,2,0
172,Philipp Hofmann,de GER,FW,Bochum,32-055,1993.0,25.3,938,40,88,548,307,100,938,20,10,50.0,10,50.0,486,1632,456,8,15,2,55,32,731,112,Matches,55,2.17,42,0,0,9,2,2,3,0.12,2,0,0,1,0,0
246,Philipp Lienhart,at AUT,DF,Freiburg,28-317,1996.0,30.8,2520,237,1182,1223,124,19,2520,10,4,40.0,5,50.0,1444,8922,4885,44,19,1,10,2,1712,9,Matches,26,0.84,20,4,0,0,1,1,2,0.06,1,1,0,0,0,0
375,Philipp Sander,de GER,MF,Gladbach,27-092,1998.0,15.6,921,53,257,524,151,17,921,18,11,61.1,6,33.3,473,2265,1024,16,15,5,16,7,575,29,Matches,28,1.8,20,4,1,3,0,0,1,0.06,1,0,0,0,0,0
440,Philipp Treu,de GER,"MF,DF",St. Pauli,24-172,2000.0,32.0,1867,94,564,795,530,46,1867,39,13,33.3,19,48.7,825,4427,2159,58,42,11,34,12,979,117,Matches,69,2.16,50,5,5,4,4,1,5,0.16,3,1,1,0,0,0
432,Phillip Tietz,de GER,FW,Augsburg,27-319,1997.0,18.7,677,22,68,298,320,89,676,31,15,48.4,15,48.4,347,1102,318,8,12,4,46,17,502,113,Matches,48,2.56,35,1,3,7,2,0,5,0.27,2,0,1,2,0,0
290,Phillipp Mwene,at AUT,DF,Mainz 05,31-115,1994.0,29.0,1555,68,356,628,586,49,1555,50,22,44.0,25,50.0,775,4375,1993,62,49,12,47,26,893,144,Matches,63,2.18,51,8,0,1,2,1,10,0.35,8,1,0,0,1,0
168,Piero Hincapié,ec ECU,DF,Leverkusen,23-135,2002.0,29.7,2456,214,824,1288,350,48,2456,17,5,29.4,10,58.8,1366,7178,4318,52,48,6,19,5,1705,72,Matches,35,1.18,27,1,0,6,0,1,3,0.1,3,0,0,0,0,0
156,Péter Gulácsi,hu HUN,GK,RB Leipzig,35-018,1990.0,29.2,994,821,975,20,0,0,994,0,0,,0,,518,2411,1221,0,0,0,1,0,425,0,Matches,2,0.07,2,0,0,0,0,0,0,0.0,0,0,0,0,0,0
164,Ramon Hendriks,nl NED,DF,Stuttgart,23-310,2001.0,12.8,839,67,338,418,86,11,839,9,5,55.6,4,44.4,418,2028,761,8,5,2,6,4,499,22,Matches,13,1.01,8,3,1,1,0,0,2,0.16,2,0,0,0,0,0
42,Ramy Bensebaini,dz ALG,DF,Dortmund,30-038,1995.0,22.5,1766,110,513,914,349,36,1766,18,5,27.8,11,61.1,941,3896,1924,26,32,2,16,6,1094,58,Matches,39,1.74,33,3,0,2,0,1,10,0.45,8,1,0,0,0,1
215,Rani Khedira,de GER,MF,Union Berlin,31-117,1994.0,30.3,1246,81,337,710,207,30,1246,11,5,45.5,6,54.5,506,2097,738,12,10,2,24,10,617,34,Matches,33,1.09,31,0,0,1,0,1,2,0.07,2,0,0,0,0,0
153,Raphaël Guerreiro,pt POR,"DF,MF",Bayern Munich,31-153,1993.0,17.5,1487,34,253,687,554,55,1487,20,10,50.0,9,45.0,820,3556,1831,39,40,5,16,15,1117,126,Matches,54,3.09,49,3,0,2,0,0,10,0.57,8,0,0,2,0,0
235,Rasmus Kristensen,dk DEN,DF,Eint Frankfurt,27-317,1997.0,27.9,1955,125,590,870,509,61,1955,49,22,44.9,24,49.0,1084,4560,2320,51,36,9,37,15,1218,162,Matches,60,2.15,46,4,2,5,2,1,10,0.36,5,0,1,3,0,1
23,Ridle Baku,de GER,"FW,MF",Wolfsburg,27-046,1998.0,13.0,646,15,112,307,234,34,646,20,9,45.0,10,50.0,352,1626,643,16,9,8,15,10,391,78,Matches,31,2.38,22,2,1,3,1,2,4,0.31,3,0,0,0,1,0
24,Ridle Baku,de GER,"DF,MF",RB Leipzig,27-046,1998.0,14.2,796,32,151,356,295,32,796,24,16,66.7,6,25.0,383,1742,863,21,17,3,26,14,503,97,Matches,31,2.38,22,2,1,3,1,2,4,0.31,3,0,0,0,1,0
102,Ritsu Doan,jp JPN,"FW,MF",Freiburg,26-342,1998.0,31.8,1537,40,215,665,679,108,1537,127,56,44.1,59,46.5,827,4440,2089,64,54,26,58,62,1031,178,Matches,111,3.49,68,2,14,9,15,3,16,0.5,11,1,1,1,1,1
14,Robert Andrich,de GER,"MF,DF",Leverkusen,30-244,1994.0,17.8,1114,45,252,646,220,20,1114,5,2,40.0,1,20.0,526,2140,886,8,14,1,7,1,792,17,Matches,33,1.86,25,0,1,5,1,1,4,0.23,3,0,0,1,0,0
157,Robert Gumny,pl POL,DF,Augsburg,26-354,1998.0,3.0,170,10,41,59,70,5,170,8,2,25.0,4,50.0,87,368,138,5,4,0,3,1,95,13,Matches,8,2.66,5,2,0,0,1,0,0,0.0,0,0,0,0,0,0
408,Robert Skov,dk DEN,"DF,MF",Union Berlin,29-004,1996.0,9.5,564,19,111,261,200,23,563,17,5,29.4,11,64.7,263,1450,760,25,11,8,21,3,291,45,Matches,37,3.9,20,13,1,2,1,0,5,0.53,4,0,1,0,0,0
464,Robert Wagner,de GER,MF,St. Pauli,21-314,2003.0,4.5,183,9,44,100,40,3,183,2,1,50.0,1,50.0,59,209,72,1,2,0,5,6,92,9,Matches,3,0.67,3,0,0,0,0,0,0,0.0,0,0,0,0,0,0
143,Robin Gosens,de GER,DF,Union Berlin,30-323,1994.0,1.0,51,1,12,20,19,1,51,0,0,,0,,17,61,37,1,2,0,2,0,26,5,Matches,5,5.0,3,0,0,1,0,1,1,1.0,1,0,0,0,0,0
160,Robin Hack,de GER,"FW,MF",Gladbach,26-270,1998.0,24.1,1186,26,208,565,431,84,1186,63,25,39.7,33,52.4,684,3945,1823,51,46,21,65,44,809,141,Matches,75,3.11,56,6,3,6,3,1,11,0.46,10,0,0,0,1,0
181,Robin Hranáč,cz CZE,DF,Hoffenheim,25-115,2000.0,2.4,170,14,64,104,3,1,170,0,0,,0,,107,466,248,2,2,0,1,0,118,0,Matches,1,0.41,1,0,0,0,0,0,0,0.0,0,0,0,0,0,0
222,Robin Koch,de GER,DF,Eint Frankfurt,28-311,1996.0,28.7,2148,399,1075,1019,60,29,2148,3,1,33.3,2,66.7,1244,5204,2780,9,6,0,12,3,1397,4,Matches,21,0.73,18,0,0,3,0,0,4,0.14,4,0,0,0,0,0
488,Robin Zentner,de GER,GK,Mainz 05,30-208,1994.0,32.0,1287,943,1255,31,1,1,1287,0,0,,0,,751,3707,2055,0,0,0,2,0,664,0,Matches,8,0.25,8,0,0,0,0,0,0,0.0,0,0,0,0,0,0
353,Rocco Reitz,de GER,MF,Gladbach,22-360,2002.0,20.3,1199,75,374,658,184,37,1199,36,17,47.2,17,47.2,614,2915,1259,18,13,1,25,23,726,30,Matches,45,2.21,35,0,2,1,2,5,5,0.25,4,0,1,0,0,0
373,Roland Sallai,hu HUN,"FW,MF",Freiburg,28-002,1997.0,0.5,25,0,3,7,15,2,25,1,0,0.0,1,100.0,16,173,88,4,1,2,1,1,18,2,Matches,3,5.87,2,1,0,0,0,0,0,0.0,0,0,0,0,0,0
387,Romano Schmid,at AUT,MF,Werder Bremen,25-117,2000.0,31.5,1988,25,244,940,832,104,1987,95,45,47.4,45,47.4,1315,6932,3864,107,76,28,75,55,1502,201,Matches,151,4.8,111,16,5,11,7,1,13,0.41,10,1,0,1,1,0
452,Ruben Vargas,ch SUI,"MF,FW",Augsburg,26-292,1998.0,3.4,179,2,14,75,91,12,179,12,6,50.0,5,41.7,109,706,285,9,3,1,11,7,137,24,Matches,17,5.0,8,5,1,2,1,0,0,0.0,0,0,0,0,0,0
53,Sacha Boey,fr FRA,DF,Bayern Munich,24-253,2000.0,6.6,580,16,83,272,226,11,580,19,6,31.6,11,57.9,360,1543,745,18,9,4,11,7,416,63,Matches,11,1.67,8,0,2,0,1,0,3,0.46,2,0,1,0,0,0
325,Salih Özcan,tr TUR,MF,Wolfsburg,27-133,1998.0,3.9,252,8,37,164,52,3,252,6,4,66.7,2,33.3,128,611,268,6,5,0,5,1,142,5,Matches,11,2.8,7,2,1,1,0,0,0,0.0,0,0,0,0,0,0
326,Salih Özcan,tr TUR,MF,Dortmund,27-133,1998.0,4.3,307,13,76,172,60,7,307,2,2,100.0,0,0.0,127,540,226,4,6,2,4,1,161,4,Matches,11,2.8,7,2,1,1,0,0,0,0.0,0,0,0,0,0,0
25,Samuel Bamba,de GER,"FW,MF",Bochum,21-100,2004.0,0.3,31,0,2,11,19,1,31,4,1,25.0,3,75.0,20,134,69,3,2,1,3,0,22,8,Matches,2,6.67,2,0,0,0,0,0,0,0.0,0,0,0,0,0,0
118,Samuel Essende,cd COD,FW,Augsburg,27-121,1998.0,18.2,564,10,43,262,270,93,564,52,14,26.9,32,61.5,347,1652,699,33,19,20,86,37,433,118,Matches,27,1.48,14,1,3,4,5,0,3,0.16,2,0,1,0,0,0
27,Scott Banks,sct SCO,"FW,MF",St. Pauli,23-240,2001.0,1.3,48,2,11,12,26,6,48,7,2,28.6,3,42.9,24,151,63,3,1,3,0,2,28,8,Matches,3,2.35,0,0,1,1,1,0,1,0.78,0,0,0,1,0,0
55,Sebastiaan Bornauw,be BEL,DF,Wolfsburg,26-063,1999.0,8.8,428,50,170,239,21,10,428,1,0,0.0,1,100.0,206,920,379,3,2,0,2,1,230,1,Matches,4,0.46,3,0,0,1,0,0,1,0.11,0,0,0,1,0,0
251,Senne Lynen,be BEL,MF,Werder Bremen,26-094,1999.0,30.4,1717,122,526,974,229,13,1717,28,12,42.9,13,46.4,849,3002,1129,9,14,3,35,15,959,28,Matches,32,1.05,28,0,1,2,0,1,6,0.2,6,0,0,0,0,0
140,Serge Gnabry,de GER,"FW,MF",Bayern Munich,29-314,1995.0,13.8,758,9,68,288,407,96,757,40,18,45.0,20,50.0,468,2491,1226,44,22,25,25,7,581,149,Matches,56,4.06,44,0,8,2,0,2,13,0.94,8,0,4,0,0,1
155,Serhou Guirassy,gn GUI,FW,Dortmund,29-073,1996.0,28.9,965,40,76,485,410,160,961,39,11,28.2,21,53.8,528,2195,904,25,22,12,76,30,747,128,Matches,53,1.84,36,0,1,10,6,0,10,0.35,5,0,0,3,2,0
126,Shiō Fukuda,jp JPN,FW,Gladbach,21-046,2004.0,0.7,18,0,0,6,12,5,18,3,1,33.3,2,66.7,8,22,7,0,1,0,1,1,13,3,Matches,2,3.0,2,0,0,0,0,0,1,1.5,1,0,0,0,0,0
252,Shuto Machino,jp JPN,"FW,MF",Holstein Kiel,25-236,1999.0,21.7,899,33,139,389,377,63,897,18,10,55.6,6,33.3,449,1976,945,30,17,13,44,20,581,108,Matches,74,3.41,48,19,2,3,2,0,9,0.41,8,1,0,0,0,0
450,Siebe Van Der Heyden,be BEL,"DF,MF",St. Pauli,26-359,1998.0,9.7,602,54,249,284,72,11,602,5,1,20.0,4,80.0,265,1214,572,10,6,0,3,4,364,26,Matches,8,0.83,6,0,0,0,0,2,0,0.0,0,0,0,0,0,0
475,Silvan Widmer,ch SUI,DF,Mainz 05,32-080,1993.0,5.6,363,26,101,145,119,12,363,4,0,0.0,4,100.0,146,478,112,3,3,1,8,3,190,36,Matches,10,1.78,7,2,0,1,0,0,2,0.36,1,1,0,0,0,0
85,Sirlord Conteh,de GER,"FW,MF",Heidenheim,28-319,1996.0,9.9,301,4,38,120,152,34,301,13,6,46.2,6,46.2,195,1243,705,29,11,12,23,8,218,75,Matches,28,2.82,24,0,1,0,3,0,4,0.4,4,0,0,0,0,0
10,Skelly Alvero,fr FRA,MF,Werder Bremen,23-020,2002.0,2.6,136,15,49,68,19,2,136,3,2,66.7,1,33.3,70,306,132,1,1,0,6,4,74,0,Matches,2,0.76,2,0,0,0,0,0,0,0.0,0,0,0,0,0,0
293,Stanley N'Soki,fr FRA,DF,Hoffenheim,26-045,1999.0,14.5,1005,110,480,486,50,4,1005,16,11,68.8,3,18.8,529,2262,1033,10,8,0,16,5,615,6,Matches,19,1.31,17,1,0,1,0,0,1,0.07,1,0,0,0,0,0
39,Stefan Bell,de GER,DF,Mainz 05,33-273,1991.0,16.0,952,129,514,402,41,30,952,6,2,33.3,3,50.0,415,1963,991,8,1,1,13,4,484,5,Matches,10,0.63,7,0,0,2,0,1,3,0.19,2,0,0,1,0,0
241,Stefan Lainer,at AUT,DF,Gladbach,32-270,1992.0,8.4,565,33,196,239,132,6,565,10,5,50.0,5,50.0,288,1620,867,25,20,2,7,7,323,32,Matches,15,1.78,15,0,0,0,0,0,1,0.12,1,0,0,0,0,0
383,Stefan Schimmer,de GER,"FW,MF",Heidenheim,31-026,1994.0,2.7,84,5,7,33,44,15,84,1,0,0.0,1,100.0,38,133,23,0,0,0,5,0,48,15,Matches,4,1.45,3,0,0,0,1,0,0,0.0,0,0,0,0,0,0
282,Steve Mounié,bj BEN,"FW,MF",Augsburg,30-237,1994.0,3.9,164,5,14,58,92,36,164,4,1,25.0,3,75.0,86,349,152,8,5,3,12,5,129,27,Matches,7,1.82,2,0,1,4,0,0,0,0.0,0,0,0,0,0,0
409,Steven Skrzybski,de GER,"MF,FW",Holstein Kiel,32-187,1992.0,14.7,619,9,97,311,221,45,618,22,13,59.1,9,40.9,313,1282,552,17,16,6,40,22,398,71,Matches,51,3.47,34,2,2,8,4,1,5,0.34,4,1,0,0,0,0
444,Sven Ulreich,de GER,GK,Bayern Munich,36-294,1988.0,1.0,30,18,27,3,0,0,30,0,0,,0,,13,55,30,0,0,0,0,0,24,0,Matches,0,0.0,0,0,0,0,0,0,0,0.0,0,0,0,0,0,0
90,Thomas Dähne,de GER,GK,Holstein Kiel,31-140,1994.0,9.0,432,355,425,7,0,0,432,0,0,,0,,234,1112,603,0,0,0,0,0,213,0,Matches,1,0.11,1,0,0,0,0,0,0,0.0,0,0,0,0,0,0
212,Thomas Keller,de GER,"DF,MF",Heidenheim,25-292,1999.0,1.6,115,11,53,56,6,0,115,0,0,,0,,51,203,101,0,2,0,2,0,71,0,Matches,1,0.61,1,0,0,0,0,0,0,0.0,0,0,0,0,0,0
287,Thomas Müller,de GER,"MF,FW",Bayern Munich,35-253,1989.0,13.6,763,13,46,274,443,103,763,17,8,47.1,8,47.1,386,1527,828,24,19,7,24,20,619,143,Matches,73,5.36,62,2,3,6,0,0,9,0.66,7,0,1,1,0,0
72,Tiago Cardoso,lu LUX,GK,Gladbach,19-047,2006.0,4.2,189,175,189,0,0,0,189,0,0,,0,,101,568,365,0,0,0,0,0,94,0,Matches,0,0.0,0,0,0,0,0,0,0,0.0,0,0,0,0,0,0
435,Tiago Tomás,pt POR,"FW,MF",Wolfsburg,22-342,2002.0,20.9,782,18,114,342,339,78,782,80,29,36.3,42,52.5,503,2477,987,31,19,14,55,35,556,125,Matches,55,2.63,33,0,7,8,6,1,8,0.38,4,0,1,2,1,0
141,Tidiam Gomis,fr FRA,"MF,FW",RB Leipzig,18-289,2006.0,1.7,70,0,6,25,40,10,70,7,5,71.4,1,14.3,33,247,143,5,2,1,4,3,47,14,Matches,9,5.33,6,0,2,1,0,0,1,0.59,1,0,0,0,0,0
58,Tim Breithaupt,de GER,MF,Augsburg,23-106,2002.0,1.3,75,2,18,49,8,1,75,2,2,100.0,0,0.0,44,174,67,1,0,0,3,2,47,1,Matches,3,2.25,3,0,0,0,0,0,2,1.5,2,0,0,0,0,0
107,Tim Drexler,de GER,DF,Hoffenheim,20-079,2005.0,4.0,223,18,91,125,11,0,223,0,0,,0,,128,483,208,2,2,0,3,5,143,2,Matches,6,1.51,6,0,0,0,0,0,1,0.25,1,0,0,0,0,0
217,Tim Kleindienst,de GER,FW,Gladbach,29-266,1995.0,30.4,1149,74,145,613,403,137,1147,37,14,37.8,23,62.2,545,2407,1024,45,21,24,82,42,797,145,Matches,68,2.24,48,1,1,10,4,4,14,0.46,9,1,0,1,2,1
312,Tim Oermann,de GER,DF,Bochum,21-230,2003.0,24.6,1172,93,443,631,107,2,1172,14,6,42.9,7,50.0,605,2826,1203,15,14,3,24,9,639,16,Matches,20,0.81,18,1,0,0,0,1,3,0.12,3,0,0,0,0,0
395,Tim Siersleben,de GER,DF,Heidenheim,25-076,2000.0,13.1,869,113,505,309,59,7,869,6,3,50.0,3,50.0,472,2077,990,8,8,1,5,4,560,12,Matches,15,1.14,14,1,0,0,0,0,0,0.0,0,0,0,0,0,0
404,Tim Skarke,de GER,"FW,MF",Union Berlin,28-259,1996.0,12.9,487,10,71,204,216,31,487,24,10,41.7,13,54.2,293,1433,566,26,13,10,34,21,336,96,Matches,34,2.63,26,0,2,3,3,0,4,0.31,3,0,0,1,0,0
35,Timo Becker,de GER,DF,Holstein Kiel,28-060,1997.0,27.2,1325,135,682,519,142,28,1325,26,12,46.2,14,53.8,588,3394,1709,28,26,1,28,10,684,38,Matches,30,1.1,22,1,2,4,0,1,8,0.29,5,0,1,1,0,1
179,Timo Horn,de GER,GK,Bochum,32-012,1993.0,13.0,535,379,525,10,0,0,535,0,0,,0,,285,1421,807,0,0,0,1,0,254,0,Matches,3,0.23,1,2,0,0,0,0,0,0.0,0,0,0,0,0,0
470,Timon Weiner,de GER,GK,Holstein Kiel,26-126,1999.0,25.0,1068,936,1064,4,0,0,1068,0,0,,0,,540,2561,1144,0,0,0,0,0,531,0,Matches,5,0.2,5,0,0,0,0,0,0,0.0,0,0,0,0,0,0
77,Timothy Chandler,us USA,DF,Eint Frankfurt,35-056,1990.0,0.3,31,1,8,14,9,1,31,1,0,0.0,1,100.0,16,72,45,1,2,0,1,0,21,4,Matches,1,3.75,1,0,0,0,0,0,0,0.0,0,0,0,0,0,0
402,Tobias Sippel,de GER,GK,Gladbach,37-063,1988.0,0.7,34,27,34,0,0,0,34,0,0,,0,,16,111,64,0,0,0,0,0,14,0,Matches,0,0.0,0,0,0,0,0,0,0,0.0,0,0,0,0,0,0
50,Tom Bischof,de GER,"MF,FW",Hoffenheim,19-330,2005.0,28.4,1951,76,376,957,634,46,1951,64,29,45.3,32,50.0,962,4689,2092,47,34,9,41,38,1146,102,Matches,117,4.12,67,32,4,8,4,2,7,0.25,6,1,0,0,0,0
234,Tom Krauß,de GER,MF,Bochum,23-336,2001.0,12.0,768,23,157,450,171,8,768,23,12,52.2,11,47.8,430,2192,1021,16,20,1,23,7,461,20,Matches,40,3.34,33,0,1,0,5,1,1,0.08,0,0,0,0,0,1
364,Tom Rothe,de GER,"DF,MF",Union Berlin,20-207,2004.0,18.6,1074,65,324,411,342,38,1074,20,5,25.0,15,75.0,456,2080,889,25,11,3,23,31,522,91,Matches,35,1.89,24,5,0,3,3,0,7,0.38,4,1,0,1,1,0
88,Tomáš Čvančara,cz CZE,FW,Gladbach,24-284,2000.0,9.2,336,19,47,152,138,36,336,17,6,35.3,9,52.9,185,899,352,15,7,5,18,6,235,50,Matches,15,1.62,13,0,0,1,1,0,1,0.11,1,0,0,0,0,0
442,Tuta,br BRA,"DF,MF",Eint Frankfurt,25-324,1999.0,25.3,1772,215,831,838,108,26,1772,17,13,76.5,4,23.5,1007,4503,1884,11,9,2,22,7,1130,12,Matches,26,1.03,23,1,0,2,0,0,1,0.04,1,0,0,0,0,0
349,Tymoteusz Puchacz,pl POL,DF,Holstein Kiel,26-121,1999.0,4.4,247,15,74,94,87,2,247,19,9,47.4,8,42.1,109,703,353,13,11,0,8,5,125,30,Matches,14,3.18,9,5,0,0,0,0,1,0.23,1,0,0,0,0,0
433,Umut Tohumcu,de GER,"MF,FW",Hoffenheim,20-286,2004.0,4.2,169,8,45,90,36,0,169,7,4,57.1,3,42.9,91,368,193,3,2,0,3,7,102,5,Matches,6,1.44,2,2,0,1,1,0,1,0.24,1,0,0,0,0,0
132,Valentin Gendrey,fr FRA,DF,Hoffenheim,24-337,2000.0,15.7,874,61,241,337,302,28,874,11,3,27.3,8,72.7,363,1547,852,24,15,7,24,11,425,86,Matches,37,2.36,27,5,1,2,2,0,4,0.25,1,2,0,0,1,0
54,Victor Boniface,ng NGA,FW,Leverkusen,24-152,2000.0,11.2,400,5,24,163,215,77,399,35,15,42.9,19,54.3,207,1148,507,26,12,15,43,29,319,61,Matches,32,2.86,19,0,5,8,0,0,3,0.27,1,0,2,0,0,0
129,Viggo Gebel,de GER,MF,RB Leipzig,17-183,2007.0,0.2,6,0,0,3,3,1,6,1,0,0.0,1,100.0,5,18,4,0,0,0,1,0,5,3,Matches,1,6.43,0,0,0,0,1,0,0,0.0,0,0,0,0,0,0
148,Vincenzo Grifo,it ITA,"FW,MF",Freiburg,32-047,1993.0,27.0,1768,35,240,921,618,71,1765,45,25,55.6,19,42.2,939,4935,2516,58,35,21,36,17,1186,147,Matches,121,4.48,69,33,6,12,1,0,15,0.56,10,4,1,0,0,0
15,Waldemar Anton,de GER,DF,Dortmund,28-308,1996.0,21.7,2126,189,793,1162,179,32,2126,24,20,83.3,2,8.3,1386,6989,3497,32,28,0,21,9,1542,28,Matches,41,1.9,32,0,6,2,0,1,5,0.23,4,0,0,1,0,0
321,Willi Orban,hu HUN,DF,RB Leipzig,32-202,1992.0,24.7,2101,268,954,1061,97,45,2101,4,3,75.0,0,0.0,1083,5180,2827,15,6,2,15,4,1320,8,Matches,21,0.85,18,0,0,1,0,2,3,0.12,3,0,0,0,0,0
384,Xaver Schlager,at AUT,MF,RB Leipzig,27-238,1997.0,2.0,123,5,30,80,14,1,123,1,1,100.0,0,0.0,56,310,225,5,0,0,3,2,89,2,Matches,2,0.99,2,0,0,0,0,0,0,0.0,0,0,0,0,0,0
400,Xavi Simons,nl NED,MF,RB Leipzig,22-033,2003.0,23.9,1557,13,149,766,672,82,1557,100,33,33.0,56,56.0,869,5261,2765,85,71,22,73,55,1112,185,Matches,108,4.52,77,13,3,3,11,1,12,0.5,8,1,1,2,0,0
87,Yan Couto,br BRA,"DF,FW",Dortmund,22-355,2002.0,9.9,849,28,227,381,249,16,849,33,13,39.4,18,54.5,483,2871,1469,46,32,6,14,7,547,83,Matches,29,2.92,26,0,2,1,0,0,2,0.2,2,0,0,0,0,0
133,Yannick Gerhardt,de GER,"MF,DF",Wolfsburg,31-072,1994.0,16.9,854,49,222,407,231,32,854,8,1,12.5,7,87.5,438,1950,1001,27,14,5,19,3,519,63,Matches,29,1.72,23,0,1,1,4,0,2,0.12,1,0,0,0,1,0
210,Yannik Keitel,de GER,MF,Stuttgart,25-098,2000.0,3.0,225,7,50,143,35,4,225,1,1,100.0,0,0.0,105,405,182,2,0,1,2,1,164,3,Matches,2,0.67,2,0,0,0,0,0,0,0.0,0,0,0,0,0,0
249,Yannik Lührs,de GER,DF,Dortmund,21-257,2003.0,1.4,176,11,89,84,4,0,176,0,0,,0,,131,536,147,2,0,0,0,1,140,1,Matches,2,1.41,2,0,0,0,0,0,0,0.0,0,0,0,0,0,0
458,Yorbe Vertessen,be BEL,"MF,FW",Union Berlin,24-136,2001.0,8.0,342,5,41,130,174,26,342,51,19,37.3,27,52.9,194,1227,503,18,14,4,28,17,227,42,Matches,32,4.0,17,6,6,0,3,0,0,0.0,0,0,0,0,0,0
344,Yussuf Poulsen,dk DEN,"FW,MF",RB Leipzig,30-343,1994.0,4.2,221,14,37,91,94,32,221,6,1,16.7,4,66.7,89,362,111,2,4,0,16,10,148,30,Matches,15,3.57,12,0,0,1,2,0,2,0.48,1,0,0,1,0,0
201,Yusuf Kabadayi,de GER,"FW,MF",Augsburg,21-111,2004.0,0.8,42,0,2,16,25,2,42,6,2,33.3,3,50.0,29,246,73,2,4,0,6,0,30,8,Matches,4,5.07,4,0,0,0,0,0,0,0.0,0,0,0,0,0,0
150,Álex Grimaldo,es ESP,DF,Leverkusen,29-246,1995.0,29.3,2365,53,376,906,1099,87,2365,50,20,40.0,25,50.0,1310,5845,3220,86,52,20,53,13,1686,252,Matches,129,4.4,72,41,6,7,3,0,11,0.38,5,4,0,1,1,0
